# Made in Blockbench 4.12.6
mtllib sphere.mtl

o Sphere
v 4.2185472135394146e-7 0.12148109374999999 -0.15284846576173036
v 4.2185472135394146e-7 0.13875546875 -0.1557849898177154
v 0.014123305493025496 0.13875546875 -0.15514153086251767
v 0.013856361220986902 0.12148109374999999 -0.15221720063512967
v 4.2185472135394146e-7 0.30373171875 -0.05206991169216826
v 4.2185472135394146e-7 0.3085825 -0.03522398115421906
v 0.0031629612837031753 0.3085825 -0.03507984384695659
v 0.004694452455662298 0.30373171875 -0.05185605069831245
v 4.2185472135394146e-7 0.10464390625 -0.1479953219801077
v 0.013415152977447704 0.10464390625 -0.147384067238897
v 4.2185472135394146e-7 0.29702640625 -0.06826644269175704
v 0.006166865796924356 0.29702640625 -0.0679855156406175
v 4.2185472135394146e-7 0.088455625 -0.14128637128469676
v 0.012805150931916889 0.088455625 -0.14070294348566909
v 4.2185472135394146e-7 0.288550625 -0.08361018734523219
v 0.007561759021716189 0.288550625 -0.08326563352179782
v 4.2185472135394146e-7 0.07312 -0.13280618881999762
v 0.012034325902821837 0.07312 -0.13225793552653828
v 4.2185472135394146e-7 0.27841109375 -0.09790776403753548
v 0.008861627587609042 0.27841109375 -0.09750411704474625
v 4.2185472135394146e-7 0.058829687500000005 -0.12266139242066634
v 0.011112055323606535 0.058829687500000005 -0.12215519220275324
v 4.2185472135394146e-7 0.26673546875 -0.11097970462470023
v 0.010050060986075943 0.26673546875 -0.11052181072776773
v 4.2185472135394146e-7 0.04576453124999999 -0.11097970462470023
v 0.010050060986075943 0.04576453124999999 -0.11052181072776773
v 4.2185472135394146e-7 0.2536703125 -0.12266139242066634
v 0.011112055323606535 0.2536703125 -0.12215519220275324
v 4.2185472135394146e-7 0.034088906249999995 -0.09790776403753548
v 0.008861627587609042 0.034088906249999995 -0.09750411704474625
v 4.2185472135394146e-7 0.23937999999999998 -0.13280618881999762
v 0.012034325902821837 0.23937999999999998 -0.13225793552653828
v 4.2185472135394146e-7 0.023949374999999995 -0.08361003101409635
v 0.007561759021716189 0.023949374999999995 -0.08326563352179782
v 4.2185472135394146e-7 0.22404437500000002 -0.14128637128469676
v 0.012805150931916889 0.22404437500000002 -0.14070294348566909
v 4.2185472135394146e-7 0.015473593749999986 -0.06826644269175704
v 0.006166865796924356 0.015473593749999986 -0.0679855156406175
v 4.2185472135394146e-7 0.20785609375 -0.1479953219801077
v 0.013415152977447704 0.20785609375 -0.147384067238897
v 4.2185472135394146e-7 0.00876828125000001 -0.05206991169216826
v 0.004694452455662298 0.00876828125000001 -0.05185605069831245
v 4.2185472135394146e-7 0.19101890625 -0.15284846576173036
v 0.013856361220986902 0.19101890625 -0.15221720063512967
v 4.2185472135394146e-7 0.0039174999999999904 -0.03522398115421906
v 0.0031629612837031753 0.0039174999999999904 -0.03507984384695659
v 4.2185472135394146e-7 0.173744375 -0.1557849898177154
v 0.014123305493025496 0.173744375 -0.15514153086251767
v 4.2185472135394146e-7 0.0009824999999999973 -0.017940479766999088
v 0.0015916160196071424 0.0009824999999999973 -0.017868098451096135
v 4.2185472135394146e-7 0.15625 -0.15676800000000002
v 0.014212703691858094 0.15625 -0.1561204764352699
v 4.2185472135394146e-7 0.3115175 -0.017940479766999088
v 4.2185472135394146e-7 0.3125 -0.0004370204716247888
v 0.0015916160196071424 0.3115175 -0.017868098451096135
v 4.2185472135394146e-7 0 -0.0004370204716247888
v 0.0283071424487155 0.15625 -0.15418275200629128
v 0.028129127503837306 0.13875546875 -0.15321600026213608
v 0.003169838068228759 0.3115175 -0.017651110834523132
v 0.006299243899041854 0.3085825 -0.03464868257425606
v 0.027597427027563716 0.12148109374999999 -0.15032793885826745
v 0.009349566707810732 0.30373171875 -0.05121603102810361
v 0.026718761513862908 0.10464390625 -0.14555499294934074
v 0.012282202726857675 0.29702640625 -0.06714476679196504
v 0.02550391501119546 0.088455625 -0.13895703736039006
v 0.015060579965751171 0.288550625 -0.08223462968080436
v 0.023968360284743948 0.07312 -0.1306172402556927
v 0.01764937675851889 0.27841109375 -0.09629583369568807
v 0.022131477363625918 0.058829687500000005 -0.12064018716513873
v 0.02001624095977912 0.26673546875 -0.10915156832195913
v 0.02001624095977912 0.04576453124999999 -0.10915156832195913
v 0.022131477363625918 0.2536703125 -0.12064018716513873
v 0.01764937675851889 0.034088906249999995 -0.09629583369568807
v 0.023968360284743948 0.23937999999999998 -0.1306172402556927
v 0.015060579965751171 0.023949374999999995 -0.08223462968080436
v 0.02550391501119546 0.22404437500000002 -0.13895703736039006
v 0.012282202726857675 0.015473593749999986 -0.06714476679196504
v 0.026718761513862908 0.20785609375 -0.14555499294934074
v 0.009349566707810732 0.00876828125000001 -0.05121603102810361
v 0.027597427027563716 0.19101890625 -0.15032793885826745
v 0.006299243899041854 0.0039174999999999904 -0.03464868257425606
v 0.028129127503837306 0.173744375 -0.15321600026213608
v 0.003169838068228759 0.0009824999999999973 -0.017651110834523132
v 0.018295794503923827 0.015473593749999986 -0.06575123104691336
v 0.013927160843488945 0.00876828125000001 -0.05015516794016096
v 0.03980090633044281 0.20785609375 -0.14252357589388895
v 0.04110983974866483 0.19101890625 -0.14719678253813734
v 0.009383325468209055 0.0039174999999999904 -0.03393393662110637
v 0.041901920293566236 0.173744375 -0.15002450012356414
v 0.004721647012649837 0.0009824999999999973 -0.01729154922204626
v 0.04216714536947344 0.15625 -0.15097092882005764
v 0.004721647012649837 0.3115175 -0.01729154922204626
v 0.041901920293566236 0.13875546875 -0.15002450012356414
v 0.009383325468209055 0.3085825 -0.03393393662110637
v 0.04110983974866483 0.12148109374999999 -0.14719678253813734
v 0.013927160843488945 0.30373171875 -0.05015516794016096
v 0.03980090633044281 0.10464390625 -0.14252357589388895
v 0.018295794503923827 0.29702640625 -0.06575123104691336
v 0.037991217966312316 0.088455625 -0.13606334803563053
v 0.02243452475442383 0.288550625 -0.0805259303658599
v 0.03570390565876851 0.07312 -0.12789770381628068
v 0.026290994258260078 0.27841109375 -0.09429338817646363
v 0.032967726870372915 0.058829687500000005 -0.11812919646096326
v 0.029816752942638674 0.26673546875 -0.10688054591132799
v 0.029816752942638674 0.04576453124999999 -0.10688054591132799
v 0.032967726870372915 0.2536703125 -0.11812919646096326
v 0.026290994258260078 0.034088906249999995 -0.09429338817646363
v 0.03570390565876851 0.23937999999999998 -0.12789770381628068
v 0.02243452475442383 0.023949374999999995 -0.0805259303658599
v 0.037991217966312316 0.22404437500000002 -0.13606334803563053
v 0.03937016955424938 0.26673546875 -0.10372750323217753
v 0.04353062419222794 0.2536703125 -0.11464285580016031
v 0.03937016955424938 0.04576453124999999 -0.10372750323217753
v 0.034714586430428754 0.034088906249999995 -0.09151319525633807
v 0.04714359300763554 0.23937999999999998 -0.12412215055413761
v 0.029622483779790917 0.023949374999999995 -0.07815344904805595
v 0.050163908029383676 0.22404437500000002 -0.1320459505063128
v 0.02415778444031232 0.015473593749999986 -0.06381647690951606
v 0.05255327807090946 0.20785609375 -0.13831467272314335
v 0.01838941254780621 0.00876828125000001 -0.048682528640364375
v 0.05428169534519214 0.19101890625 -0.14284952631215603
v 0.012389730630348633 0.0039174999999999904 -0.03294170290180606
v 0.05532759175531056 0.173744375 -0.1455932940776263
v 0.006234227027163603 0.0009824999999999973 -0.01679222757411098
v 0.05567768260388577 0.15625 -0.14651189583193677
v 0.006234227027163603 0.3115175 -0.01679222757411098
v 0.05532759175531056 0.13875546875 -0.1455932940776263
v 0.012389730630348633 0.3085825 -0.03294170290180606
v 0.05428169534519214 0.12148109374999999 -0.14284952631215603
v 0.01838941254780621 0.30373171875 -0.048682528640364375
v 0.05255327807090946 0.10464390625 -0.13831467272314335
v 0.02415778444031232 0.29702640625 -0.06381647690951606
v 0.050163908029383676 0.088455625 -0.1320459505063128
v 0.029622483779790917 0.288550625 -0.07815344904805595
v 0.04714359300763554 0.07312 -0.12412215055413761
v 0.034714586430428754 0.27841109375 -0.09151319525633807
v 0.04353062419222794 0.058829687500000005 -0.11464285580016031
v 0.06487006802790331 0.10464390625 -0.1329633016115364
v 0.061920708919214584 0.088455625 -0.12693783064210326
v 0.029819722463229264 0.29702640625 -0.061356606486766656
v 0.036565066630040555 0.288550625 -0.07513719611278255
v 0.058192710253560855 0.07312 -0.11932153403416376
v 0.042850603976982087 0.27841109375 -0.0879782356122828
v 0.05373280290760458 0.058829687500000005 -0.11021024277399974
v 0.04859725148200964 0.26673546875 -0.09971854758419622
v 0.04859725148200964 0.04576453124999999 -0.09971854758419622
v 0.05373280290760458 0.2536703125 -0.11021024277399974
v 0.042850603976982087 0.034088906249999995 -0.0879782356122828
v 0.058192710253560855 0.23937999999999998 -0.11932153403416376
v 0.036565066630040555 0.023949374999999995 -0.07513719611278255
v 0.061920708919214584 0.22404437500000002 -0.12693783064210326
v 0.029819722463229264 0.015473593749999986 -0.061356606486766656
v 0.06487006802790331 0.20785609375 -0.1329633016115364
v 0.02269928095865883 0.00876828125000001 -0.046809994295039146
v 0.06700374671752325 0.19101890625 -0.1373221263415713
v 0.015293452896276642 0.0039174999999999904 -0.0316801106354198
v 0.06829470672164435 0.173744375 -0.13995943260352126
v 0.007695387448292888 0.0009824999999999973 -0.016157366831385505
v 0.06872685011285434 0.15625 -0.14084239085885578
v 0.007695387448292888 0.3115175 -0.016157366831385505
v 0.06829470672164435 0.13875546875 -0.13995943260352126
v 0.015293452896276642 0.3085825 -0.0316801106354198
v 0.06700374671752325 0.12148109374999999 -0.1373221263415713
v 0.02269928095865883 0.30373171875 -0.046809994295039146
v 0.009092625031445712 0.0009824999999999973 -0.015392438583624915
v 0.08120649483065863 0.15625 -0.1340093132415724
v 0.080695893579634 0.13875546875 -0.1331695023797351
v 0.009092625031445712 0.3115175 -0.015392438583624915
v 0.018070423520153537 0.3085825 -0.03015963400805019
v 0.07917049773941345 0.12148109374999999 -0.13066038764918994
v 0.026821131828959673 0.30373171875 -0.04455319801777124
v 0.07664953104855717 0.10464390625 -0.12651370427051642
v 0.035234408824339966 0.29702640625 -0.05839194282632689
v 0.07316456419965987 0.088455625 -0.12078151051195574
v 0.04320460208949228 0.288550625 -0.07150171554836962
v 0.06875951483935087 0.07312 -0.1135358750271391
v 0.05063152937712342 0.27841109375 -0.08371805582897528
v 0.06348986611550704 0.058829687500000005 -0.10486809519940851
v 0.05742172893390841 0.26673546875 -0.09488697749932216
v 0.05742172893390841 0.04576453124999999 -0.09488697749932216
v 0.06348986611550704 0.2536703125 -0.10486809519940851
v 0.05063152937712342 0.034088906249999995 -0.08371805582897528
v 0.06875951483935087 0.23937999999999998 -0.1135358750271391
v 0.04320460208949228 0.023949374999999995 -0.07150171554836962
v 0.07316456419965987 0.22404437500000002 -0.12078151051195574
v 0.035234408824339966 0.015473593749999986 -0.05839194282632689
v 0.07664953104855717 0.20785609375 -0.12651370427051642
v 0.026821131828959673 0.00876828125000001 -0.04455319801777124
v 0.07917049773941345 0.19101890625 -0.13066038764918994
v 0.018070423520153537 0.0039174999999999904 -0.03015963400805019
v 0.080695893579634 0.173744375 -0.1331695023797351
v 0.04035714442422815 0.015473593749999986 -0.05494687358539084
v 0.030720581236080825 0.00876828125000001 -0.04193089954486381
v 0.08779367295338147 0.20785609375 -0.11901950227968318
v 0.09068129729189735 0.19101890625 -0.12291965145710625
v 0.02069766779004157 0.0039174999999999904 -0.02839293584170186
v 0.09242846943306793 0.173744375 -0.12527962628404143
v 0.010414530565931914 0.0009824999999999973 -0.014503383413991875
v 0.09301330869885743 0.15625 -0.12606956751353954
v 0.010414530565931914 0.3115175 -0.014503383413991875
v 0.09242846943306793 0.13875546875 -0.12527962628404143
v 0.02069766779004157 0.3085825 -0.02839293584170186
v 0.09068129729189735 0.12148109374999999 -0.12291965145710625
v 0.030720581236080825 0.30373171875 -0.04193089954486381
v 0.08779367295338147 0.10464390625 -0.11901950227968318
v 0.04035714442422815 0.29702640625 -0.05494687358539084
v 0.08380201211739455 0.088455625 -0.11362811039729623
v 0.049486232172498826 0.288550625 -0.06727749192630977
v 0.0787566403434192 0.07312 -0.10681316719177256
v 0.057992970921204104 0.27841109375 -0.07876767408084796
v 0.07272085530720228 0.058829687500000005 -0.09866049845669904
v 0.06577045792908266 0.26673546875 -0.08927265741719956
v 0.06577045792908266 0.04576453124999999 -0.08927265741719956
v 0.07272085530720228 0.2536703125 -0.09866049845669904
v 0.057992970921204104 0.034088906249999995 -0.07876767408084796
v 0.0787566403434192 0.23937999999999998 -0.10681316719177256
v 0.049486232172498826 0.023949374999999995 -0.06727749192630977
v 0.08380201211739455 0.22404437500000002 -0.11362811039729623
v 0.07357404546004694 0.26673546875 -0.08292217401631448
v 0.08134903181900711 0.2536703125 -0.09163904182070497
v 0.07357404546004694 0.04576453124999999 -0.08292217401631448
v 0.0648738190012809 0.034088906249999995 -0.07316820545663201
v 0.08810109647978656 0.23937999999999998 -0.0992089080812942
v 0.05535775583288868 0.023949374999999995 -0.06249954342103554
v 0.09374521737915997 0.22404437500000002 -0.10553656713634378
v 0.045145574521838476 0.015473593749999986 -0.05105032002409253
v 0.09821043860406782 0.20785609375 -0.11054260276883704
v 0.03436558961575534 0.00876828125000001 -0.03896467257306544
v 0.10144065184440368 0.19101890625 -0.11416401353102262
v 0.0231534613184622 0.0039174999999999904 -0.026394398600873867
v 0.10339506526468624 0.173744375 -0.11635530706236538
v 0.011650163712733511 0.0009824999999999973 -0.0134978615481435
v 0.10404929753796116 0.15625 -0.1170888127518182
v 0.011650163712733511 0.3115175 -0.0134978615481435
v 0.10339506526468624 0.13875546875 -0.11635530706236538
v 0.0231534613184622 0.3085825 -0.026394398600873867
v 0.10144065184440368 0.12148109374999999 -0.11416401353102262
v 0.03436558961575534 0.30373171875 -0.03896467257306544
v 0.09821043860406782 0.10464390625 -0.11054260276883704
v 0.045145574521838476 0.29702640625 -0.05105032002409253
v 0.09374521737915997 0.088455625 -0.10553656713634378
v 0.05535775583288868 0.288550625 -0.06249954342103554
v 0.08810109647978656 0.07312 -0.0992089080812942
v 0.0648738190012809 0.27841109375 -0.07316820545663201
v 0.08134903181900711 0.058829687500000005 -0.09163904182070497
v 0.10781339932237421 0.10464390625 -0.10115351108025068
v 0.10291150228009176 0.088455625 -0.09657425944865387
v 0.049559845025034056 0.29702640625 -0.04673433002528314
v 0.0607705667073106 0.288550625 -0.05720710914764765
v 0.09671551942254021 0.07312 -0.09078609914345546
v 0.07121718385446031 0.27841109375 -0.06696608030367762
v 0.08930328344730465 0.058829687500000005 -0.08386172414283015
v 0.08076809981715262 0.26673546875 -0.0758883672205875
v 0.08076809981715262 0.04576453124999999 -0.0758883672205875
v 0.08930328344730465 0.2536703125 -0.08386172414283015
v 0.07121718385446031 0.034088906249999995 -0.06696608030367762
v 0.09671551942254021 0.23937999999999998 -0.09078609914345546
v 0.0607705667073106 0.023949374999999995 -0.05720710914764765
v 0.10291150228009176 0.22404437500000002 -0.09657425944865387
v 0.049559845025034056 0.015473593749999986 -0.04673433002528314
v 0.10781339932237421 0.20785609375 -0.10115351108025068
v 0.03772583659984771 0.00876828125000001 -0.035679217421841956
v 0.11135931948865739 0.19101890625 -0.10446601151797785
v 0.025417330042396057 0.0039174999999999904 -0.02418090604823905
v 0.1135048762606397 0.173744375 -0.10647033301083264
v 0.012789365585619524 0.0009824999999999973 -0.012384158536280344
v 0.11422318766244847 0.15625 -0.10714130624594165
v 0.012789365585619524 0.3115175 -0.012384158536280344
v 0.1135048762606397 0.13875546875 -0.10647033301083264
v 0.025417330042396057 0.3085825 -0.02418090604823905
v 0.11135931948865739 0.12148109374999999 -0.10446601151797785
v 0.03772583659984771 0.30373171875 -0.035679217421841956
v 0.013822446170031179 0.3115175 -0.011171341584282256
v 0.013822446170031179 0.0009824999999999973 -0.011171341584282256
v 0.12345058217132353 0.15625 -0.09630974716677958
v 0.1226742869727195 0.13875546875 -0.09570677797576944
v 0.0274706753855126 0.3085825 -0.02177074892669297
v 0.12035540397258096 0.12148109374999999 -0.09390599962180372
v 0.0407733461785834 0.30373171875 -0.03210173570883291
v 0.11652300321458425 0.10464390625 -0.09092961112617452
v 0.05356338394338337 0.29702640625 -0.04203454708793866
v 0.1112250658998511 0.088455625 -0.0868152882926239
v 0.06567980940579086 0.288550625 -0.05144427448645849
v 0.10452864067750589 0.07312 -0.0816147767271214
v 0.07697023927234124 0.27841109375 -0.06021273156568261
v 0.09651765557687228 0.058829687500000005 -0.07539326651332043
v 0.0872927617169156 0.26673546875 -0.06822923588142248
v 0.0872927617169156 0.04576453124999999 -0.06822923588142248
v 0.09651765557687228 0.2536703125 -0.07539326651332043
v 0.07697023927234124 0.034088906249999995 -0.06021273156568261
v 0.10452864067750589 0.23937999999999998 -0.0816147767271214
v 0.06567980940579086 0.023949374999999995 -0.05144427448645849
v 0.1112250658998511 0.22404437500000002 -0.0868152882926239
v 0.05356338394338337 0.015473593749999986 -0.04203454708793866
v 0.11652300321458425 0.20785609375 -0.09092961112617452
v 0.0407733461785834 0.00876828125000001 -0.03210173570883291
v 0.12035540397258096 0.19101890625 -0.09390599962180372
v 0.0274706753855126 0.0039174999999999904 -0.02177074892669297
v 0.1226742869727195 0.173744375 -0.09570677797576944
v 0.11861714039318211 0.22404437500000002 -0.07634063319662907
v 0.12426688775262187 0.20785609375 -0.07995594704451614
v 0.05712321396927508 0.015473593749999986 -0.036990210327159816
v 0.04348311186277845 0.00876828125000001 -0.02826193034985159
v 0.12835404211918 0.19101890625 -0.08257136694744574
v 0.029296305386497856 0.0039174999999999904 -0.01918362495935392
v 0.130827183899472 0.173744375 -0.0841539070357516
v 0.014741122066426292 0.0009824999999999973 -0.009869728547115967
v 0.1316548986914605 0.15625 -0.08468371325517945
v 0.014741122066426292 0.3115175 -0.009869728547115967
v 0.130827183899472 0.13875546875 -0.0841539070357516
v 0.029296305386497856 0.3085825 -0.01918362495935392
v 0.12835404211918 0.12148109374999999 -0.08257136694744574
v 0.04348311186277845 0.30373171875 -0.02826193034985159
v 0.12426688775262187 0.10464390625 -0.07995594704451614
v 0.05712321396927508 0.29702640625 -0.036990210327159816
v 0.11861714039318211 0.088455625 -0.07634063319662907
v 0.07004484838340558 0.288550625 -0.045258876765041076
v 0.11147544337280531 0.07312 -0.07177060510204797
v 0.08208562921603162 0.27841109375 -0.0529639694581488
v 0.1029321326336685 0.058829687500000005 -0.06630370528104088
v 0.09309426720759045 0.26673546875 -0.06000840677111423
v 0.09309426720759045 0.04576453124999999 -0.06000840677111423
v 0.1029321326336685 0.2536703125 -0.06630370528104088
v 0.08208562921603162 0.034088906249999995 -0.0529639694581488
v 0.11147544337280531 0.23937999999999998 -0.07177060510204797
v 0.07004484838340558 0.023949374999999995 -0.045258876765041076
v 0.1084935758281775 0.058829687500000005 -0.056668235722339914
v 0.0981241662163832 0.04576453124999999 -0.05129388393376165
v 0.0981241662163832 0.26673546875 -0.05129388393376165
v 0.1084935758281775 0.2536703125 -0.056668235722339914
v 0.08652084265391875 0.034088906249999995 -0.04527998146838211
v 0.11749872516443025 0.23937999999999998 -0.06133550178342562
v 0.07382942423083796 0.023949374999999995 -0.03870203626482146
v 0.12502614728046937 0.22404437500000002 -0.06523690160993557
v 0.06020963989680327 0.015473593749999986 -0.03164306015622109
v 0.13098128638906806 0.20785609375 -0.06832350355634575
v 0.04583262781216732 0.00876828125000001 -0.024191536565477498
v 0.13528927931323181 0.19101890625 -0.0705562248386913
v 0.030879216151841464 0.0039174999999999904 -0.01644126417410638
v 0.13789589322954318 0.173744375 -0.0719072385147892
v 0.015537578746934889 0.0009824999999999973 -0.008489793610884063
v 0.13876846341150534 0.15625 -0.07235950449083076
v 0.015537578746934889 0.3115175 -0.008489793610884063
v 0.13789589322954318 0.13875546875 -0.0719072385147892
v 0.030879216151841464 0.3085825 -0.01644126417410638
v 0.13528927931323181 0.12148109374999999 -0.0705562248386913
v 0.04583262781216732 0.30373171875 -0.024191536565477498
v 0.13098128638906806 0.10464390625 -0.06832350355634575
v 0.06020963989680327 0.29702640625 -0.03164306015622109
v 0.12502614728046937 0.088455625 -0.06523690160993557
v 0.07382942423083796 0.288550625 -0.03870203626482146
v 0.11749872516443025 0.07312 -0.06133550178342562
v 0.08652084265391875 0.27841109375 -0.04527998146838211
v 0.13661024710437364 0.10464390625 -0.05612842431021702
v 0.13039910406275432 0.088455625 -0.05359632890270052
v 0.06279718636511182 0.29702640625 -0.026037181955434887
v 0.07700227883660817 0.288550625 -0.03182815622107876
v 0.12254816049289799 0.07312 -0.05039576155824876
v 0.09023915130501371 0.27841109375 -0.03722439436867737
v 0.11315619202708112 0.058829687500000005 -0.04656689937877761
v 0.10234119803614045 0.26673546875 -0.04215804868526767
v 0.10234119803614045 0.04576453124999999 -0.04215804868526767
v 0.11315619202708112 0.2536703125 -0.04656689937877761
v 0.09023915130501371 0.034088906249999995 -0.03722439436867737
v 0.12254816049289799 0.23937999999999998 -0.05039576155824876
v 0.07700227883660817 0.023949374999999995 -0.03182815622107876
v 0.13039910406275432 0.22404437500000002 -0.05359632890270052
v 0.06279718636511182 0.015473593749999986 -0.026037181955434887
v 0.13661024710437364 0.20785609375 -0.05612842431021702
v 0.04780220141651764 0.00876828125000001 -0.019924321881056285
v 0.14110344433905603 0.19101890625 -0.057959999897947055
v 0.03220627927472185 0.0039174999999999904 -0.013566334585649967
v 0.14382196229446548 0.173744375 -0.05906838765119099
v 0.01620525200814617 0.0009824999999999973 -0.007043261610776007
v 0.14473204221020364 0.15625 -0.05943936143658561
v 0.01620525200814617 0.3115175 -0.007043261610776007
v 0.14382196229446548 0.13875546875 -0.05906838765119099
v 0.03220627927472185 0.3085825 -0.013566334585649967
v 0.14110344433905603 0.12148109374999999 -0.057959999897947055
v 0.04780220141651764 0.30373171875 -0.019924321881056285
v 0.01673867168055116 0.3115175 -0.005541857381981264
v 0.01673867168055116 0.0009824999999999973 -0.005541857381981264
v 0.14949640356197444 0.15625 -0.04603037092050777
v 0.14855647214977294 0.13875546875 -0.04574365961734143
v 0.03326639812556364 0.3085825 -0.010582442195499477
v 0.1457482434144161 0.12148109374999999 -0.04488727765510302
v 0.04937589103897467 0.30373171875 -0.015495617133292191
v 0.14110719531243363 0.10464390625 -0.04347185555103101
v 0.06486428527727953 0.29702640625 -0.020219162403287323
v 0.13469162422173567 0.088455625 -0.041515215054613364
v 0.07953715538707302 0.288550625 -0.024694141167265826
v 0.12658233236049762 0.07312 -0.0390420564853159
v 0.09320960963895139 0.27841109375 -0.028863961554046566
v 0.11688106488158687 0.058829687500000005 -0.03608333340803879
v 0.1057100410008898 0.26673546875 -0.03267640896425247
v 0.1057100410008898 0.04576453124999999 -0.03267640896425247
v 0.11688106488158687 0.2536703125 -0.03608333340803879
v 0.09320960963895139 0.034088906249999995 -0.028863961554046566
v 0.12658233236049762 0.23937999999999998 -0.0390420564853159
v 0.07953715538707302 0.023949374999999995 -0.024694141167265826
v 0.13469162422173567 0.22404437500000002 -0.041515215054613364
v 0.06486428527727953 0.015473593749999986 -0.020219162403287323
v 0.14110719531243363 0.20785609375 -0.04347185555103101
v 0.04937589103897467 0.00876828125000001 -0.015495617133292191
v 0.1457482434144161 0.19101890625 -0.04488727765510302
v 0.03326639812556364 0.0039174999999999904 -0.010582442195499477
v 0.14855647214977294 0.173744375 -0.04574365961734143
v 0.13786807351032607 0.22404437500000002 -0.029093768323760046
v 0.14443493386058692 0.20785609375 -0.030458695470949437
v 0.06639405725310725 0.015473593749999986 -0.014237307820758986
v 0.05054025569160203 0.00876828125000001 -0.010942003807976355
v 0.14918538535274914 0.19101890625 -0.03144608292503811
v 0.03405097672370986 0.0039174999999999904 -0.007514599985392435
v 0.152059724993886 0.173744375 -0.03204358052629317
v 0.01713346162854266 0.0009824999999999973 -0.003998243746504451
v 0.1530220059557956 0.15625 -0.03224352804905748
v 0.01713346162854266 0.3115175 -0.003998243746504451
v 0.152059724993886 0.13875546875 -0.03204358052629317
v 0.03405097672370986 0.3085825 -0.007514599985392435
v 0.14918538535274914 0.12148109374999999 -0.03144608292503811
v 0.05054025569160203 0.30373171875 -0.010942003807976355
v 0.14443493386058692 0.10464390625 -0.030458695470949437
v 0.06639405725310725 0.29702640625 -0.014237307820758986
v 0.13786807351032607 0.088455625 -0.029093768323760046
v 0.08141279836642615 0.288550625 -0.017359084272737565
v 0.12956748200683085 0.07312 -0.027368341577278625
v 0.09540783632877739 0.27841109375 -0.020268094048811348
v 0.119637405151887 0.058829687500000005 -0.025304301590525494
v 0.10820303168197154 0.26673546875 -0.02292759933205335
v 0.10820303168197154 0.04576453124999999 -0.02292759933205335
v 0.119637405151887 0.2536703125 -0.025304301590525494
v 0.09540783632877739 0.034088906249999995 -0.020268094048811348
v 0.12956748200683085 0.23937999999999998 -0.027368341577278625
v 0.08141279836642615 0.023949374999999995 -0.017359084272737565
v 0.12140255070715857 0.058829687500000005 -0.014319381667085232
v 0.10979938343525152 0.04576453124999999 -0.0129924429859097
v 0.10979938343525152 0.26673546875 -0.0129924429859097
v 0.12140255070715857 0.2536703125 -0.014319381667085232
v 0.09681538908871859 0.034088906249999995 -0.011507766188651925
v 0.1314789155238285 0.23937999999999998 -0.015471542138369829
v 0.08261389130004242 0.023949374999999995 -0.009883798349343323
v 0.13990203882432498 0.22404437500000002 -0.016434698266400278
v 0.06737353017633084 0.015473593749999986 -0.008141175177917355
v 0.1465657993201737 0.20785609375 -0.017196656222579532
v 0.05128591794095573 0.00876828125000001 -0.006301470371122627
v 0.15138642527260834 0.19101890625 -0.01774787980762017
v 0.03455329457519231 0.0039174999999999904 -0.004388133599338072
v 0.15430311965480045 0.173744375 -0.018081490451544367
v 0.01738618345985789 0.0009824999999999973 -0.0024250835263501915
v 0.15527962305743348 0.15625 -0.018193110882548057
v 0.01738618345985789 0.3115175 -0.0024250835263501915
v 0.15430311965480045 0.13875546875 -0.018081490451544367
v 0.03455329457519231 0.3085825 -0.004388133599338072
v 0.15138642527260834 0.12148109374999999 -0.01774787980762017
v 0.05128591794095573 0.30373171875 -0.006301470371122627
v 0.1465657993201737 0.10464390625 -0.017196656222579532
v 0.06737353017633084 0.29702640625 -0.008141175177917355
v 0.13990203882432498 0.088455625 -0.016434698266400278
v 0.08261389130004242 0.288550625 -0.009883798349343323
v 0.1314789155238285 0.07312 -0.015471542138369829
v 0.09681538908871859 0.27841109375 -0.011507766188651925
v 0.05160646987418241 0.30373171875 -0.0016123179510165932
v 0.06779473322852286 0.29702640625 -0.0019811031005091797
v 0.14748228714876524 0.10464390625 -0.003795951256702244
v 0.14077679707409083 0.088455625 -0.0036432157369675018
v 0.08313043159224826 0.288550625 -0.002330346858019328
v 0.13230100385575067 0.07312 -0.003450146784181005
v 0.09742070241752743 0.27841109375 -0.0026558282828788296
v 0.1221616539444487 0.058829687500000005 -0.0032192456965165076
v 0.11048581156335076 0.26673546875 -0.0029533264344194796
v 0.11048581156335076 0.04576453124999999 -0.0029533264344194796
v 0.1221616539444487 0.2536703125 -0.0032192456965165076
v 0.09742070241752743 0.034088906249999995 -0.0026558282828788296
v 0.13230100385575067 0.23937999999999998 -0.003450146784181005
v 0.08313043159224826 0.023949374999999995 -0.002330346858019328
v 0.14077679707409083 0.22404437500000002 -0.0036432157369675018
v 0.06779473322852286 0.015473593749999986 -0.0019811031005091797
v 0.14748228714876524 0.20785609375 -0.003795951256702244
v 0.05160646987418241 0.00876828125000001 -0.0016123179510165932
v 0.15233292088822054 0.19101890625 -0.003906321038619058
v 0.03476928812551863 0.0039174999999999904 -0.0012288376747532125
v 0.1552679012656285 0.173744375 -0.00397323076476693
v 0.017494805397250644 0.0009824999999999973 -0.0008355085369306826
v 0.15625050000000007 0.15625 -0.0039955861171948395
v 0.017494805397250644 0.3115175 -0.0008355085369306826
v 0.1552679012656285 0.13875546875 -0.00397323076476693
v 0.03476928812551863 0.3085825 -0.0012288376747532125
v 0.15233292088822054 0.12148109374999999 -0.003906321038619058
v 0.15494609900794268 0.173744375 0.010164262844416237
v 0.15592650967451063 0.15625 0.010231328901699968
v 0.017458545987933925 0.3115175 0.0007575057374777352
v 0.017458545987933925 0.0009824999999999973 0.0007575057374777352
v 0.15494609900794268 0.13875546875 0.010164262844416237
v 0.03469723817855739 0.3085825 0.001936867826401887
v 0.15201721396227333 0.12148109374999999 0.009963846328244345
v 0.051499567132921045 0.30373171875 0.0030865269995127313
v 0.1471765828184915 0.10464390625 0.0096327369824939
v 0.06765422801742058 0.29702640625 0.004191788130039475
v 0.14048500260342567 0.088455625 0.009174843085561392
v 0.08295819939799386 0.288550625 0.00523889407802648
v 0.13202687021807172 0.07312 0.008596105220609482
v 0.09721877501736707 0.27841109375 0.0062145566969256895
v 0.12190846324146122 0.058829687500000005 0.007903870951023568
v 0.11025684589676031 0.26673546875 0.007106738489275918
v 0.11025684589676031 0.04576453124999999 0.007106738489275918
v 0.12190846324146122 0.2536703125 0.007903870951023568
v 0.09721877501736707 0.034088906249999995 0.0062145566969256895
v 0.13202687021807172 0.23937999999999998 0.008596105220609482
v 0.08295819939799386 0.023949374999999995 0.00523889407802648
v 0.14048500260342567 0.22404437500000002 0.009174843085561392
v 0.06765422801742058 0.015473593749999986 0.004191788130039475
v 0.1471765828184915 0.20785609375 0.0096327369824939
v 0.051499567132921045 0.00876828125000001 0.0030865269995127313
v 0.15201721396227333 0.19101890625 0.009963846328244345
v 0.03469723817855739 0.0039174999999999904 0.001936867826401887
v 0.08209844504173838 0.023949374999999995 0.012761079342178577
v 0.06695310857692575 0.015473593749999986 0.01032637823230255
v 0.13902915606124794 0.22404437500000002 0.021913329359937794
v 0.14565134326882836 0.20785609375 0.022977944395141062
v 0.050965834879401255 0.00876828125000001 0.007756294358772188
v 0.15044180514368483 0.19101890625 0.023748031570385016
v 0.034337613605980796 0.0039174999999999904 0.0050830319355745475
v 0.15334036982121865 0.173744375 0.024214054686382214
v 0.017277717813022536 0.0009824999999999973 0.0023405148191911447
v 0.15431062160155568 0.15625 0.02436991682883415
v 0.017277717813022536 0.3115175 0.0023405148191911447
v 0.15334036982121865 0.13875546875 0.024214054686382214
v 0.034337613605980796 0.3085825 0.0050830319355745475
v 0.15044180514368483 0.12148109374999999 0.023748031570385016
v 0.050965834879401255 0.30373171875 0.007756294358772188
v 0.14565134326882836 0.10464390625 0.022977944395141062
v 0.06695310857692575 0.29702640625 0.01032637823230255
v 0.13902915606124794 0.088455625 0.021913329359937794
v 0.08209844504173838 0.288550625 0.012761079342178577
v 0.13065854638803778 0.07312 0.02056763094245912
v 0.09621132608436897 0.27841109375 0.015029913116907661
v 0.12064501037544251 0.058829687500000005 0.018957889236513734
v 0.10911420563161149 0.26673546875 0.017104114627491653
v 0.10911420563161149 0.04576453124999999 0.017104114627491653
v 0.12064501037544251 0.2536703125 0.018957889236513734
v 0.09621132608436897 0.034088906249999995 0.015029913116907661
v 0.13065854638803778 0.23937999999999998 0.02056763094245912
v 0.11838192310429566 0.058829687500000005 0.029851199114340327
v 0.10706742449190572 0.04576453124999999 0.026956259140493898
v 0.10706742449190572 0.26673546875 0.026956259140493898
v 0.11838192310429566 0.2536703125 0.029851199114340327
v 0.09440663901807528 0.034088906249999995 0.02371707800548483
v 0.12820775415745397 0.23937999999999998 0.032365160110097116
v 0.0805583578891223 0.023949374999999995 0.02017398914236487
v 0.13642129182047746 0.22404437500000002 0.03446656323832067
v 0.06569715765766224 0.015473593749999986 0.016371703255989845
v 0.14291922803492516 0.20785609375 0.036129144868186566
v 0.050009805539787636 0.00876828125000001 0.012358057673932757
v 0.14761982283927688 0.19101890625 0.03733180029635379
v 0.03369354021893686 0.0039174999999999904 0.008183391021940373
v 0.1504639984028356 0.173744375 0.03805936540264395
v 0.016953571196975676 0.0009824999999999973 0.0039005432239332056
v 0.1514161204785143 0.15625 0.03830308564344893
v 0.016953571196975676 0.3115175 0.0039005432239332056
v 0.1504639984028356 0.13875546875 0.03805936540264395
v 0.03369354021893686 0.3085825 0.008183391021940373
v 0.14761982283927688 0.12148109374999999 0.03733180029635379
v 0.050009805539787636 0.30373171875 0.012358057673932757
v 0.14291922803492516 0.10464390625 0.036129144868186566
v 0.06569715765766224 0.29702640625 0.016371703255989845
v 0.13642129182047746 0.088455625 0.03446656323832067
v 0.0805583578891223 0.288550625 0.02017398914236487
v 0.12820775415745397 0.07312 0.032365160110097116
v 0.09440663901807528 0.27841109375 0.02371707800548483
v 0.048639449932507545 0.30373171875 0.016853828478980575
v 0.06389684672697571 0.29702640625 0.022277737237626313
v 0.13900274295704743 0.10464390625 0.048977219268800484
v 0.13268297797803538 0.088455625 0.046730584515363445
v 0.07835091005640972 0.288550625 0.02741602901105672
v 0.12469449871766733 0.07312 0.04389082943247543
v 0.09181956142143895 0.27841109375 0.03220398270902596
v 0.11513795629490862 0.058829687500000005 0.04049344118797654
v 0.10413353814839958 0.26673546875 0.036581410844228134
v 0.10413353814839958 0.04576453124999999 0.036581410844228134
v 0.11513795629490862 0.2536703125 0.04049344118797654
v 0.09181956142143895 0.034088906249999995 0.03220398270902596
v 0.12469449871766733 0.23937999999999998 0.04389082943247543
v 0.07835091005640972 0.023949374999999995 0.02741602901105672
v 0.13268297797803538 0.22404437500000002 0.046730584515363445
v 0.06389684672697571 0.015473593749999986 0.022277737237626313
v 0.13900274295704743 0.20785609375 0.048977219268800484
v 0.048639449932507545 0.00876828125000001 0.016853828478980575
v 0.1435745543421019 0.19101890625 0.050602437757195966
v 0.03277033189637717 0.0039174999999999904 0.01121246311035426
v 0.14634089720807558 0.173744375 0.05158591693288815
v 0.016489075660383923 0.0009824999999999973 0.005424615467427579
v 0.14726691876066847 0.15625 0.05191499397387241
v 0.016489075660383923 0.3115175 0.005424615467427579
v 0.14634089720807558 0.13875546875 0.05158591693288815
v 0.03277033189637717 0.3085825 0.01121246311035426
v 0.1435745543421019 0.12148109374999999 0.050602437757195966
v 0.14100498128789427 0.173744375 0.06468130719043182
v 0.14189724408008886 0.15625 0.06509323973342163
v 0.015887825886067488 0.3115175 0.0069000687276696455
v 0.015887825886067488 0.0009824999999999973 0.0069000687276696455
v 0.14100498128789427 0.13875546875 0.06468130719043182
v 0.031575490585056876 0.3085825 0.014144766225671108
v 0.13833960212200072 0.12148109374999999 0.06345035582667402
v 0.04686602097769377 0.30373171875 0.021206243632445224
v 0.13393455276169175 0.10464390625 0.0614160187557342
v 0.06156717967837659 0.29702640625 0.027995548531687932
v 0.12784516006428676 0.088455625 0.05860377795275745
v 0.07549407495770159 0.288550625 0.03442716779208407
v 0.12014785011235424 0.07312 0.055049120585583894
v 0.08847166139138114 0.27841109375 0.04042043454753014
v 0.11093983563259675 0.058829687500000005 0.05079660102793347
v 0.1003366153469326 0.26673546875 0.04589984085940601
v 0.1003366153469326 0.04576453124999999 0.04589984085940601
v 0.11093983563259675 0.2536703125 0.05079660102793347
v 0.08847166139138114 0.034088906249999995 0.04042043454753014
v 0.12014785011235424 0.23937999999999998 0.055049120585583894
v 0.07549407495770159 0.023949374999999995 0.03442716779208407
v 0.12784516006428676 0.22404437500000002 0.05860377795275745
v 0.06156717967837659 0.015473593749999986 0.027995548531687932
v 0.13393455276169175 0.20785609375 0.0614160187557342
v 0.04686602097769377 0.00876828125000001 0.021206243632445224
v 0.13833960212200072 0.19101890625 0.06345035582667402
v 0.031575490585056876 0.0039174999999999904 0.014144766225671108
v 0.07201176504828011 0.023949374999999995 0.0411495629651789
v 0.05872722395986764 0.015473593749999986 0.03347776880400926
v 0.12194800475248334 0.22404437500000002 0.0699876549349112
v 0.12775654331824116 0.20785609375 0.07334205211704874
v 0.04470420998774188 0.00876828125000001 0.025379503304214873
v 0.13195841495393063 0.19101890625 0.07576878033899592
v 0.030119018880649585 0.0039174999999999904 0.016956381704104413
v 0.13450079345115065 0.173744375 0.07723704236698846
v 0.015154979462420556 0.0009824999999999973 0.008314709176062363
v 0.13535195182674914 0.15625 0.07772854745813075
v 0.015154979462420556 0.3115175 0.008314709176062363
v 0.13450079345115065 0.13875546875 0.07723704236698846
v 0.030119018880649585 0.3085825 0.016956381704104413
v 0.13195841495393063 0.12148109374999999 0.07576878033899592
v 0.04470420998774188 0.30373171875 0.025379503304214873
v 0.12775654331824116 0.10464390625 0.07334205211704874
v 0.05872722395986764 0.29702640625 0.03347776880400926
v 0.12194800475248334 0.088455625 0.0699876549349112
v 0.07201176504828011 0.288550625 0.0411495629651789
v 0.1146057869469628 0.07312 0.06574764186812955
v 0.08439075864711901 0.27841109375 0.04829842947689848
v 0.10582257020221755 0.058829687500000005 0.06067516550289598
v 0.09570838307065693 0.26673546875 0.05483432160491293
v 0.09570838307065693 0.04576453124999999 0.05483432160491293
v 0.10582257020221755 0.2536703125 0.06067516550289598
v 0.08439075864711901 0.034088906249999995 0.04829842947689848
v 0.1146057869469628 0.23937999999999998 0.06574764186812955
v 0.07961045565849346 0.27841109375 0.05577246475120585
v 0.09028713250613542 0.26673546875 0.06331075212235149
v 0.09982820216371155 0.058829687500000005 0.0700475297599454
v 0.09028713250613542 0.04576453124999999 0.06331075212235149
v 0.09982820216371155 0.2536703125 0.0700475297599454
v 0.07961045565849346 0.034088906249999995 0.05577246475120585
v 0.10811410235481116 0.23937999999999998 0.07589775352608001
v 0.06793273779070676 0.023949374999999995 0.047527247983703516
v 0.11504027469653381 0.22404437500000002 0.08078810411803725
v 0.055400735736173594 0.015473593749999986 0.03867890569405519
v 0.1205198216389654 0.20785609375 0.08465698706828842
v 0.04217199037675283 0.00876828125000001 0.02933858931985699
v 0.12448366275573518 0.19101890625 0.08745562706244538
v 0.02841295115607506 0.0039174999999999904 0.019623859875275252
v 0.12688209764959013 0.173744375 0.08914916225721146
v 0.014296631721181702 0.0009824999999999973 0.009656968308552125
v 0.1276851185335095 0.15625 0.08971601895583804
v 0.014296631721181702 0.3115175 0.009656968308552125
v 0.12688209764959013 0.13875546875 0.08914916225721146
v 0.02841295115607506 0.3085825 0.019623859875275252
v 0.12448366275573518 0.12148109374999999 0.08745562706244538
v 0.04217199037675283 0.30373171875 0.02933858931985699
v 0.1205198216389654 0.10464390625 0.08465698706828842
v 0.055400735736173594 0.29702640625 0.03867890569405519
v 0.11504027469653381 0.088455625 0.08078810411803725
v 0.06793273779070676 0.288550625 0.047527247983703516
v 0.10811410235481116 0.07312 0.07589775352608001
v 0.1159775491692595 0.12148109374999999 0.09841428335506126
v 0.11228455958846327 0.10464390625 0.09526671226566585
v 0.039290305079418164 0.30373171875 0.03305114113424865
v 0.05161506585483938 0.29702640625 0.043555968139464364
v 0.10717932853100386 0.088455625 0.09091539143015223
v 0.06329075194537989 0.288550625 0.053507539254873254
v 0.10072640399708731 0.07312 0.0854153494083429
v 0.0741706065176414 0.27841109375 0.06278078957178775
v 0.09300690078600404 0.058829687500000005 0.07883568456228782
v 0.08411756275278441 0.26673546875 0.07125893973172075
v 0.08411756275278441 0.04576453124999999 0.07125893973172075
v 0.09300690078600404 0.2536703125 0.07883568456228782
v 0.0741706065176414 0.034088906249999995 0.06278078957178775
v 0.10072640399708731 0.23937999999999998 0.0854153494083429
v 0.06329075194537989 0.023949374999999995 0.053507539254873254
v 0.10717932853100386 0.22404437500000002 0.09091539143015223
v 0.05161506585483938 0.015473593749999986 0.043555968139464364
v 0.11228455958846327 0.20785609375 0.09526671226566585
v 0.039290305079418164 0.00876828125000001 0.03305114113424865
v 0.1159775491692595 0.19101890625 0.09841428335506126
v 0.026471509852056666 0.0039174999999999904 0.02212515804902743
v 0.11821203526840222 0.173744375 0.10031886558323769
v 0.013319659446876523 0.0009824999999999973 0.01091543395222119
v 0.1189601981666743 0.15625 0.10095654028640863
v 0.013319659446876523 0.3115175 0.01091543395222119
v 0.11821203526840222 0.13875546875 0.10031886558323769
v 0.026471509852056666 0.3085825 0.02212515804902743
v 0.024310636605449173 0.0039174999999999904 0.02443948418429163
v 0.01223250232960459 0.0009824999999999973 0.012079944583238687
v 0.10856249996399074 0.173744375 0.11065391697490995
v 0.10924939696376217 0.15625 0.11135678176173432
v 0.01223250232960459 0.3115175 0.012079944583238687
v 0.10856249996399074 0.13875546875 0.11065391697490995
v 0.024310636605449173 0.3085825 0.02443948418429163
v 0.106510248654776 0.12148109374999999 0.10855392082690914
v 0.036083066551020046 0.30373171875 0.03648620518248969
v 0.10311874355920368 0.10464390625 0.105083369610828
v 0.04740178500845975 0.29702640625 0.04806846637604915
v 0.09843033941832913 0.088455625 0.10028572338243545
v 0.05812441127997721 0.288550625 0.05904087980862065
v 0.09250411406284939 0.07312 0.09422148229130917
v 0.06811606661453655 0.27841109375 0.0692652487561044
v 0.08541477437920147 0.058829687500000005 0.08696693593174855
v 0.0772510934039884 0.26673546875 0.07861306902482386
v 0.0772510934039884 0.04576453124999999 0.07861306902482386
v 0.08541477437920147 0.2536703125 0.08696693593174855
v 0.06811606661453655 0.034088906249999995 0.0692652487561044
v 0.09250411406284939 0.23937999999999998 0.09422148229130917
v 0.05812441127997721 0.023949374999999995 0.05904087980862065
v 0.09843033941832913 0.22404437500000002 0.10028572338243545
v 0.04740178500845975 0.015473593749999986 0.04806846637604915
v 0.10311874355920368 0.20785609375 0.105083369610828
v 0.036083066551020046 0.00876828125000001 0.03648620518248969
v 0.106510248654776 0.19101890625 0.10855392082690914
v 0.052476383116668836 0.023949374999999995 0.06408130829100302
v 0.0427957459913348 0.015473593749999986 0.05217903726233913
v 0.08886566988658565 0.22404437500000002 0.10882140340036477
v 0.09309848705264023 0.20785609375 0.11402566691312789
v 0.0325768441863164 0.00876828125000001 0.039615172866717806
v 0.09616053165321406 0.19101890625 0.11779027699576078
v 0.021948304830353534 0.0039174999999999904 0.026547609551357137
v 0.09801319992062947 0.173744375 0.1200681779763697
v 0.011043756350022887 0.0009824999999999973 0.013140651340045469
v 0.09863351714294867 0.15625 0.12083076125709243
v 0.011043756350022887 0.3115175 0.013140651340045469
v 0.09801319992062947 0.13875546875 0.1200681779763697
v 0.021948304830353534 0.3085825 0.026547609551357137
v 0.09616053165321406 0.12148109374999999 0.11779027699576078
v 0.0325768441863164 0.30373171875 0.039615172866717806
v 0.09309848705264023 0.10464390625 0.11402566691312789
v 0.0427957459913348 0.29702640625 0.05217903726233913
v 0.08886566988658565 0.088455625 0.10882140340036477
v 0.052476383116668836 0.288550625 0.06408130829100302
v 0.08351537523512358 0.07312 0.10224330186566824
v 0.06149716150866156 0.27841109375 0.07517222072455602
v 0.0771148080379359 0.058829687500000005 0.09437390514877217
v 0.06974445793208345 0.26673546875 0.08531217085867564
v 0.06974445793208345 0.04576453124999999 0.08531217085867564
v 0.0771148080379359 0.2536703125 0.09437390514877217
v 0.06149716150866156 0.034088906249999995 0.07517222072455602
v 0.08351537523512358 0.23937999999999998 0.10224330186566824
v 0.054368592895106344 0.27841109375 0.08045261750048274
v 0.06166001626947199 0.26673546875 0.09130074768004591
v 0.0681759258980206 0.058829687500000005 0.1009953104081018
v 0.06166001626947199 0.04576453124999999 0.09130074768004591
v 0.0681759258980206 0.2536703125 0.1009953104081018
v 0.054368592895106344 0.034088906249999995 0.08045261750048274
v 0.07383458181923215 0.23937999999999998 0.10941421106754402
v 0.04639355462267464 0.023949374999999995 0.06858708428874584
v 0.07856471553893243 0.22404437500000002 0.11645176981053165
v 0.037834927408912665 0.015473593749999986 0.05585360061071693
v 0.08230693664530955 0.20785609375 0.12201950321416813
v 0.028800708028983577 0.00876828125000001 0.04241240588065204
v 0.0850138890994714 0.19101890625 0.1260470622673167
v 0.01940420713700211 0.0039174999999999904 0.028432181394143545
v 0.08665181414101965 0.173744375 0.12848410834423066
v 0.009763736684919791 0.0009824999999999973 0.014088956010169264
v 0.08720023770693502 0.15625 0.12929984421114557
v 0.009763736684919791 0.3115175 0.014088956010169264
v 0.08665181414101965 0.13875546875 0.12848410834423066
v 0.01940420713700211 0.3085825 0.028432181394143545
v 0.0850138890994714 0.12148109374999999 0.1260470622673167
v 0.028800708028983577 0.30373171875 0.04241240588065204
v 0.08230693664530955 0.10464390625 0.12201950321416813
v 0.037834927408912665 0.29702640625 0.05585360061071693
v 0.07856471553893243 0.088455625 0.11645176981053165
v 0.04639355462267464 0.288550625 0.06858708428874584
v 0.07383458181923215 0.07312 0.10941421106754402
v 0.07316284500352847 0.12148109374999999 0.13325564727293462
v 0.07083317795492937 0.10464390625 0.1289985941123443
v 0.024785916190501495 0.30373171875 0.04485445455391346
v 0.03256074625890423 0.29702640625 0.05906182818082583
v 0.06761265472915227 0.088455625 0.12311366483404884
v 0.03992625135747732 0.288550625 0.07252100099151458
v 0.06354191087112111 0.07312 0.11567496039644574
v 0.046789594895125346 0.27841109375 0.08506266636584384
v 0.05867220968366297 0.058829687500000005 0.10677612314991479
v 0.053064504484163694 0.26673546875 0.09652908618773141
v 0.053064504484163694 0.04576453124999999 0.09652908618773141
v 0.05867220968366297 0.2536703125 0.10677612314991479
v 0.046789594895125346 0.034088906249999995 0.08506266636584384
v 0.06354191087112111 0.23937999999999998 0.11567496039644574
v 0.03992625135747732 0.023949374999999995 0.07252100099151458
v 0.06761265472915227 0.22404437500000002 0.12311366483404884
v 0.03256074625890423 0.015473593749999986 0.05906182818082583
v 0.07083317795492937 0.20785609375 0.1289985941123443
v 0.024785916190501495 0.00876828125000001 0.04485445455391346
v 0.07316284500352847 0.19101890625 0.13325564727293462
v 0.016699286460086452 0.0039174999999999904 0.03007741026792904
v 0.07457242954071587 0.173744375 0.1358315153984918
v 0.008402758511083682 0.0009824999999999973 0.014916729374545374
v 0.0750444270240628 0.15625 0.13669383794389284
v 0.008402758511083682 0.3115175 0.014916729374545374
v 0.07457242954071587 0.13875546875 0.1358315153984918
v 0.016699286460086452 0.3085825 0.03007741026792904
v 0.02701680760682403 0.015473593749999986 0.061776987348433815
v 0.020565602269038873 0.00876828125000001 0.04692130850111205
v 0.06187522836701131 0.173744375 0.14204989898957557
v 0.06226673621329742 0.15625 0.14295161698121323
v 0.006972074748647328 0.3115175 0.0156174055254677
v 0.013856048639872104 0.0039174999999999904 0.03147000802616556
v 0.013856048639872104 0.3085825 0.03147000802616556
v 0.006972074748647328 0.0009824999999999973 0.0156174055254677
v 0.020565602269038873 0.30373171875 0.04692130850111205
v 0.06187522836701131 0.13875546875 0.14204989898957557
v 0.02701680760682403 0.29702640625 0.061776987348433815
v 0.060705549835432346 0.12148109374999999 0.13935646984985203
v 0.03312808098226496 0.288550625 0.07585038519191459
v 0.05877254822151354 0.10464390625 0.13490509708738832
v 0.03882284002223582 0.27841109375 0.08896437885462552
v 0.056100448561651806 0.088455625 0.12875159091768623
v 0.04402934736089021 0.26673546875 0.10095403898823488
v 0.052722853325688074 0.07312 0.12097349158413215
v 0.048682117254677644 0.2536703125 0.11166866237777404
v 0.048682117254677644 0.058829687500000005 0.11166866237777404
v 0.052722853325688074 0.23937999999999998 0.12097349158413215
v 0.04402934736089021 0.04576453124999999 0.10095403898823488
v 0.056100448561651806 0.22404437500000002 0.12875159091768623
v 0.03882284002223582 0.034088906249999995 0.08896437885462552
v 0.05877254822151354 0.20785609375 0.13490509708738832
v 0.03312808098226496 0.023949374999999995 0.07585038519191459
v 0.060705549835432346 0.19101890625 0.13935646984985203
v 0.03462940807664594 0.26673546875 0.10453871193349344
v 0.03828879518760124 0.2536703125 0.11563228199635607
v 0.03462940807664594 0.04576453124999999 0.10453871193349344
v 0.03053443918221785 0.034088906249999995 0.09212508175943313
v 0.04146680738176562 0.23937999999999998 0.1252660319125626
v 0.026055464388258814 0.023949374999999995 0.07854756627889874
v 0.044123277985887395 0.22404437500000002 0.13331911771409358
v 0.021248904585990123 0.015473593749999986 0.06397656642997714
v 0.046224917111240424 0.20785609375 0.13969023682491208
v 0.016175087930568037 0.00876828125000001 0.04859561496616741
v 0.04774531165362417 0.19101890625 0.14429903504118635
v 0.010897937259969017 0.0039174999999999904 0.03259809350252779
v 0.04866508158392109 0.173744375 0.14708766984264832
v 0.0054835634799731085 0.0009824999999999973 0.016185043879773587
v 0.04897313027255579 0.15625 0.14802112305486545
v 0.0054835634799731085 0.3115175 0.016185043879773587
v 0.04866508158392109 0.13875546875 0.14708766984264832
v 0.010897937259969017 0.3085825 0.03259809350252779
v 0.04774531165362417 0.12148109374999999 0.14429903504118635
v 0.016175087930568037 0.30373171875 0.04859561496616741
v 0.046224917111240424 0.10464390625 0.13969023682491208
v 0.021248904585990123 0.29702640625 0.06397656642997714
v 0.044123277985887395 0.088455625 0.13331911771409358
v 0.026055464388258814 0.288550625 0.07854756627889874
v 0.04146680738176562 0.07312 0.1252660319125626
v 0.03053443918221785 0.27841109375 0.09212508175943313
v 0.03828879518760124 0.058829687500000005 0.11563228199635607
v 0.03329421784478078 0.10464390625 0.14331414888527144
v 0.031780543796365204 0.088455625 0.13677841308839286
v 0.015304862106966816 0.29702640625 0.06564243101369609
v 0.018766854243926354 0.288550625 0.0805901889000391
v 0.029867078502121353 0.07312 0.1285169378827611
v 0.021993003929769835 0.27841109375 0.09451898044284981
v 0.027578203289003553 0.058829687500000005 0.11863399613599454
v 0.024942363038458537 0.26673546875 0.10725355843882971
v 0.024942363038458537 0.04576453124999999 0.10725355843882971
v 0.027578203289003553 0.2536703125 0.11863399613599454
v 0.021993003929769835 0.034088906249999995 0.09451898044284981
v 0.029867078502121353 0.23937999999999998 0.1285169378827611
v 0.018766854243926354 0.023949374999999995 0.0805901889000391
v 0.031780543796365204 0.22404437500000002 0.13677841308839286
v 0.015304862106966816 0.015473593749999986 0.06564243101369609
v 0.03329421784478078 0.20785609375 0.14331414888527144
v 0.01165047629384831 0.00876828125000001 0.04986361680912391
v 0.034389345780480085 0.19101890625 0.14804207142707063
v 0.007849489937888938 0.0039174999999999904 0.03345244316000002
v 0.03505186145329718 0.173744375 0.15090293121329967
v 0.003949727949652988 0.0009824999999999973 0.016614954503387243
v 0.035273637754247286 0.15625 0.15186061575157506
v 0.003949727949652988 0.3115175 0.016614954503387243
v 0.03505186145329718 0.13875546875 0.15090293121329967
v 0.007849489937888938 0.3085825 0.03345244316000002
v 0.034389345780480085 0.12148109374999999 0.14804207142707063
v 0.01165047629384831 0.30373171875 0.04986361680912391
v 0.0023832276928363446 0.0009824999999999973 0.0169035417801839
v 0.021282038184158848 0.15625 0.15443789085735496
v 0.021148097176467352 0.13875546875 0.15346410421208606
v 0.0023832276928363446 0.3115175 0.0169035417801839
v 0.004736025743930604 0.3085825 0.0340258657663327
v 0.02074846222119646 0.12148109374999999 0.15055493810487638
v 0.007029277092655598 0.30373171875 0.05071499617501481
v 0.02008782203506816 0.10464390625 0.14574697402151715
v 0.009234067985892394 0.29702640625 0.06676066762849918
v 0.01917446001762463 0.088455625 0.13910055578045002
v 0.011322891285538652 0.288550625 0.08196136929266286
v 0.01802009796067085 0.07312 0.13069932053935993
v 0.013269333887393837 0.27841109375 0.0961259081883497
v 0.016638958304930184 0.058829687500000005 0.12064910447722366
v 0.015048701883388797 0.26673546875 0.10907606682067993
v 0.015048701883388797 0.04576453124999999 0.10907606682067993
v 0.016638958304930184 0.2536703125 0.12064910447722366
v 0.013269333887393837 0.034088906249999995 0.0961259081883497
v 0.01802009796067085 0.23937999999999998 0.13069932053935993
v 0.011322891285538652 0.023949374999999995 0.08196136929266286
v 0.01917446001762463 0.22404437500000002 0.13910055578045002
v 0.009234067985892394 0.015473593749999986 0.06676066762849918
v 0.02008782203506816 0.20785609375 0.14574697402151715
v 0.007029277092655598 0.00876828125000001 0.05071499617501481
v 0.02074846222119646 0.19101890625 0.15055493810487638
v 0.004736025743930604 0.0039174999999999904 0.0340258657663327
v 0.021148097176467352 0.173744375 0.15346410421208606
v 0.0030868477822495483 0.015473593749999986 0.06732220906850654
v 0.00234993780411022 0.00876828125000001 0.05114240550045471
v 0.006714820491167512 0.20785609375 0.14696838918598748
v 0.00693565904877321 0.19101890625 0.15181653037126266
v 0.0015833326200649612 0.0039174999999999904 0.03431382771858592
v 0.007069131184792507 0.173744375 0.15475008413566638
v 0.0007968785352299463 0.0009824999999999973 0.017048304411989807
v 0.007113986574766207 0.15625 0.15573199999999998
v 0.0007968785352299463 0.3115175 0.017048304411989807
v 0.007069131184792507 0.13875546875 0.15475008413566638
v 0.0015833326200649612 0.3085825 0.03431382771858592
v 0.00693565904877321 0.12148109374999999 0.15181653037126266
v 0.00234993780411022 0.30373171875 0.05114240550045471
v 0.006714820491167512 0.10464390625 0.14696838918598748
v 0.0030868477822495483 0.29702640625 0.06732220906850654
v 0.0064094287420086065 0.088455625 0.14026647339169027
v 0.003784997702153763 0.288550625 0.08264985161498815
v 0.0060235473557888825 0.07312 0.1317950454705992
v 0.004435635292608485 0.27841109375 0.09693273318052067
v 0.005562021339787729 0.058829687500000005 0.12166087958850641
v 0.005030477154071534 0.26673546875 0.10999107295886562
v 0.005030477154071534 0.04576453124999999 0.10999107295886562
v 0.005562021339787729 0.2536703125 0.12166087958850641
v 0.004435635292608485 0.034088906249999995 0.09693273318052067
v 0.0060235473557888825 0.23937999999999998 0.1317950454705992
v 0.003784997702153763 0.023949374999999995 0.08264985161498815
v 0.0064094287420086065 0.22404437500000002 0.14026647339169027
v -0.00502963344462883 0.26673546875 0.10999107295886562
v -0.005561177630345023 0.2536703125 0.12166087958850641
v -0.00502963344462883 0.04576453124999999 0.10999107295886562
v -0.004434791583165779 0.034088906249999995 0.09693273318052067
v -0.006022703646346175 0.23937999999999998 0.1317950454705992
v -0.003784153992711056 0.023949374999999995 0.08264985161498815
v -0.006408585032565899 0.22404437500000002 0.14026647339169027
v -0.003086004072806841 0.015473593749999986 0.06732220906850654
v -0.006713820491167407 0.20785609375 0.14696838918598748
v -0.0023489378041101137 0.00876828125000001 0.05114240550045471
v -0.0069346590487731055 0.19101890625 0.15181653037126266
v -0.001582488910622253 0.0039174999999999904 0.03431382771858592
v -0.0070682874753498015 0.173744375 0.15475008413566638
v -0.000796034825787238 0.0009824999999999973 0.017048304411989807
v -0.0071129865747661 0.15625 0.15573199999999998
v -0.000796034825787238 0.3115175 0.017048304411989807
v -0.0070682874753498015 0.13875546875 0.15475008413566638
v -0.001582488910622253 0.3085825 0.03431382771858592
v -0.0069346590487731055 0.12148109374999999 0.15181653037126266
v -0.0023489378041101137 0.30373171875 0.05114240550045471
v -0.006713820491167407 0.10464390625 0.14696838918598748
v -0.003086004072806841 0.29702640625 0.06732220906850654
v -0.006408585032565899 0.088455625 0.14026647339169027
v -0.003784153992711056 0.288550625 0.08264985161498815
v -0.006022703646346175 0.07312 0.1317950454705992
v -0.004434791583165779 0.27841109375 0.09693273318052067
v -0.005561177630345023 0.058829687500000005 0.12166087958850641
v -0.020086822035068053 0.10464390625 0.14574697402151715
v -0.019173616308181925 0.088455625 0.13910055578045002
v -0.009233224276449688 0.29702640625 0.06676066762849918
v -0.011322047576095945 0.288550625 0.08196136929266286
v -0.018019097960670746 0.07312 0.13069932053935993
v -0.013268333887393728 0.27841109375 0.0961259081883497
v -0.016638114595487478 0.058829687500000005 0.12064910447722366
v -0.015047858173946087 0.26673546875 0.10907606682067993
v -0.015047858173946087 0.04576453124999999 0.10907606682067993
v -0.016638114595487478 0.2536703125 0.12064910447722366
v -0.013268333887393728 0.034088906249999995 0.0961259081883497
v -0.018019097960670746 0.23937999999999998 0.13069932053935993
v -0.011322047576095945 0.023949374999999995 0.08196136929266286
v -0.019173616308181925 0.22404437500000002 0.13910055578045002
v -0.009233224276449688 0.015473593749999986 0.06676066762849918
v -0.020086822035068053 0.20785609375 0.14574697402151715
v -0.007028433383212892 0.00876828125000001 0.05071499617501481
v -0.020747462221196354 0.19101890625 0.15055493810487638
v -0.004735182034487898 0.0039174999999999904 0.0340258657663327
v -0.021147253467024646 0.173744375 0.15346410421208606
v -0.0023823839833936374 0.0009824999999999973 0.0169035417801839
v -0.021281038184158742 0.15625 0.15443789085735496
v -0.0023823839833936374 0.3115175 0.0169035417801839
v -0.021147253467024646 0.13875546875 0.15346410421208606
v -0.004735182034487898 0.3085825 0.0340258657663327
v -0.020747462221196354 0.12148109374999999 0.15055493810487638
v -0.007028433383212892 0.30373171875 0.05071499617501481
v -0.003948884240210283 0.3115175 0.016614954503387243
v -0.003948884240210283 0.0009824999999999973 0.016614954503387243
v -0.035272794044804594 0.15625 0.1518604594204392
v -0.03505101774385449 0.13875546875 0.15090293121329967
v -0.00784864622844623 0.3085825 0.03345244316000002
v -0.03438850207103739 0.12148109374999999 0.14804207142707063
v -0.0116496325844056 0.30373171875 0.04986361680912391
v -0.03329337413533808 0.10464390625 0.14331414888527144
v -0.015304018397524106 0.29702640625 0.06564243101369609
v -0.03177970008692251 0.088455625 0.13677841308839286
v -0.018766010534483648 0.288550625 0.0805901889000391
v -0.029866234792678647 0.07312 0.1285169378827611
v -0.02199200392976973 0.27841109375 0.09451898044284981
v -0.02757735957956085 0.058829687500000005 0.11863399613599454
v -0.02494151932901583 0.26673546875 0.10725355843882971
v -0.02494151932901583 0.04576453124999999 0.10725355843882971
v -0.02757735957956085 0.2536703125 0.11863399613599454
v -0.02199200392976973 0.034088906249999995 0.09451898044284981
v -0.029866234792678647 0.23937999999999998 0.1285169378827611
v -0.018766010534483648 0.023949374999999995 0.0805901889000391
v -0.03177970008692251 0.22404437500000002 0.13677841308839286
v -0.015304018397524106 0.015473593749999986 0.06564243101369609
v -0.03329337413533808 0.20785609375 0.14331414888527144
v -0.0116496325844056 0.00876828125000001 0.04986361680912391
v -0.03438850207103739 0.19101890625 0.14804207142707063
v -0.00784864622844623 0.0039174999999999904 0.03345244316000002
v -0.03505101774385449 0.173744375 0.15090293121329967
v -0.044122434276444696 0.22404437500000002 0.13331911771409358
v -0.04622407340179773 0.20785609375 0.13969023682491208
v -0.021248060876547417 0.015473593749999986 0.06397656642997714
v -0.01617424422112533 0.00876828125000001 0.04859561496616741
v -0.047744311653624076 0.19101890625 0.14429903504118635
v -0.01089709355052631 0.0039174999999999904 0.03259809350252779
v -0.04866439416503578 0.173744375 0.14708766984264832
v -0.005482719770530401 0.0009824999999999973 0.016185043879773587
v -0.04897228656311309 0.15625 0.14802112305486545
v -0.005482719770530401 0.3115175 0.016185043879773587
v -0.04866439416503578 0.13875546875 0.14708766984264832
v -0.01089709355052631 0.3085825 0.03259809350252779
v -0.047744311653624076 0.12148109374999999 0.14429903504118635
v -0.01617424422112533 0.30373171875 0.04859561496616741
v -0.04622407340179773 0.10464390625 0.13969023682491208
v -0.021248060876547417 0.29702640625 0.06397656642997714
v -0.044122434276444696 0.088455625 0.13331911771409358
v -0.026054620678816105 0.288550625 0.07854740994776285
v -0.04146596367232293 0.07312 0.1252660319125626
v -0.030533595472775142 0.27841109375 0.09212508175943313
v -0.03828795147815855 0.058829687500000005 0.11563212566522021
v -0.034628408076645856 0.26673546875 0.10453871193349344
v -0.034628408076645856 0.04576453124999999 0.10453871193349344
v -0.03828795147815855 0.2536703125 0.11563212566522021
v -0.030533595472775142 0.034088906249999995 0.09212508175943313
v -0.04146596367232293 0.23937999999999998 0.1252660319125626
v -0.026054620678816105 0.023949374999999995 0.07854740994776285
v -0.04868127354523495 0.058829687500000005 0.11166866237777404
v -0.04402850365144752 0.04576453124999999 0.10095403898823488
v -0.04402850365144752 0.26673546875 0.10095403898823488
v -0.04868127354523495 0.2536703125 0.11166866237777404
v -0.038821996312793136 0.034088906249999995 0.08896437885462552
v -0.052721853325687976 0.23937999999999998 0.12097349158413215
v -0.03312723727282226 0.023949374999999995 0.07585022886077873
v -0.05609960485220911 0.22404437500000002 0.12875159091768623
v -0.027015963897381323 0.015473593749999986 0.061776987348433815
v -0.05877170451207085 0.20785609375 0.13490509708738832
v -0.020564758559596167 0.00876828125000001 0.04692130850111205
v -0.060704706125989646 0.19101890625 0.13935646984985203
v -0.013855048639871996 0.0039174999999999904 0.03147000802616556
v -0.06187438465756861 0.173744375 0.14204989898957557
v -0.006971231039204623 0.0009824999999999973 0.0156174055254677
v -0.06226589250385472 0.15625 0.14295161698121323
v -0.006971231039204623 0.3115175 0.0156174055254677
v -0.06187438465756861 0.13875546875 0.14204989898957557
v -0.013855048639871996 0.3085825 0.03147000802616556
v -0.060704706125989646 0.12148109374999999 0.13935646984985203
v -0.020564758559596167 0.30373171875 0.04692130850111205
v -0.05877170451207085 0.10464390625 0.13490509708738832
v -0.027015963897381323 0.29702640625 0.061776987348433815
v -0.05609960485220911 0.088455625 0.12875159091768623
v -0.03312723727282226 0.288550625 0.07585022886077873
v -0.052721853325687976 0.07312 0.12097349158413215
v -0.038821996312793136 0.27841109375 0.08896437885462552
v -0.07083233424548666 0.10464390625 0.1289985941123443
v -0.06761181101970958 0.088455625 0.12311366483404884
v -0.03255990254946154 0.29702640625 0.05906182818082583
v -0.03992540764803463 0.288550625 0.07252100099151458
v -0.06354106716167841 0.07312 0.11567496039644574
v -0.04678875118568265 0.27841109375 0.08506266636584384
v -0.05867120968366287 0.058829687500000005 0.10677612314991479
v -0.053063660774721 0.26673546875 0.09652908618773141
v -0.053063660774721 0.04576453124999999 0.09652908618773141
v -0.05867120968366287 0.2536703125 0.10677612314991479
v -0.04678875118568265 0.034088906249999995 0.08506266636584384
v -0.06354106716167841 0.23937999999999998 0.11567496039644574
v -0.03992540764803463 0.023949374999999995 0.07252100099151458
v -0.06761181101970958 0.22404437500000002 0.12311366483404884
v -0.03255990254946154 0.015473593749999986 0.05906182818082583
v -0.07083233424548666 0.20785609375 0.1289985941123443
v -0.02478507248105879 0.00876828125000001 0.04485445455391346
v -0.07316200129408577 0.19101890625 0.13325564727293462
v -0.01669844275064374 0.0039174999999999904 0.03007741026792904
v -0.07457158583127317 0.173744375 0.1358315153984918
v -0.008401758511083574 0.0009824999999999973 0.014916729374545374
v -0.0750435833146201 0.15625 0.13669383794389284
v -0.008401758511083574 0.3115175 0.014916729374545374
v -0.07457158583127317 0.13875546875 0.1358315153984918
v -0.01669844275064374 0.3085825 0.03007741026792904
v -0.07316200129408577 0.12148109374999999 0.13325564727293462
v -0.02478507248105879 0.30373171875 0.04485445455391346
v -0.009762892975477083 0.3115175 0.014088956010169264
v -0.009762892975477083 0.0009824999999999973 0.014088956010169264
v -0.08719939399749231 0.15625 0.12929984421114557
v -0.08665097043157695 0.13875546875 0.12848395201309476
v -0.019403363427559404 0.3085825 0.028432181394143545
v -0.08501304539002867 0.12148109374999999 0.1260470622673167
v -0.02879986431954087 0.30373171875 0.04241240588065204
v -0.08230593664530944 0.10464390625 0.12201950321416813
v -0.03783408369946997 0.29702640625 0.05585360061071693
v -0.0785638718294897 0.088455625 0.11645176981053165
v -0.046392710913231945 0.288550625 0.06858708428874584
v -0.07383373810978945 0.07312 0.10941421106754402
v -0.054367749185663644 0.27841109375 0.08045261750048274
v -0.06817508218857789 0.058829687500000005 0.1009953104081018
v -0.061659016269471886 0.26673546875 0.09130074768004591
v -0.061659016269471886 0.04576453124999999 0.09130074768004591
v -0.06817508218857789 0.2536703125 0.1009953104081018
v -0.054367749185663644 0.034088906249999995 0.08045261750048274
v -0.07383373810978945 0.23937999999999998 0.10941421106754402
v -0.046392710913231945 0.023949374999999995 0.06858708428874584
v -0.0785638718294897 0.22404437500000002 0.11645176981053165
v -0.03783408369946997 0.015473593749999986 0.05585360061071693
v -0.08230593664530944 0.20785609375 0.12201950321416813
v -0.02879986431954087 0.00876828125000001 0.04241240588065204
v -0.08501304539002867 0.19101890625 0.1260470622673167
v -0.019403363427559404 0.0039174999999999904 0.028432181394143545
v -0.08665097043157695 0.173744375 0.12848395201309476
v -0.08886482617714292 0.22404437500000002 0.10882140340036477
v -0.0930976433431975 0.20785609375 0.11402566691312789
v -0.04279474599133472 0.015473593749999986 0.05217903726233913
v -0.032576000476873715 0.00876828125000001 0.039615172866717806
v -0.09615968794377137 0.19101890625 0.11779027699576078
v -0.021947461120910828 0.0039174999999999904 0.026547609551357137
v -0.09801235621118679 0.173744375 0.1200681779763697
v -0.01104291264058018 0.0009824999999999973 0.013140651340045469
v -0.09863251714294856 0.15625 0.12083076125709243
v -0.01104291264058018 0.3115175 0.013140651340045469
v -0.09801235621118679 0.13875546875 0.1200681779763697
v -0.021947461120910828 0.3085825 0.026547609551357137
v -0.09615968794377137 0.12148109374999999 0.11779027699576078
v -0.032576000476873715 0.30373171875 0.039615172866717806
v -0.0930976433431975 0.10464390625 0.11402566691312789
v -0.04279474599133472 0.29702640625 0.05217903726233913
v -0.08886482617714292 0.088455625 0.10882140340036477
v -0.052475539407226136 0.288550625 0.06408130829100302
v -0.08351453152568089 0.07312 0.10224330186566824
v -0.06149631779921886 0.27841109375 0.07517222072455602
v -0.0771139643284932 0.058829687500000005 0.09437390514877217
v -0.06974361422264075 0.26673546875 0.08531217085867564
v -0.06974361422264075 0.04576453124999999 0.08531217085867564
v -0.0771139643284932 0.2536703125 0.09437390514877217
v -0.06149631779921886 0.034088906249999995 0.07517222072455602
v -0.08351453152568089 0.23937999999999998 0.10224330186566824
v -0.052475539407226136 0.023949374999999995 0.06408130829100302
v -0.08541377437920138 0.058829687500000005 0.08696677960061269
v -0.07725024969454568 0.04576453124999999 0.07861306902482386
v -0.07725024969454568 0.26673546875 0.07861306902482386
v -0.08541377437920138 0.2536703125 0.08696677960061269
v -0.06811522290509385 0.034088906249999995 0.0692652487561044
v -0.09250327035340666 0.23937999999999998 0.09422148229130917
v -0.05812356757053451 0.023949374999999995 0.05904087980862065
v -0.09842949570888643 0.22404437500000002 0.10028572338243545
v -0.047400941299017056 0.015473593749999986 0.04806846637604915
v -0.103117899849761 0.20785609375 0.105083369610828
v -0.036082222841577354 0.00876828125000001 0.03648620518248969
v -0.1065094049453333 0.19101890625 0.10855392082690914
v -0.024309792896006464 0.0039174999999999904 0.02443948418429163
v -0.10856149996399063 0.173744375 0.11065376064377411
v -0.012231502329604483 0.0009824999999999973 0.012079944583238687
v -0.10924855325431948 0.15625 0.11135678176173432
v -0.012231502329604483 0.3115175 0.012079944583238687
v -0.10856149996399063 0.13875546875 0.11065376064377411
v -0.024309792896006464 0.3085825 0.02443948418429163
v -0.1065094049453333 0.12148109374999999 0.10855392082690914
v -0.036082222841577354 0.30373171875 0.03648620518248969
v -0.103117899849761 0.10464390625 0.105083369610828
v -0.047400941299017056 0.29702640625 0.04806846637604915
v -0.09842949570888643 0.088455625 0.10028572338243545
v -0.05812356757053451 0.288550625 0.05904087980862065
v -0.09250327035340666 0.07312 0.09422148229130917
v -0.06811522290509385 0.27841109375 0.0692652487561044
v -0.039289461369975465 0.30373171875 0.03305114113424865
v -0.05161422214539669 0.29702640625 0.043555968139464364
v -0.11228355958846319 0.10464390625 0.09526671226566585
v -0.10717848482156117 0.088455625 0.09091539143015223
v -0.06328990823593718 0.288550625 0.053507539254873254
v -0.10072556028764462 0.07312 0.0854153494083429
v -0.0741697628081987 0.27841109375 0.06278078957178775
v -0.09300590078600393 0.058829687500000005 0.07883552823115193
v -0.0841167190433417 0.26673546875 0.07125893973172075
v -0.0841167190433417 0.04576453124999999 0.07125893973172075
v -0.09300590078600393 0.2536703125 0.07883552823115193
v -0.0741697628081987 0.034088906249999995 0.06278078957178775
v -0.10072556028764462 0.23937999999999998 0.0854153494083429
v -0.06328990823593718 0.023949374999999995 0.053507539254873254
v -0.10717848482156117 0.22404437500000002 0.09091539143015223
v -0.05161422214539669 0.015473593749999986 0.043555968139464364
v -0.11228355958846319 0.20785609375 0.09526671226566585
v -0.039289461369975465 0.00876828125000001 0.03305114113424865
v -0.11597654916925938 0.19101890625 0.09841428335506126
v -0.02647050985205656 0.0039174999999999904 0.02212515804902743
v -0.11821119155895951 0.173744375 0.10031886558323769
v -0.013318815737433815 0.0009824999999999973 0.01091543395222119
v -0.11895919816667425 0.15625 0.10095654028640863
v -0.013318815737433815 0.3115175 0.01091543395222119
v -0.11821119155895951 0.13875546875 0.10031886558323769
v -0.02647050985205656 0.3085825 0.02212515804902743
v -0.11597654916925938 0.12148109374999999 0.09841428335506126
v -0.12688125394014746 0.173744375 0.08914916225721146
v -0.12768411853350942 0.15625 0.08971601895583804
v -0.014295788011738995 0.3115175 0.009656968308552125
v -0.014295788011738995 0.0009824999999999973 0.009656968308552125
v -0.12688125394014746 0.13875546875 0.08914916225721146
v -0.02841210744663235 0.3085825 0.019623859875275252
v -0.12448281904629249 0.12148109374999999 0.08745562706244538
v -0.04217114666731014 0.30373171875 0.02933858931985699
v -0.12051897792952267 0.10464390625 0.08465698706828842
v -0.0553997357361735 0.29702640625 0.03867890569405519
v -0.11503943098709114 0.088455625 0.08078810411803725
v -0.06793189408126406 0.288550625 0.047527247983703516
v -0.10811310235481104 0.07312 0.07589775352608001
v -0.07960961194905074 0.27841109375 0.05577246475120585
v -0.09982735845426884 0.058829687500000005 0.07004737342880954
v -0.0902861325061353 0.26673546875 0.06331075212235149
v -0.0902861325061353 0.04576453124999999 0.06331075212235149
v -0.09982735845426884 0.2536703125 0.07004737342880954
v -0.07960961194905074 0.034088906249999995 0.05577246475120585
v -0.10811310235481104 0.23937999999999998 0.07589775352608001
v -0.06793189408126406 0.023949374999999995 0.047527247983703516
v -0.11503943098709114 0.22404437500000002 0.08078810411803725
v -0.0553997357361735 0.015473593749999986 0.03867890569405519
v -0.12051897792952267 0.20785609375 0.08465698706828842
v -0.04217114666731014 0.00876828125000001 0.02933858931985699
v -0.12448281904629249 0.19101890625 0.08745562706244538
v -0.02841210744663235 0.0039174999999999904 0.019623859875275252
v -0.07201092133883741 0.023949374999999995 0.0411495629651789
v -0.05872638025042495 0.015473593749999986 0.03347776880400926
v -0.12194700475248323 0.22404437500000002 0.0699876549349112
v -0.12775569960879848 0.20785609375 0.07334220844818459
v -0.044703366278299184 0.00876828125000001 0.025379346973079014
v -0.13195741495393054 0.19101890625 0.07576878033899592
v -0.03011817517120688 0.0039174999999999904 0.016956381704104413
v -0.13449994974170792 0.173744375 0.07723704236698846
v -0.015154135752977844 0.0009824999999999973 0.008314709176062363
v -0.135350951826749 0.15625 0.07772854745813075
v -0.015154135752977844 0.3115175 0.008314709176062363
v -0.13449994974170792 0.13875546875 0.07723704236698846
v -0.03011817517120688 0.3085825 0.016956381704104413
v -0.13195741495393054 0.12148109374999999 0.07576878033899592
v -0.044703366278299184 0.30373171875 0.025379346973079014
v -0.12775569960879848 0.10464390625 0.07334220844818459
v -0.05872638025042495 0.29702640625 0.03347776880400926
v -0.12194700475248323 0.088455625 0.0699876549349112
v -0.07201092133883741 0.288550625 0.0411495629651789
v -0.11460494323752012 0.07312 0.06574764186812955
v -0.0843899149376763 0.27841109375 0.04829842947689848
v -0.10582157020221744 0.058829687500000005 0.06067516550289598
v -0.0957075393612142 0.26673546875 0.05483432160491293
v -0.0957075393612142 0.04576453124999999 0.05483432160491293
v -0.10582157020221744 0.2536703125 0.06067516550289598
v -0.0843899149376763 0.034088906249999995 0.04829842947689848
v -0.11460494323752012 0.23937999999999998 0.06574764186812955
v -0.11093899192315401 0.058829687500000005 0.05079660102793347
v -0.1003357716374899 0.04576453124999999 0.04589984085940601
v -0.1003357716374899 0.26673546875 0.04589984085940601
v -0.11093899192315401 0.2536703125 0.05079660102793347
v -0.08847081768193842 0.034088906249999995 0.04042043454753014
v -0.12014700640291152 0.23937999999999998 0.055049120585583894
v -0.07549323124825888 0.023949374999999995 0.03442716779208407
v -0.12784416006428667 0.22404437500000002 0.05860377795275745
v -0.061566335968933905 0.015473593749999986 0.027995548531687932
v -0.13393370905224908 0.20785609375 0.0614160187557342
v -0.046865177268251075 0.00876828125000001 0.021206243632445224
v -0.13833875841255805 0.19101890625 0.06345035582667402
v -0.03157464687561418 0.0039174999999999904 0.014144922556806968
v -0.14100413757845157 0.173744375 0.06468115085929596
v -0.01588698217662478 0.0009824999999999973 0.0069000687276696455
v -0.1418964003706462 0.15625 0.06509323973342163
v -0.01588698217662478 0.3115175 0.0069000687276696455
v -0.14100413757845157 0.13875546875 0.06468115085929596
v -0.03157464687561418 0.3085825 0.014144922556806968
v -0.13833875841255805 0.12148109374999999 0.06345035582667402
v -0.046865177268251075 0.30373171875 0.021206243632445224
v -0.13393370905224908 0.10464390625 0.0614160187557342
v -0.061566335968933905 0.29702640625 0.027995548531687932
v -0.12784416006428667 0.088455625 0.05860377795275745
v -0.07549323124825888 0.288550625 0.03442716779208407
v -0.12014700640291152 0.07312 0.055049120585583894
v -0.08847081768193842 0.27841109375 0.04042043454753014
v -0.04863860622306485 0.30373171875 0.016853828478980575
v -0.06389600301753301 0.29702640625 0.022277737237626313
v -0.1390018992476047 0.10464390625 0.048977219268800484
v -0.1326819779780353 0.088455625 0.046730584515363445
v -0.078350066346967 0.288550625 0.02741602901105672
v -0.12469349871766722 0.07312 0.043890673101339574
v -0.09181871771199622 0.27841109375 0.03220398270902596
v -0.1151369562949085 0.058829687500000005 0.04049344118797654
v -0.10413253814839947 0.26673546875 0.036581410844228134
v -0.10413253814839947 0.04576453124999999 0.036581410844228134
v -0.1151369562949085 0.2536703125 0.04049344118797654
v -0.09181871771199622 0.034088906249999995 0.03220398270902596
v -0.12469349871766722 0.23937999999999998 0.043890673101339574
v -0.078350066346967 0.023949374999999995 0.02741602901105672
v -0.1326819779780353 0.22404437500000002 0.046730584515363445
v -0.06389600301753301 0.015473593749999986 0.022277737237626313
v -0.1390018992476047 0.20785609375 0.048977219268800484
v -0.04863860622306485 0.00876828125000001 0.016853828478980575
v -0.14357355434210176 0.19101890625 0.050602437757195966
v -0.03276948818693447 0.0039174999999999904 0.01121246311035426
v -0.14633989720807544 0.173744375 0.05158591693288815
v -0.016488231950941217 0.0009824999999999973 0.005424615467427579
v -0.14726591876066839 0.15625 0.05191499397387241
v -0.016488231950941217 0.3115175 0.005424615467427579
v -0.14633989720807544 0.13875546875 0.05158591693288815
v -0.03276948818693447 0.3085825 0.01121246311035426
v -0.14357355434210176 0.12148109374999999 0.050602437757195966
v -0.15046315469339294 0.173744375 0.03805936540264395
v -0.15141512047851416 0.15625 0.03830308564344893
v -0.016952727487532963 0.3115175 0.0039005432239332056
v -0.016952727487532963 0.0009824999999999973 0.0039005432239332056
v -0.15046315469339294 0.13875546875 0.03805936540264395
v -0.03369269650949418 0.3085825 0.008183391021940373
v -0.14761882283927674 0.12148109374999999 0.03733180029635379
v -0.05000896183034494 0.30373171875 0.012358057673932757
v -0.14291822803492507 0.10464390625 0.036129144868186566
v -0.06569631394821954 0.29702640625 0.016371703255989845
v -0.13642029182047738 0.088455625 0.03446656323832067
v -0.08055751417967959 0.288550625 0.02017398914236487
v -0.12820675415745383 0.07312 0.032365160110097116
v -0.09440563901807515 0.27841109375 0.02371707800548483
v -0.11838092310429554 0.058829687500000005 0.029851199114340327
v -0.10706658078246299 0.26673546875 0.026956259140493898
v -0.10706658078246299 0.04576453124999999 0.026956259140493898
v -0.11838092310429554 0.2536703125 0.029851199114340327
v -0.09440563901807515 0.034088906249999995 0.02371707800548483
v -0.12820675415745383 0.23937999999999998 0.032365160110097116
v -0.08055751417967959 0.023949374999999995 0.02017398914236487
v -0.13642029182047738 0.22404437500000002 0.03446656323832067
v -0.06569631394821954 0.015473593749999986 0.016371703255989845
v -0.14291822803492507 0.20785609375 0.036129144868186566
v -0.05000896183034494 0.00876828125000001 0.012358057673932757
v -0.14761882283927674 0.19101890625 0.03733180029635379
v -0.03369269650949418 0.0039174999999999904 0.008183391021940373
v -0.0820974450417383 0.023949374999999995 0.012761079342178577
v -0.06695226486748306 0.015473593749999986 0.01032637823230255
v -0.13902815606124785 0.22404437500000002 0.021913329359937794
v -0.14565034326882823 0.20785609375 0.022977944395141062
v -0.05096499116995856 0.00876828125000001 0.007756138027636328
v -0.15044080514368474 0.19101890625 0.023748031570385016
v -0.03433676989653811 0.0039174999999999904 0.0050830319355745475
v -0.15333936982121862 0.173744375 0.024214054686382214
v -0.01727687410357983 0.0009824999999999973 0.0023405148191911447
v -0.15430977789211295 0.15625 0.02437007315997001
v -0.01727687410357983 0.3115175 0.0023405148191911447
v -0.15333936982121862 0.13875546875 0.024214054686382214
v -0.03433676989653811 0.3085825 0.0050830319355745475
v -0.15044080514368474 0.12148109374999999 0.023748031570385016
v -0.05096499116995856 0.30373171875 0.007756138027636328
v -0.14565034326882823 0.10464390625 0.022977944395141062
v -0.06695226486748306 0.29702640625 0.01032637823230255
v -0.13902815606124785 0.088455625 0.021913329359937794
v -0.0820974450417383 0.288550625 0.012761079342178577
v -0.13065770267859506 0.07312 0.02056763094245912
v -0.09621032608436887 0.27841109375 0.015029913116907661
v -0.12064401037544242 0.058829687500000005 0.018957889236513734
v -0.10911336192216876 0.26673546875 0.017104114627491653
v -0.10911336192216876 0.04576453124999999 0.017104114627491653
v -0.12064401037544242 0.2536703125 0.018957889236513734
v -0.09621032608436887 0.034088906249999995 0.015029913116907661
v -0.13065770267859506 0.23937999999999998 0.02056763094245912
v -0.09721793130792437 0.27841109375 0.006214713028061548
v -0.11025584589676019 0.26673546875 0.007106738489275918
v -0.12190746324146115 0.058829687500000005 0.007903870951023568
v -0.11025584589676019 0.04576453124999999 0.007106738489275918
v -0.12190746324146115 0.2536703125 0.007903870951023568
v -0.09721793130792437 0.034088906249999995 0.006214713028061548
v -0.13202587021807158 0.23937999999999998 0.008596105220609482
v -0.08295719939799374 0.023949374999999995 0.00523889407802648
v -0.140484158893983 0.22404437500000002 0.009174843085561392
v -0.06765338430797788 0.015473593749999986 0.004191788130039475
v -0.14717558281849136 0.20785609375 0.0096327369824939
v -0.05149872342347835 0.00876828125000001 0.0030865269995127313
v -0.1520162139622732 0.19101890625 0.009964002659380203
v -0.0346963944691147 0.0039174999999999904 0.001936867826401887
v -0.15494525529849995 0.173744375 0.010164262844416237
v -0.017457702278491218 0.0009824999999999973 0.0007575057374777352
v -0.1559256659650679 0.15625 0.010231328901699968
v -0.017457702278491218 0.3115175 0.0007575057374777352
v -0.15494525529849995 0.13875546875 0.010164262844416237
v -0.0346963944691147 0.3085825 0.001936867826401887
v -0.1520162139622732 0.12148109374999999 0.009964002659380203
v -0.05149872342347835 0.30373171875 0.0030865269995127313
v -0.14717558281849136 0.10464390625 0.0096327369824939
v -0.06765338430797788 0.29702640625 0.004191788130039475
v -0.140484158893983 0.088455625 0.009174843085561392
v -0.08295719939799374 0.288550625 0.00523889407802648
v -0.13202587021807158 0.07312 0.008596105220609482
v -0.15233192088822042 0.12148109374999999 -0.003906321038619058
v -0.1474812871487651 0.10464390625 -0.003795951256702244
v -0.05160562616473971 0.30373171875 -0.0016123179510165932
v -0.06779388951908016 0.29702640625 -0.00198094676937332
v -0.1407759533646481 0.088455625 -0.0036432157369675018
v -0.08312958788280553 0.288550625 -0.002330346858019328
v -0.13230016014630794 0.07312 -0.003450146784181005
v -0.09741985870808471 0.27841109375 -0.00265567195174297
v -0.12216065394444858 0.058829687500000005 -0.0032192456965165076
v -0.11048496785390807 0.26673546875 -0.0029533264344194796
v -0.11048496785390807 0.04576453124999999 -0.0029533264344194796
v -0.12216065394444858 0.2536703125 -0.0032192456965165076
v -0.09741985870808471 0.034088906249999995 -0.00265567195174297
v -0.13230016014630794 0.23937999999999998 -0.003450146784181005
v -0.08312958788280553 0.023949374999999995 -0.002330346858019328
v -0.1407759533646481 0.22404437500000002 -0.0036432157369675018
v -0.06779388951908016 0.015473593749999986 -0.00198094676937332
v -0.1474812871487651 0.20785609375 -0.003795951256702244
v -0.05160562616473971 0.00876828125000001 -0.0016123179510165932
v -0.15233192088822042 0.19101890625 -0.003906321038619058
v -0.03476844441607593 0.0039174999999999904 -0.0012288376747532125
v -0.15526705755618583 0.173744375 -0.00397323076476693
v -0.017493961687807938 0.0009824999999999973 -0.0008355085369306826
v -0.15624949999999993 0.15625 -0.0039955861171948395
v -0.017493961687807938 0.3115175 -0.0008355085369306826
v -0.15526705755618583 0.13875546875 -0.00397323076476693
v -0.03476844441607593 0.3085825 -0.0012288376747532125
v -0.03455245086574962 0.0039174999999999904 -0.004388133599338072
v -0.017385339750415185 0.0009824999999999973 -0.0024250835263501915
v -0.15430227594535778 0.173744375 -0.018081490451544367
v -0.1552786230574334 0.15625 -0.018193110882548057
v -0.017385339750415185 0.3115175 -0.0024250835263501915
v -0.15430227594535778 0.13875546875 -0.018081490451544367
v -0.03455245086574962 0.3085825 -0.004388133599338072
v -0.15138542527260826 0.12148109374999999 -0.01774787980762017
v -0.05128507423151304 0.30373171875 -0.006301470371122627
v -0.14656495561073096 0.10464390625 -0.017196656222579532
v -0.06737253017633073 0.29702640625 -0.008141018846781495
v -0.1399011951148823 0.088455625 -0.016434698266400278
v -0.08261304759059972 0.288550625 -0.009883798349343323
v -0.13147807181438584 0.07312 -0.015471542138369829
v -0.09681454537927588 0.27841109375 -0.011507766188651925
v -0.12140155070715847 0.058829687500000005 -0.014319225335949372
v -0.1097983834352514 0.26673546875 -0.0129924429859097
v -0.1097983834352514 0.04576453124999999 -0.0129924429859097
v -0.12140155070715847 0.2536703125 -0.014319225335949372
v -0.09681454537927588 0.034088906249999995 -0.011507766188651925
v -0.13147807181438584 0.23937999999999998 -0.015471542138369829
v -0.08261304759059972 0.023949374999999995 -0.009883798349343323
v -0.1399011951148823 0.22404437500000002 -0.016434698266400278
v -0.06737253017633073 0.015473593749999986 -0.008141018846781495
v -0.14656495561073096 0.20785609375 -0.017196656222579532
v -0.05128507423151304 0.00876828125000001 -0.006301470371122627
v -0.15138542527260826 0.19101890625 -0.01774787980762017
v -0.08141195465698346 0.023949374999999995 -0.017359084272737565
v -0.06639305725310714 0.015473593749999986 -0.014237307820758986
v -0.13786707351032593 0.22404437500000002 -0.029093611992624186
v -0.1444340901511442 0.20785609375 -0.030458539139813577
v -0.05053941198215933 0.00876828125000001 -0.010942003807976355
v -0.14918438535274905 0.19101890625 -0.03144608292503811
v -0.03405013301426717 0.0039174999999999904 -0.007514599985392435
v -0.15205888128444328 0.173744375 -0.03204342419515731
v -0.017132617919099955 0.0009824999999999973 -0.003998243746504451
v -0.15302100595579546 0.15625 -0.03224352804905748
v -0.017132617919099955 0.3115175 -0.003998243746504451
v -0.15205888128444328 0.13875546875 -0.03204342419515731
v -0.03405013301426717 0.3085825 -0.007514599985392435
v -0.14918438535274905 0.12148109374999999 -0.03144608292503811
v -0.05053941198215933 0.30373171875 -0.010942003807976355
v -0.1444340901511442 0.10464390625 -0.030458539139813577
v -0.06639305725310714 0.29702640625 -0.014237307820758986
v -0.13786707351032593 0.088455625 -0.029093611992624186
v -0.08141195465698346 0.288550625 -0.017359084272737565
v -0.1295664820068307 0.07312 -0.027368341577278625
v -0.0954069926193347 0.27841109375 -0.020267937717675488
v -0.11963656144244428 0.058829687500000005 -0.025304301590525494
v -0.10820203168197143 0.26673546875 -0.02292759933205335
v -0.10820203168197143 0.04576453124999999 -0.02292759933205335
v -0.11963656144244428 0.2536703125 -0.025304301590525494
v -0.0954069926193347 0.034088906249999995 -0.020267937717675488
v -0.1295664820068307 0.23937999999999998 -0.027368341577278625
v -0.09320876592950869 0.27841109375 -0.028863961554046566
v -0.10570904100088968 0.26673546875 -0.03267625263311661
v -0.11688006488158675 0.058829687500000005 -0.03608333340803879
v -0.10570904100088968 0.04576453124999999 -0.03267625263311661
v -0.11688006488158675 0.2536703125 -0.03608333340803879
v -0.09320876592950869 0.034088906249999995 -0.028863961554046566
v -0.12658133236049754 0.23937999999999998 -0.03904190015418004
v -0.07953615538707291 0.023949374999999995 -0.024694141167265826
v -0.13469078051229288 0.22404437500000002 -0.04151505872347751
v -0.06486344156783681 0.015473593749999986 -0.020219162403287323
v -0.14110635160299095 0.20785609375 -0.043471699219895146
v -0.04937489103897457 0.00876828125000001 -0.015495460802156334
v -0.14574724341441603 0.19101890625 -0.04488712132396716
v -0.033265554416120946 0.0039174999999999904 -0.010582442195499477
v -0.14855547214977285 0.173744375 -0.04574365961734143
v -0.016737827971108454 0.0009824999999999973 -0.005541857381981264
v -0.1494954035619743 0.15625 -0.046030214589371905
v -0.016737827971108454 0.3115175 -0.005541857381981264
v -0.14855547214977285 0.13875546875 -0.04574365961734143
v -0.033265554416120946 0.3085825 -0.010582442195499477
v -0.14574724341441603 0.12148109374999999 -0.04488712132396716
v -0.04937489103897457 0.30373171875 -0.015495460802156334
v -0.14110635160299095 0.10464390625 -0.043471699219895146
v -0.06486344156783681 0.29702640625 -0.020219162403287323
v -0.13469078051229288 0.088455625 -0.04151505872347751
v -0.07953615538707291 0.288550625 -0.024694141167265826
v -0.12658133236049754 0.07312 -0.03904190015418004
v -0.14110244433905594 0.12148109374999999 -0.057959999897947055
v -0.13660940339493097 0.10464390625 -0.05612826797908116
v -0.04780135770707495 0.30373171875 -0.019924321881056285
v -0.06279618636511171 0.29702640625 -0.026037181955434887
v -0.13039826035331165 0.088455625 -0.05359617257156467
v -0.07700143512716545 0.288550625 -0.03182815622107876
v -0.12254731678345526 0.07312 -0.05039576155824876
v -0.09023830759557103 0.27841109375 -0.03722439436867737
v -0.113155192027081 0.058829687500000005 -0.04656689937877761
v -0.10234019803614033 0.26673546875 -0.04215789235413181
v -0.10234019803614033 0.04576453124999999 -0.04215789235413181
v -0.113155192027081 0.2536703125 -0.04656689937877761
v -0.09023830759557103 0.034088906249999995 -0.03722439436867737
v -0.12254731678345526 0.23937999999999998 -0.05039576155824876
v -0.07700143512716545 0.023949374999999995 -0.03182815622107876
v -0.13039826035331165 0.22404437500000002 -0.05359617257156467
v -0.06279618636511171 0.015473593749999986 -0.026037181955434887
v -0.13660940339493097 0.20785609375 -0.05612826797908116
v -0.04780135770707495 0.00876828125000001 -0.019924321881056285
v -0.14110244433905594 0.19101890625 -0.057959999897947055
v -0.032205435565279154 0.0039174999999999904 -0.013566334585649967
v -0.14382111858502275 0.173744375 -0.059068231320055134
v -0.01620440829870346 0.0009824999999999973 -0.007043105279640149
v -0.1447310422102035 0.15625 -0.05943936143658561
v -0.01620440829870346 0.3115175 -0.007043105279640149
v -0.14382111858502275 0.13875546875 -0.059068231320055134
v -0.032205435565279154 0.3085825 -0.013566334585649967
v -0.030878372442398758 0.0039174999999999904 -0.01644126417410638
v -0.015536735037492179 0.0009824999999999973 -0.008489793610884063
v -0.13789489322954304 0.173744375 -0.0719072385147892
v -0.13876746341150523 0.15625 -0.07235934815969489
v -0.015536735037492179 0.3115175 -0.008489793610884063
v -0.13789489322954304 0.13875546875 -0.0719072385147892
v -0.030878372442398758 0.3085825 -0.01644126417410638
v -0.13528827931323179 0.12148109374999999 -0.0705562248386913
v -0.04583178410272463 0.30373171875 -0.024191536565477498
v -0.13098044267962533 0.10464390625 -0.0683233472252099
v -0.06020863989680319 0.29702640625 -0.031642903825085236
v -0.12502514728046926 0.088455625 -0.06523690160993557
v -0.07382858052139527 0.288550625 -0.03870203626482146
v -0.11749772516443013 0.07312 -0.06133550178342562
v -0.08651999894447607 0.27841109375 -0.04527998146838211
v -0.10849257582817738 0.058829687500000005 -0.056668235722339914
v -0.09812332250694052 0.26673546875 -0.05129372760262578
v -0.09812332250694052 0.04576453124999999 -0.05129372760262578
v -0.10849257582817738 0.2536703125 -0.056668235722339914
v -0.08651999894447607 0.034088906249999995 -0.04527998146838211
v -0.11749772516443013 0.23937999999999998 -0.06133550178342562
v -0.07382858052139527 0.023949374999999995 -0.03870203626482146
v -0.12502514728046926 0.22404437500000002 -0.06523690160993557
v -0.06020863989680319 0.015473593749999986 -0.031642903825085236
v -0.13098044267962533 0.20785609375 -0.0683233472252099
v -0.04583178410272463 0.00876828125000001 -0.024191536565477498
v -0.13528827931323179 0.19101890625 -0.0705562248386913
v -0.11147459966336262 0.23937999999999998 -0.07177060510204797
v -0.118616140393182 0.22404437500000002 -0.07634047686549321
v -0.07004400467396286 0.023949374999999995 -0.045258876765041076
v -0.05712221396927499 0.015473593749999986 -0.036990210327159816
v -0.12426604404317919 0.20785609375 -0.07995594704451614
v -0.04348226815333576 0.00876828125000001 -0.02826193034985159
v -0.12835319840973733 0.19101890625 -0.08257136694744574
v -0.02929546167705515 0.0039174999999999904 -0.01918362495935392
v -0.13082618389947187 0.173744375 -0.08415375070461571
v -0.014740278356983588 0.0009824999999999973 -0.009869572215980107
v -0.1316540549820178 0.15625 -0.08468355692404361
v -0.014740278356983588 0.3115175 -0.009869572215980107
v -0.13082618389947187 0.13875546875 -0.08415375070461571
v -0.02929546167705515 0.3085825 -0.01918362495935392
v -0.12835319840973733 0.12148109374999999 -0.08257136694744574
v -0.04348226815333576 0.30373171875 -0.02826193034985159
v -0.12426604404317919 0.10464390625 -0.07995594704451614
v -0.05712221396927499 0.29702640625 -0.036990210327159816
v -0.118616140393182 0.088455625 -0.07634047686549321
v -0.07004400467396286 0.288550625 -0.045258876765041076
v -0.11147459966336262 0.07312 -0.07177060510204797
v -0.08208478550658893 0.27841109375 -0.05296381312701294
v -0.10293113263366839 0.058829687500000005 -0.06630354894990502
v -0.09309326720759034 0.26673546875 -0.06000825043997837
v -0.09309326720759034 0.04576453124999999 -0.06000825043997837
v -0.10293113263366839 0.2536703125 -0.06630354894990502
v -0.08208478550658893 0.034088906249999995 -0.05296381312701294
v -0.05356254023394068 0.015473593749999986 -0.04203454708793866
v -0.04077250246914071 0.00876828125000001 -0.03210173570883291
v -0.11652200321458414 0.20785609375 -0.09092961112617452
v -0.12035440397258085 0.19101890625 -0.09390584329066788
v -0.027469831676069895 0.0039174999999999904 -0.02177074892669297
v -0.12267328697271938 0.173744375 -0.09570677797576944
v -0.013821602460588472 0.0009824999999999973 -0.011171341584282256
v -0.12344958217132343 0.15625 -0.09630959083564372
v -0.013821602460588472 0.3115175 -0.011171341584282256
v -0.12267328697271938 0.13875546875 -0.09570677797576944
v -0.027469831676069895 0.3085825 -0.02177074892669297
v -0.12035440397258085 0.12148109374999999 -0.09390584329066788
v -0.04077250246914071 0.30373171875 -0.03210173570883291
v -0.11652200321458414 0.10464390625 -0.09092961112617452
v -0.05356254023394068 0.29702640625 -0.04203454708793866
v -0.11122422219040838 0.088455625 -0.0868152882926239
v -0.06567896569634815 0.288550625 -0.05144427448645849
v -0.10452764067750578 0.07312 -0.08161462039598555
v -0.07696939556289853 0.27841109375 -0.060212575234546754
v -0.09651665557687217 0.058829687500000005 -0.07539311018218457
v -0.08729191800747288 0.26673546875 -0.0682290795502866
v -0.08729191800747288 0.04576453124999999 -0.0682290795502866
v -0.09651665557687217 0.2536703125 -0.07539311018218457
v -0.07696939556289853 0.034088906249999995 -0.060212575234546754
v -0.10452764067750578 0.23937999999999998 -0.08161462039598555
v -0.06567896569634815 0.023949374999999995 -0.05144427448645849
v -0.11122422219040838 0.22404437500000002 -0.0868152882926239
v -0.08076709981715251 0.04576453124999999 -0.07588821088945163
v -0.0712163401450176 0.034088906249999995 -0.06696592397254177
v -0.08930243973786192 0.2536703125 -0.08386172414283015
v -0.09671467571309753 0.23937999999999998 -0.09078594281231961
v -0.06076972299786791 0.023949374999999995 -0.05720710914764765
v -0.10291065857064906 0.22404437500000002 -0.09657410311751802
v -0.049558845025033965 0.015473593749999986 -0.046734173694147285
v -0.10781255561293153 0.20785609375 -0.1011533547491148
v -0.037724992890405026 0.00876828125000001 -0.035679217421841956
v -0.11135847577921469 0.19101890625 -0.104465855186842
v -0.02541648633295335 0.0039174999999999904 -0.02418090604823905
v -0.11350403255119701 0.173744375 -0.10647017667969678
v -0.012788521876176817 0.0009824999999999973 -0.012384158536280344
v -0.11422218766244836 0.15625 -0.1071411499148058
v -0.012788521876176817 0.3115175 -0.012384158536280344
v -0.11350403255119701 0.13875546875 -0.10647017667969678
v -0.02541648633295335 0.3085825 -0.02418090604823905
v -0.11135847577921469 0.12148109374999999 -0.104465855186842
v -0.037724992890405026 0.30373171875 -0.035679217421841956
v -0.10781255561293153 0.10464390625 -0.1011533547491148
v -0.049558845025033965 0.29702640625 -0.046734173694147285
v -0.10291065857064906 0.088455625 -0.09657410311751802
v -0.06076972299786791 0.288550625 -0.05720710914764765
v -0.09671467571309753 0.07312 -0.09078594281231961
v -0.0712163401450176 0.27841109375 -0.06696592397254177
v -0.08930243973786192 0.058829687500000005 -0.08386172414283015
v -0.08076709981715251 0.26673546875 -0.07588821088945163
v -0.04514457452183838 0.29702640625 -0.05105016369295667
v -0.05535691212344599 0.288550625 -0.062499387089899675
v -0.09374437366971726 0.088455625 -0.10553641080520793
v -0.08810025277034388 0.07312 -0.09920875175015836
v -0.0648729752918382 0.27841109375 -0.07316804912549615
v -0.08134818810956439 0.058829687500000005 -0.09163888548956912
v -0.07357320175060424 0.26673546875 -0.08292217401631448
v -0.07357320175060424 0.04576453124999999 -0.08292217401631448
v -0.08134818810956439 0.2536703125 -0.09163888548956912
v -0.0648729752918382 0.034088906249999995 -0.07316804912549615
v -0.08810025277034388 0.23937999999999998 -0.09920875175015836
v -0.05535691212344599 0.023949374999999995 -0.062499387089899675
v -0.09374437366971726 0.22404437500000002 -0.10553641080520793
v -0.04514457452183838 0.015473593749999986 -0.05105016369295667
v -0.09820959489462511 0.20785609375 -0.11054260276883704
v -0.03436474590631265 0.00876828125000001 -0.03896467257306544
v -0.10143965184440358 0.19101890625 -0.11416385719988675
v -0.02315261760901949 0.0039174999999999904 -0.026394398600873867
v -0.10339406526468613 0.173744375 -0.11635515073122954
v -0.011649320003290803 0.0009824999999999973 -0.0134978615481435
v -0.10404829753796105 0.15625 -0.11708865642068235
v -0.011649320003290803 0.3115175 -0.0134978615481435
v -0.10339406526468613 0.13875546875 -0.11635515073122954
v -0.02315261760901949 0.3085825 -0.026394398600873867
v -0.10143965184440358 0.12148109374999999 -0.11416385719988675
v -0.03436474590631265 0.30373171875 -0.03896467257306544
v -0.09820959489462511 0.10464390625 -0.11054260276883704
v -0.09301230869885732 0.15625 -0.1260694111824037
v -0.09242746943306786 0.13875546875 -0.1252794699529056
v -0.010413686856489206 0.3115175 -0.014503383413991875
v -0.020696824080598867 0.3085825 -0.02839293584170186
v -0.09068029729189724 0.12148109374999999 -0.1229194951259704
v -0.03071973752663812 0.30373171875 -0.041930743213727945
v -0.08779282924393877 0.10464390625 -0.11901934594854732
v -0.04035630071478545 0.29702640625 -0.05494687358539084
v -0.08380116840795182 0.088455625 -0.11362795406616034
v -0.049485388463056126 0.288550625 -0.06727749192630977
v -0.07875564034341909 0.07312 -0.10681301086063669
v -0.05799212721176141 0.27841109375 -0.07876751774971212
v -0.07271985530720218 0.058829687500000005 -0.09866034212556318
v -0.06576945792908255 0.26673546875 -0.08927250108606367
v -0.06576945792908255 0.04576453124999999 -0.08927250108606367
v -0.07271985530720218 0.2536703125 -0.09866034212556318
v -0.05799212721176141 0.034088906249999995 -0.07876751774971212
v -0.07875564034341909 0.23937999999999998 -0.10681301086063669
v -0.049485388463056126 0.023949374999999995 -0.06727749192630977
v -0.08380116840795182 0.22404437500000002 -0.11362795406616034
v -0.04035630071478545 0.015473593749999986 -0.05494687358539084
v -0.08779282924393877 0.20785609375 -0.11901934594854732
v -0.03071973752663812 0.00876828125000001 -0.041930743213727945
v -0.09068029729189724 0.19101890625 -0.1229194951259704
v -0.020696824080598867 0.0039174999999999904 -0.02839293584170186
v -0.09242746943306786 0.173744375 -0.1252794699529056
v -0.010413686856489206 0.0009824999999999973 -0.014503383413991875
v -0.035233565114897274 0.015473593749999986 -0.05839178649519102
v -0.026820288119516967 0.00876828125000001 -0.04455319801777124
v -0.07664853104855705 0.20785609375 -0.12651370427051642
v -0.07916949773941334 0.19101890625 -0.1306602313180541
v -0.018069579810710827 0.0039174999999999904 -0.03015963400805019
v -0.08069489357963389 0.173744375 -0.13316934604859923
v -0.009091781322003008 0.0009824999999999973 -0.015392438583624915
v -0.08120549483065852 0.15625 -0.13400915691043655
v -0.009091781322003008 0.3115175 -0.015392438583624915
v -0.08069489357963389 0.13875546875 -0.13316934604859923
v -0.018069579810710827 0.3085825 -0.03015963400805019
v -0.07916949773941334 0.12148109374999999 -0.1306602313180541
v -0.026820288119516967 0.30373171875 -0.04455319801777124
v -0.07664853104855705 0.10464390625 -0.12651370427051642
v -0.035233565114897274 0.29702640625 -0.05839178649519102
v -0.07316372049021717 0.088455625 -0.12078135418081988
v -0.043203758380049584 0.288550625 -0.07150171554836962
v -0.06875867112990816 0.07312 -0.1135358750271391
v -0.050630685667680725 0.27841109375 -0.0837178994978394
v -0.06348886611550693 0.058829687500000005 -0.10486793886827267
v -0.05742088522446571 0.26673546875 -0.09488682116818631
v -0.05742088522446571 0.04576453124999999 -0.09488682116818631
v -0.06348886611550693 0.2536703125 -0.10486793886827267
v -0.050630685667680725 0.034088906249999995 -0.0837178994978394
v -0.06875867112990816 0.23937999999999998 -0.1135358750271391
v -0.043203758380049584 0.023949374999999995 -0.07150171554836962
v -0.07316372049021717 0.22404437500000002 -0.12078135418081988
v -0.04859640777256694 0.26673546875 -0.09971839125306038
v -0.053731959198161885 0.2536703125 -0.11021008644286386
v -0.04859640777256694 0.04576453124999999 -0.09971839125306038
v -0.04284976026753939 0.034088906249999995 -0.0879782356122828
v -0.05819186654411817 0.23937999999999998 -0.11932137770302788
v -0.03656422292059786 0.023949374999999995 -0.07513703978164668
v -0.0619198652097719 0.22404437500000002 -0.12693767431096742
v -0.029818722463229155 0.015473593749999986 -0.06135645015563079
v -0.0648692243184606 0.20785609375 -0.13296314528040057
v -0.022698437249216122 0.00876828125000001 -0.04680983796390329
v -0.06700274671752315 0.19101890625 -0.13732197001043545
v -0.01529260918683393 0.0039174999999999904 -0.0316801106354198
v -0.06829370672164423 0.173744375 -0.13995927627238539
v -0.007694543738850179 0.0009824999999999973 -0.016157366831385505
v -0.06872585011285424 0.15625 -0.14084207819658404
v -0.007694543738850179 0.3115175 -0.016157366831385505
v -0.06829370672164423 0.13875546875 -0.13995927627238539
v -0.01529260918683393 0.3085825 -0.0316801106354198
v -0.06700274671752315 0.12148109374999999 -0.13732197001043545
v -0.022698437249216122 0.30373171875 -0.04680983796390329
v -0.0648692243184606 0.10464390625 -0.13296314528040057
v -0.029818722463229155 0.29702640625 -0.06135645015563079
v -0.0619198652097719 0.088455625 -0.12693767431096742
v -0.03656422292059786 0.288550625 -0.07513703978164668
v -0.05819186654411817 0.07312 -0.11932137770302788
v -0.04284976026753939 0.27841109375 -0.0879782356122828
v -0.053731959198161885 0.058829687500000005 -0.11021008644286386
v -0.05255243436146676 0.10464390625 -0.13831451639200748
v -0.050163064319940984 0.088455625 -0.13204579417517695
v -0.024156940730869617 0.29702640625 -0.06381647690951606
v -0.02962164007034821 0.288550625 -0.07815344904805595
v -0.04714274929819285 0.07312 -0.12412199422300177
v -0.034713742720986054 0.27841109375 -0.09151319525633807
v -0.043529780482785246 0.058829687500000005 -0.11464269946902443
v -0.03936932584480669 0.26673546875 -0.10372734690104168
v -0.03936932584480669 0.04576453124999999 -0.10372734690104168
v -0.043529780482785246 0.2536703125 -0.11464269946902443
v -0.034713742720986054 0.034088906249999995 -0.09151319525633807
v -0.04714274929819285 0.23937999999999998 -0.12412199422300177
v -0.02962164007034821 0.023949374999999995 -0.07815344904805595
v -0.050163064319940984 0.22404437500000002 -0.13204579417517695
v -0.024156940730869617 0.015473593749999986 -0.06381647690951606
v -0.05255243436146676 0.20785609375 -0.13831451639200748
v -0.018388568838363505 0.00876828125000001 -0.04868237230922851
v -0.054280851635749444 0.19101890625 -0.14284936998102019
v -0.012388886920905924 0.0039174999999999904 -0.03294170290180606
v -0.05532659175531047 0.173744375 -0.14559313774649044
v -0.006233383317720896 0.0009824999999999973 -0.01679222757411098
v -0.055676682603885676 0.15625 -0.1465115831696651
v -0.006233383317720896 0.3115175 -0.01679222757411098
v -0.05532659175531047 0.13875546875 -0.14559313774649044
v -0.012388886920905924 0.3085825 -0.03294170290180606
v -0.054280851635749444 0.12148109374999999 -0.14284936998102019
v -0.018388568838363505 0.30373171875 -0.04868237230922851
v -0.0047208033032071295 0.0009824999999999973 -0.0172913928909104
v -0.04216630166003075 0.15625 -0.15097077248892177
v -0.041901076584123544 0.13875546875 -0.15002418746129242
v -0.0047208033032071295 0.3115175 -0.0172913928909104
v -0.009382481758766348 0.3085825 -0.03393393662110637
v -0.041108996039222134 0.12148109374999999 -0.14719662620700144
v -0.013926317134046235 0.30373171875 -0.05015516794016096
v -0.03980006262100011 0.10464390625 -0.14252341956275308
v -0.01829495079448112 0.29702640625 -0.06575107471577751
v -0.037990530547427015 0.088455625 -0.13606319170449466
v -0.02243352475442372 0.288550625 -0.08052577403472404
v -0.035703061949325814 0.07312 -0.12789754748514484
v -0.026290150548817368 0.27841109375 -0.09429338817646363
v -0.032966726870372824 0.058829687500000005 -0.11812904012982742
v -0.029815909233195968 0.26673546875 -0.10688038958019214
v -0.029815909233195968 0.04576453124999999 -0.10688038958019214
v -0.032966726870372824 0.2536703125 -0.11812904012982742
v -0.026290150548817368 0.034088906249999995 -0.09429338817646363
v -0.035703061949325814 0.23937999999999998 -0.12789754748514484
v -0.02243352475442372 0.023949374999999995 -0.08052577403472404
v -0.037990530547427015 0.22404437500000002 -0.13606319170449466
v -0.01829495079448112 0.015473593749999986 -0.06575107471577751
v -0.03980006262100011 0.20785609375 -0.14252341956275308
v -0.013926317134046235 0.00876828125000001 -0.05015516794016096
v -0.041108996039222134 0.19101890625 -0.14719662620700144
v -0.009382481758766348 0.0039174999999999904 -0.03393393662110637
v -0.041901076584123544 0.173744375 -0.15002418746129242
v -0.012281359017414967 0.015473593749999986 -0.06714461046082919
v -0.009348722998368024 0.00876828125000001 -0.05121587469696775
v -0.0267179178044202 0.20785609375 -0.14555483661820487
v -0.027596583318121006 0.19101890625 -0.1503277825271316
v -0.00629840018959915 0.0039174999999999904 -0.03464868257425606
v -0.0281282837943946 0.173744375 -0.15321568759986434
v -0.0031689943587860517 0.0009824999999999973 -0.017651110834523132
v -0.028306298739272793 0.15625 -0.15418243934401957
v -0.0031689943587860517 0.3115175 -0.017651110834523132
v -0.0281282837943946 0.13875546875 -0.15321568759986434
v -0.00629840018959915 0.3085825 -0.03464868257425606
v -0.027596583318121006 0.12148109374999999 -0.1503277825271316
v -0.009348722998368024 0.30373171875 -0.05121587469696775
v -0.0267179178044202 0.10464390625 -0.14555483661820487
v -0.012281359017414967 0.29702640625 -0.06714461046082919
v -0.025503071301752753 0.088455625 -0.13895688102925421
v -0.015059579965751062 0.288550625 -0.08223447334966852
v -0.02396751657530124 0.07312 -0.13061708392455687
v -0.017648533049076185 0.27841109375 -0.09629583369568807
v -0.02213063365418321 0.058829687500000005 -0.12064003083400288
v -0.02001539725033641 0.26673546875 -0.10915141199082325
v -0.02001539725033641 0.04576453124999999 -0.10915141199082325
v -0.02213063365418321 0.2536703125 -0.12064003083400288
v -0.017648533049076185 0.034088906249999995 -0.09629583369568807
v -0.02396751657530124 0.23937999999999998 -0.13061708392455687
v -0.015059579965751062 0.023949374999999995 -0.08223447334966852
v -0.025503071301752753 0.22404437500000002 -0.13895688102925421
v -0.010049217276633235 0.26673546875 -0.11052165439663189
v -0.011111211614163827 0.2536703125 -0.12215503587161738
v -0.010049217276633235 0.04576453124999999 -0.11052165439663189
v -0.008860783878166332 0.034088906249999995 -0.09750396071361037
v -0.012033482193379129 0.23937999999999998 -0.13225777919540244
v -0.007560915312273484 0.023949374999999995 -0.08326547719066198
v -0.012804463513031581 0.22404437500000002 -0.14070278715453322
v -0.006166022087481649 0.015473593749999986 -0.06798535930948163
v -0.013414309268004996 0.20785609375 -0.14738391090776115
v -0.004693608746219593 0.00876828125000001 -0.05185589436717658
v -0.013855517511544194 0.19101890625 -0.15221688797285793
v -0.003162117574260468 0.0039174999999999904 -0.03507984384695659
v -0.014122461783582788 0.173744375 -0.15514137453138183
v -0.0015909286007218337 0.0009824999999999973 -0.017867942119960276
v -0.014211859982415387 0.15625 -0.15612016377299823
v -0.0015909286007218337 0.3115175 -0.017867942119960276
v -0.014122461783582788 0.13875546875 -0.15514137453138183
v -0.003162117574260468 0.3085825 -0.03507984384695659
v -0.013855517511544194 0.12148109374999999 -0.15221688797285793
v -0.004693608746219593 0.30373171875 -0.05185589436717658
v -0.013414309268004996 0.10464390625 -0.14738391090776115
v -0.006166022087481649 0.29702640625 -0.06798535930948163
v -0.012804463513031581 0.088455625 -0.14070278715453322
v -0.007560915312273484 0.288550625 -0.08326547719066198
v -0.012033482193379129 0.07312 -0.13225777919540244
v -0.008860783878166332 0.27841109375 -0.09750396071361037
v -0.011111211614163827 0.058829687500000005 -0.12215503587161738
vt 0.73913 0.42857100000000004
vt 0.73913 0.464286
vt 0.724638 0.464286
vt 0.724638 0.42857100000000004
vt 0.73913 0.892857
vt 0.73913 0.928572
vt 0.724638 0.928572
vt 0.724638 0.892857
vt 0.73913 0.392857
vt 0.73913 0.42857100000000004
vt 0.724638 0.42857100000000004
vt 0.724638 0.392857
vt 0.73913 0.857143
vt 0.73913 0.892857
vt 0.724638 0.892857
vt 0.724638 0.857143
vt 0.73913 0.357143
vt 0.73913 0.392857
vt 0.724638 0.392857
vt 0.724638 0.357143
vt 0.73913 0.821429
vt 0.73913 0.857143
vt 0.724638 0.857143
vt 0.724638 0.821429
vt 0.73913 0.32142800000000005
vt 0.73913 0.357143
vt 0.724638 0.357143
vt 0.724638 0.32142899999999996
vt 0.73913 0.785714
vt 0.73913 0.821429
vt 0.724638 0.821429
vt 0.724638 0.785714
vt 0.73913 0.285714
vt 0.73913 0.32142800000000005
vt 0.724638 0.32142899999999996
vt 0.724638 0.285714
vt 0.73913 0.75
vt 0.73913 0.785714
vt 0.724638 0.785714
vt 0.724638 0.75
vt 0.73913 0.25
vt 0.73913 0.285714
vt 0.724638 0.285714
vt 0.724638 0.25
vt 0.73913 0.714286
vt 0.73913 0.75
vt 0.724638 0.75
vt 0.724638 0.714286
vt 0.73913 0.21428599999999998
vt 0.73913 0.25
vt 0.724638 0.25
vt 0.724638 0.21428599999999998
vt 0.73913 0.678572
vt 0.73913 0.714286
vt 0.724638 0.714286
vt 0.724638 0.678571
vt 0.73913 0.17857100000000004
vt 0.73913 0.21428599999999998
vt 0.724638 0.21428599999999998
vt 0.724638 0.17857100000000004
vt 0.73913 0.642857
vt 0.73913 0.678572
vt 0.724638 0.678571
vt 0.724638 0.642857
vt 0.73913 0.142857
vt 0.73913 0.17857100000000004
vt 0.724638 0.17857100000000004
vt 0.724638 0.142857
vt 0.73913 0.607143
vt 0.73913 0.642857
vt 0.724638 0.642857
vt 0.724638 0.607143
vt 0.73913 0.10714299999999999
vt 0.73913 0.142857
vt 0.724638 0.142857
vt 0.724638 0.10714299999999999
vt 0.73913 0.571429
vt 0.73913 0.607143
vt 0.724638 0.607143
vt 0.724638 0.571429
vt 0.73913 0.07142899999999996
vt 0.73913 0.10714299999999999
vt 0.724638 0.10714299999999999
vt 0.724638 0.07142899999999996
vt 0.73913 0.535714
vt 0.73913 0.571429
vt 0.724638 0.571429
vt 0.724638 0.535714
vt 0.73913 0.035714000000000024
vt 0.73913 0.07142899999999996
vt 0.724638 0.07142899999999996
vt 0.724638 0.035714000000000024
vt 0.73913 0.5
vt 0.73913 0.535714
vt 0.724638 0.535714
vt 0.724638 0.5
vt 0.73913 0.964286
vt 0.731884 1
vt 0.724638 0.964286
vt 0.731884 0
vt 0.73913 0.035714000000000024
vt 0.724638 0.035714000000000024
vt 0.73913 0.464286
vt 0.73913 0.5
vt 0.724638 0.5
vt 0.724638 0.464286
vt 0.73913 0.928572
vt 0.73913 0.964286
vt 0.724638 0.964286
vt 0.724638 0.928572
vt 0.724638 0.464286
vt 0.724638 0.5
vt 0.710145 0.5
vt 0.710145 0.464286
vt 0.724638 0.928572
vt 0.724638 0.964286
vt 0.710145 0.964286
vt 0.710145 0.928572
vt 0.724638 0.42857100000000004
vt 0.724638 0.464286
vt 0.710145 0.464286
vt 0.710145 0.42857100000000004
vt 0.724638 0.892857
vt 0.724638 0.928572
vt 0.710145 0.928572
vt 0.710145 0.892857
vt 0.724638 0.392857
vt 0.724638 0.42857100000000004
vt 0.710145 0.42857100000000004
vt 0.710145 0.392857
vt 0.724638 0.857143
vt 0.724638 0.892857
vt 0.710145 0.892857
vt 0.710145 0.857143
vt 0.724638 0.357143
vt 0.724638 0.392857
vt 0.710145 0.392857
vt 0.710145 0.357143
vt 0.724638 0.821429
vt 0.724638 0.857143
vt 0.710145 0.857143
vt 0.710145 0.821429
vt 0.724638 0.32142899999999996
vt 0.724638 0.357143
vt 0.710145 0.357143
vt 0.710145 0.32142899999999996
vt 0.724638 0.785714
vt 0.724638 0.821429
vt 0.710145 0.821429
vt 0.710145 0.785714
vt 0.724638 0.285714
vt 0.724638 0.32142899999999996
vt 0.710145 0.32142899999999996
vt 0.710145 0.285714
vt 0.724638 0.75
vt 0.724638 0.785714
vt 0.710145 0.785714
vt 0.710145 0.75
vt 0.724638 0.25
vt 0.724638 0.285714
vt 0.710145 0.285714
vt 0.710145 0.25
vt 0.724638 0.714286
vt 0.724638 0.75
vt 0.710145 0.75
vt 0.710145 0.714286
vt 0.724638 0.21428599999999998
vt 0.724638 0.25
vt 0.710145 0.25
vt 0.710145 0.21428599999999998
vt 0.724638 0.678571
vt 0.724638 0.714286
vt 0.710145 0.714286
vt 0.710145 0.678571
vt 0.724638 0.17857100000000004
vt 0.724638 0.21428599999999998
vt 0.710145 0.21428599999999998
vt 0.710145 0.17857100000000004
vt 0.724638 0.642857
vt 0.724638 0.678571
vt 0.710145 0.678571
vt 0.710145 0.642857
vt 0.724638 0.142857
vt 0.724638 0.17857100000000004
vt 0.710145 0.17857100000000004
vt 0.710145 0.142857
vt 0.724638 0.607143
vt 0.724638 0.642857
vt 0.710145 0.642857
vt 0.710145 0.607143
vt 0.724638 0.10714299999999999
vt 0.724638 0.142857
vt 0.710145 0.142857
vt 0.710145 0.10714299999999999
vt 0.724638 0.571429
vt 0.724638 0.607143
vt 0.710145 0.607143
vt 0.710145 0.571429
vt 0.724638 0.07142899999999996
vt 0.724638 0.10714299999999999
vt 0.710145 0.10714299999999999
vt 0.710145 0.07142899999999996
vt 0.724638 0.535714
vt 0.724638 0.571429
vt 0.710145 0.571429
vt 0.710145 0.535714
vt 0.724638 0.035714000000000024
vt 0.724638 0.07142899999999996
vt 0.710145 0.07142899999999996
vt 0.710145 0.035714000000000024
vt 0.724638 0.5
vt 0.724638 0.535714
vt 0.710145 0.535714
vt 0.710145 0.5
vt 0.724638 0.964286
vt 0.717391 1
vt 0.710145 0.964286
vt 0.717391 0
vt 0.724638 0.035714000000000024
vt 0.710145 0.035714000000000024
vt 0.710145 0.10714299999999999
vt 0.710145 0.142857
vt 0.695652 0.142857
vt 0.695652 0.10714299999999999
vt 0.710145 0.571429
vt 0.710145 0.607143
vt 0.695652 0.607143
vt 0.695652 0.571429
vt 0.710145 0.07142899999999996
vt 0.710145 0.10714299999999999
vt 0.695652 0.10714299999999999
vt 0.695652 0.07142899999999996
vt 0.710145 0.535714
vt 0.710145 0.571429
vt 0.695652 0.571429
vt 0.695652 0.535714
vt 0.710145 0.035714000000000024
vt 0.710145 0.07142899999999996
vt 0.695652 0.07142899999999996
vt 0.695652 0.035714000000000024
vt 0.710145 0.5
vt 0.710145 0.535714
vt 0.695652 0.535714
vt 0.695652 0.5
vt 0.710145 0.964286
vt 0.702899 1
vt 0.695652 0.964286
vt 0.702899 0
vt 0.710145 0.035714000000000024
vt 0.695652 0.035714000000000024
vt 0.710145 0.464286
vt 0.710145 0.5
vt 0.695652 0.5
vt 0.695652 0.464286
vt 0.710145 0.928572
vt 0.710145 0.964286
vt 0.695652 0.964286
vt 0.695652 0.928572
vt 0.710145 0.42857100000000004
vt 0.710145 0.464286
vt 0.695652 0.464286
vt 0.695652 0.42857100000000004
vt 0.710145 0.892857
vt 0.710145 0.928572
vt 0.695652 0.928572
vt 0.695652 0.892857
vt 0.710145 0.392857
vt 0.710145 0.42857100000000004
vt 0.695652 0.42857100000000004
vt 0.695652 0.392857
vt 0.710145 0.857143
vt 0.710145 0.892857
vt 0.695652 0.892857
vt 0.695652 0.857143
vt 0.710145 0.357143
vt 0.710145 0.392857
vt 0.695652 0.392857
vt 0.695652 0.357143
vt 0.710145 0.821429
vt 0.710145 0.857143
vt 0.695652 0.857143
vt 0.695652 0.821429
vt 0.710145 0.32142899999999996
vt 0.710145 0.357143
vt 0.695652 0.357143
vt 0.695652 0.32142899999999996
vt 0.710145 0.785714
vt 0.710145 0.821429
vt 0.695652 0.821429
vt 0.695652 0.785714
vt 0.710145 0.285714
vt 0.710145 0.32142899999999996
vt 0.695652 0.32142899999999996
vt 0.695652 0.285714
vt 0.710145 0.75
vt 0.710145 0.785714
vt 0.695652 0.785714
vt 0.695652 0.75
vt 0.710145 0.25
vt 0.710145 0.285714
vt 0.695652 0.285714
vt 0.695652 0.25
vt 0.710145 0.714286
vt 0.710145 0.75
vt 0.695652 0.75
vt 0.695652 0.714286
vt 0.710145 0.21428599999999998
vt 0.710145 0.25
vt 0.695652 0.25
vt 0.695652 0.21428599999999998
vt 0.710145 0.678571
vt 0.710145 0.714286
vt 0.695652 0.714286
vt 0.695652 0.678571
vt 0.710145 0.17857100000000004
vt 0.710145 0.21428599999999998
vt 0.695652 0.21428599999999998
vt 0.695652 0.17857100000000004
vt 0.710145 0.642857
vt 0.710145 0.678571
vt 0.695652 0.678571
vt 0.695652 0.642857
vt 0.710145 0.142857
vt 0.710145 0.17857100000000004
vt 0.695652 0.17857100000000004
vt 0.695652 0.142857
vt 0.710145 0.607143
vt 0.710145 0.642857
vt 0.695652 0.642857
vt 0.695652 0.607143
vt 0.695652 0.714286
vt 0.695652 0.75
vt 0.681159 0.75
vt 0.681159 0.714286
vt 0.695652 0.21428599999999998
vt 0.695652 0.25
vt 0.681159 0.25
vt 0.681159 0.21428599999999998
vt 0.695652 0.678571
vt 0.695652 0.714286
vt 0.681159 0.714286
vt 0.681159 0.678571
vt 0.695652 0.17857100000000004
vt 0.695652 0.21428599999999998
vt 0.681159 0.21428599999999998
vt 0.681159 0.17857100000000004
vt 0.695652 0.642857
vt 0.695652 0.678571
vt 0.681159 0.678571
vt 0.681159 0.642857
vt 0.695652 0.142857
vt 0.695652 0.17857100000000004
vt 0.681159 0.17857100000000004
vt 0.681159 0.142857
vt 0.695652 0.607143
vt 0.695652 0.642857
vt 0.681159 0.642857
vt 0.681159 0.607143
vt 0.695652 0.10714299999999999
vt 0.695652 0.142857
vt 0.681159 0.142857
vt 0.681159 0.10714299999999999
vt 0.695652 0.571429
vt 0.695652 0.607143
vt 0.681159 0.607143
vt 0.681159 0.571429
vt 0.695652 0.07142899999999996
vt 0.695652 0.10714299999999999
vt 0.681159 0.10714299999999999
vt 0.681159 0.07142899999999996
vt 0.695652 0.535714
vt 0.695652 0.571429
vt 0.681159 0.571429
vt 0.681159 0.535714
vt 0.695652 0.035714000000000024
vt 0.695652 0.07142899999999996
vt 0.681159 0.07142899999999996
vt 0.681159 0.035714000000000024
vt 0.695652 0.5
vt 0.695652 0.535714
vt 0.681159 0.535714
vt 0.681159 0.5
vt 0.695652 0.964286
vt 0.688406 1
vt 0.681159 0.964286
vt 0.688406 0
vt 0.695652 0.035714000000000024
vt 0.681159 0.035714000000000024
vt 0.695652 0.464286
vt 0.695652 0.5
vt 0.681159 0.5
vt 0.681159 0.464286
vt 0.695652 0.928572
vt 0.695652 0.964286
vt 0.681159 0.964286
vt 0.681159 0.928572
vt 0.695652 0.42857100000000004
vt 0.695652 0.464286
vt 0.681159 0.464286
vt 0.681159 0.42857100000000004
vt 0.695652 0.892857
vt 0.695652 0.928572
vt 0.681159 0.928572
vt 0.681159 0.892857
vt 0.695652 0.392857
vt 0.695652 0.42857100000000004
vt 0.681159 0.42857100000000004
vt 0.681159 0.392857
vt 0.695652 0.857143
vt 0.695652 0.892857
vt 0.681159 0.892857
vt 0.681159 0.857143
vt 0.695652 0.357143
vt 0.695652 0.392857
vt 0.681159 0.392857
vt 0.681159 0.357143
vt 0.695652 0.821429
vt 0.695652 0.857143
vt 0.681159 0.857143
vt 0.681159 0.821429
vt 0.695652 0.32142899999999996
vt 0.695652 0.357143
vt 0.681159 0.357143
vt 0.681159 0.32142899999999996
vt 0.695652 0.785714
vt 0.695652 0.821429
vt 0.681159 0.821429
vt 0.681159 0.785714
vt 0.695652 0.285714
vt 0.695652 0.32142899999999996
vt 0.681159 0.32142899999999996
vt 0.681159 0.285714
vt 0.695652 0.75
vt 0.695652 0.785714
vt 0.681159 0.785714
vt 0.681159 0.75
vt 0.695652 0.25
vt 0.695652 0.285714
vt 0.681159 0.285714
vt 0.681159 0.25
vt 0.681159 0.357143
vt 0.681159 0.392857
vt 0.666667 0.392857
vt 0.666667 0.357143
vt 0.681159 0.821429
vt 0.681159 0.857143
vt 0.666667 0.857143
vt 0.666667 0.821429
vt 0.681159 0.32142899999999996
vt 0.681159 0.357143
vt 0.666667 0.357143
vt 0.666667 0.32142899999999996
vt 0.681159 0.785714
vt 0.681159 0.821429
vt 0.666667 0.821429
vt 0.666667 0.785714
vt 0.681159 0.285714
vt 0.681159 0.32142899999999996
vt 0.666667 0.32142899999999996
vt 0.666667 0.285714
vt 0.681159 0.75
vt 0.681159 0.785714
vt 0.666667 0.785714
vt 0.666667 0.75
vt 0.681159 0.25
vt 0.681159 0.285714
vt 0.666667 0.285714
vt 0.666667 0.25
vt 0.681159 0.714286
vt 0.681159 0.75
vt 0.666667 0.75
vt 0.666667 0.714286
vt 0.681159 0.21428599999999998
vt 0.681159 0.25
vt 0.666667 0.25
vt 0.666667 0.21428599999999998
vt 0.681159 0.678571
vt 0.681159 0.714286
vt 0.666667 0.714286
vt 0.666667 0.678571
vt 0.681159 0.17857100000000004
vt 0.681159 0.21428599999999998
vt 0.666667 0.21428599999999998
vt 0.666667 0.17857100000000004
vt 0.681159 0.642857
vt 0.681159 0.678571
vt 0.666667 0.678571
vt 0.666667 0.642857
vt 0.681159 0.142857
vt 0.681159 0.17857100000000004
vt 0.666667 0.17857100000000004
vt 0.666667 0.142857
vt 0.681159 0.607143
vt 0.681159 0.642857
vt 0.666667 0.642857
vt 0.666667 0.607143
vt 0.681159 0.10714299999999999
vt 0.681159 0.142857
vt 0.666667 0.142857
vt 0.666667 0.10714299999999999
vt 0.681159 0.571429
vt 0.681159 0.607143
vt 0.666667 0.607143
vt 0.666667 0.571429
vt 0.681159 0.07142899999999996
vt 0.681159 0.10714299999999999
vt 0.666667 0.10714299999999999
vt 0.666667 0.07142899999999996
vt 0.681159 0.535714
vt 0.681159 0.571429
vt 0.666667 0.571429
vt 0.666667 0.535714
vt 0.681159 0.035714000000000024
vt 0.681159 0.07142899999999996
vt 0.666667 0.07142899999999996
vt 0.666667 0.035714000000000024
vt 0.681159 0.5
vt 0.681159 0.535714
vt 0.666667 0.535714
vt 0.666667 0.5
vt 0.681159 0.964286
vt 0.673913 1
vt 0.666667 0.964286
vt 0.673913 0
vt 0.681159 0.035714000000000024
vt 0.666667 0.035714000000000024
vt 0.681159 0.464286
vt 0.681159 0.5
vt 0.666667 0.5
vt 0.666667 0.464286
vt 0.681159 0.928572
vt 0.681159 0.964286
vt 0.666667 0.964286
vt 0.666667 0.928572
vt 0.681159 0.42857100000000004
vt 0.681159 0.464286
vt 0.666667 0.464286
vt 0.666667 0.42857100000000004
vt 0.681159 0.892857
vt 0.681159 0.928572
vt 0.666667 0.928572
vt 0.666667 0.892857
vt 0.681159 0.392857
vt 0.681159 0.42857100000000004
vt 0.666667 0.42857100000000004
vt 0.666667 0.392857
vt 0.681159 0.857143
vt 0.681159 0.892857
vt 0.666667 0.892857
vt 0.666667 0.857143
vt 0.65942 0
vt 0.666667 0.035714000000000024
vt 0.652174 0.035714000000000024
vt 0.666667 0.464286
vt 0.666667 0.5
vt 0.652174 0.5
vt 0.652174 0.464286
vt 0.666667 0.928572
vt 0.666667 0.964286
vt 0.652174 0.964286
vt 0.652174 0.928572
vt 0.666667 0.42857100000000004
vt 0.666667 0.464286
vt 0.652174 0.464286
vt 0.652174 0.42857100000000004
vt 0.666667 0.892857
vt 0.666667 0.928572
vt 0.652174 0.928572
vt 0.652174 0.892857
vt 0.666667 0.392857
vt 0.666667 0.42857100000000004
vt 0.652174 0.42857100000000004
vt 0.652174 0.392857
vt 0.666667 0.857143
vt 0.666667 0.892857
vt 0.652174 0.892857
vt 0.652174 0.857143
vt 0.666667 0.357143
vt 0.666667 0.392857
vt 0.652174 0.392857
vt 0.652174 0.357143
vt 0.666667 0.821429
vt 0.666667 0.857143
vt 0.652174 0.857143
vt 0.652174 0.821429
vt 0.666667 0.32142899999999996
vt 0.666667 0.357143
vt 0.652174 0.357143
vt 0.652174 0.32142899999999996
vt 0.666667 0.785714
vt 0.666667 0.821429
vt 0.652174 0.821429
vt 0.652174 0.785714
vt 0.666667 0.285714
vt 0.666667 0.32142899999999996
vt 0.652174 0.32142899999999996
vt 0.652174 0.285714
vt 0.666667 0.75
vt 0.666667 0.785714
vt 0.652174 0.785714
vt 0.652174 0.75
vt 0.666667 0.25
vt 0.666667 0.285714
vt 0.652174 0.285714
vt 0.652174 0.25
vt 0.666667 0.714286
vt 0.666667 0.75
vt 0.652174 0.75
vt 0.652174 0.714286
vt 0.666667 0.21428599999999998
vt 0.666667 0.25
vt 0.652174 0.25
vt 0.652174 0.21428599999999998
vt 0.666667 0.678571
vt 0.666667 0.714286
vt 0.652174 0.714286
vt 0.652174 0.678571
vt 0.666667 0.17857100000000004
vt 0.666667 0.21428599999999998
vt 0.652174 0.21428599999999998
vt 0.652174 0.17857100000000004
vt 0.666667 0.642857
vt 0.666667 0.678571
vt 0.652174 0.678571
vt 0.652174 0.642857
vt 0.666667 0.142857
vt 0.666667 0.17857100000000004
vt 0.652174 0.17857100000000004
vt 0.652174 0.142857
vt 0.666667 0.607143
vt 0.666667 0.642857
vt 0.652174 0.642857
vt 0.652174 0.607143
vt 0.666667 0.10714299999999999
vt 0.666667 0.142857
vt 0.652174 0.142857
vt 0.652174 0.10714299999999999
vt 0.666667 0.571429
vt 0.666667 0.607143
vt 0.652174 0.607143
vt 0.652174 0.571429
vt 0.666667 0.07142899999999996
vt 0.666667 0.10714299999999999
vt 0.652174 0.10714299999999999
vt 0.652174 0.07142899999999996
vt 0.666667 0.535714
vt 0.666667 0.571429
vt 0.652174 0.571429
vt 0.652174 0.535714
vt 0.666667 0.035714000000000024
vt 0.666667 0.07142899999999996
vt 0.652174 0.07142899999999996
vt 0.652174 0.035714000000000024
vt 0.666667 0.5
vt 0.666667 0.535714
vt 0.652174 0.535714
vt 0.652174 0.5
vt 0.666667 0.964286
vt 0.65942 1
vt 0.652174 0.964286
vt 0.652174 0.10714299999999999
vt 0.652174 0.142857
vt 0.637681 0.142857
vt 0.637681 0.10714299999999999
vt 0.652174 0.571429
vt 0.652174 0.607143
vt 0.637681 0.607143
vt 0.637681 0.571429
vt 0.652174 0.07142899999999996
vt 0.652174 0.10714299999999999
vt 0.637681 0.10714299999999999
vt 0.637681 0.07142899999999996
vt 0.652174 0.535714
vt 0.652174 0.571429
vt 0.637681 0.571429
vt 0.637681 0.535714
vt 0.652174 0.035714000000000024
vt 0.652174 0.07142899999999996
vt 0.637681 0.07142899999999996
vt 0.637681 0.035714000000000024
vt 0.652174 0.5
vt 0.652174 0.535714
vt 0.637681 0.535714
vt 0.637681 0.5
vt 0.652174 0.964286
vt 0.644928 1
vt 0.637681 0.964286
vt 0.644928 0
vt 0.652174 0.035714000000000024
vt 0.637681 0.035714000000000024
vt 0.652174 0.464286
vt 0.652174 0.5
vt 0.637681 0.5
vt 0.637681 0.464286
vt 0.652174 0.928572
vt 0.652174 0.964286
vt 0.637681 0.964286
vt 0.637681 0.928572
vt 0.652174 0.42857100000000004
vt 0.652174 0.464286
vt 0.637681 0.464286
vt 0.637681 0.42857100000000004
vt 0.652174 0.892857
vt 0.652174 0.928572
vt 0.637681 0.928572
vt 0.637681 0.892857
vt 0.652174 0.392857
vt 0.652174 0.42857100000000004
vt 0.637681 0.42857100000000004
vt 0.637681 0.392857
vt 0.652174 0.857143
vt 0.652174 0.892857
vt 0.637681 0.892857
vt 0.637681 0.857143
vt 0.652174 0.357143
vt 0.652174 0.392857
vt 0.637681 0.392857
vt 0.637681 0.357143
vt 0.652174 0.821429
vt 0.652174 0.857143
vt 0.637681 0.857143
vt 0.637681 0.821429
vt 0.652174 0.32142899999999996
vt 0.652174 0.357143
vt 0.637681 0.357143
vt 0.637681 0.32142899999999996
vt 0.652174 0.785714
vt 0.652174 0.821429
vt 0.637681 0.821429
vt 0.637681 0.785714
vt 0.652174 0.285714
vt 0.652174 0.32142899999999996
vt 0.637681 0.32142899999999996
vt 0.637681 0.285714
vt 0.652174 0.75
vt 0.652174 0.785714
vt 0.637681 0.785714
vt 0.637681 0.75
vt 0.652174 0.25
vt 0.652174 0.285714
vt 0.637681 0.285714
vt 0.637681 0.25
vt 0.652174 0.714286
vt 0.652174 0.75
vt 0.637681 0.75
vt 0.637681 0.714286
vt 0.652174 0.21428599999999998
vt 0.652174 0.25
vt 0.637681 0.25
vt 0.637681 0.21428599999999998
vt 0.652174 0.678571
vt 0.652174 0.714286
vt 0.637681 0.714286
vt 0.637681 0.678571
vt 0.652174 0.17857100000000004
vt 0.652174 0.21428599999999998
vt 0.637681 0.21428599999999998
vt 0.637681 0.17857100000000004
vt 0.652174 0.642857
vt 0.652174 0.678571
vt 0.637681 0.678571
vt 0.637681 0.642857
vt 0.652174 0.142857
vt 0.652174 0.17857100000000004
vt 0.637681 0.17857100000000004
vt 0.637681 0.142857
vt 0.652174 0.607143
vt 0.652174 0.642857
vt 0.637681 0.642857
vt 0.637681 0.607143
vt 0.637681 0.714286
vt 0.637681 0.75
vt 0.623188 0.75
vt 0.623188 0.714286
vt 0.637681 0.21428599999999998
vt 0.637681 0.25
vt 0.623188 0.25
vt 0.623188 0.21428599999999998
vt 0.637681 0.678571
vt 0.637681 0.714286
vt 0.623188 0.714286
vt 0.623188 0.678571
vt 0.637681 0.17857100000000004
vt 0.637681 0.21428599999999998
vt 0.623188 0.21428599999999998
vt 0.623188 0.17857100000000004
vt 0.637681 0.642857
vt 0.637681 0.678571
vt 0.623188 0.678571
vt 0.623188 0.642857
vt 0.637681 0.142857
vt 0.637681 0.17857100000000004
vt 0.623188 0.17857100000000004
vt 0.623188 0.142857
vt 0.637681 0.607143
vt 0.637681 0.642857
vt 0.623188 0.642857
vt 0.623188 0.607143
vt 0.637681 0.10714299999999999
vt 0.637681 0.142857
vt 0.623188 0.142857
vt 0.623188 0.10714299999999999
vt 0.637681 0.571429
vt 0.637681 0.607143
vt 0.623188 0.607143
vt 0.623188 0.571429
vt 0.637681 0.07142899999999996
vt 0.637681 0.10714299999999999
vt 0.623188 0.10714299999999999
vt 0.623188 0.07142899999999996
vt 0.637681 0.535714
vt 0.637681 0.571429
vt 0.623188 0.571429
vt 0.623188 0.535714
vt 0.637681 0.035714000000000024
vt 0.637681 0.07142899999999996
vt 0.623188 0.07142899999999996
vt 0.623188 0.035714000000000024
vt 0.637681 0.5
vt 0.637681 0.535714
vt 0.623188 0.535714
vt 0.623188 0.5
vt 0.637681 0.964286
vt 0.630435 1
vt 0.623188 0.964286
vt 0.630435 0
vt 0.637681 0.035714000000000024
vt 0.623188 0.035714000000000024
vt 0.637681 0.464286
vt 0.637681 0.5
vt 0.623188 0.5
vt 0.623188 0.464286
vt 0.637681 0.928572
vt 0.637681 0.964286
vt 0.623188 0.964286
vt 0.623188 0.928572
vt 0.637681 0.42857100000000004
vt 0.637681 0.464286
vt 0.623188 0.464286
vt 0.623188 0.42857100000000004
vt 0.637681 0.892857
vt 0.637681 0.928572
vt 0.623188 0.928572
vt 0.623188 0.892857
vt 0.637681 0.392857
vt 0.637681 0.42857100000000004
vt 0.623188 0.42857100000000004
vt 0.623188 0.392857
vt 0.637681 0.857143
vt 0.637681 0.892857
vt 0.623188 0.892857
vt 0.623188 0.857143
vt 0.637681 0.357143
vt 0.637681 0.392857
vt 0.623188 0.392857
vt 0.623188 0.357143
vt 0.637681 0.821429
vt 0.637681 0.857143
vt 0.623188 0.857143
vt 0.623188 0.821429
vt 0.637681 0.32142899999999996
vt 0.637681 0.357143
vt 0.623188 0.357143
vt 0.623188 0.32142899999999996
vt 0.637681 0.785714
vt 0.637681 0.821429
vt 0.623188 0.821429
vt 0.623188 0.785714
vt 0.637681 0.285714
vt 0.637681 0.32142899999999996
vt 0.623188 0.32142899999999996
vt 0.623188 0.285714
vt 0.637681 0.75
vt 0.637681 0.785714
vt 0.623188 0.785714
vt 0.623188 0.75
vt 0.637681 0.25
vt 0.637681 0.285714
vt 0.623188 0.285714
vt 0.623188 0.25
vt 0.623188 0.357143
vt 0.623188 0.392857
vt 0.608696 0.392857
vt 0.608696 0.357143
vt 0.623188 0.821429
vt 0.623188 0.857143
vt 0.608696 0.857143
vt 0.608696 0.821429
vt 0.623188 0.32142899999999996
vt 0.623188 0.357143
vt 0.608696 0.357143
vt 0.608696 0.32142899999999996
vt 0.623188 0.785714
vt 0.623188 0.821429
vt 0.608696 0.821429
vt 0.608696 0.785714
vt 0.623188 0.285714
vt 0.623188 0.32142899999999996
vt 0.608696 0.32142899999999996
vt 0.608696 0.285714
vt 0.623188 0.75
vt 0.623188 0.785714
vt 0.608696 0.785714
vt 0.608696 0.75
vt 0.623188 0.25
vt 0.623188 0.285714
vt 0.608696 0.285714
vt 0.608696 0.25
vt 0.623188 0.714286
vt 0.623188 0.75
vt 0.608696 0.75
vt 0.608696 0.714286
vt 0.623188 0.21428599999999998
vt 0.623188 0.25
vt 0.608696 0.25
vt 0.608696 0.21428599999999998
vt 0.623188 0.678571
vt 0.623188 0.714286
vt 0.608696 0.714286
vt 0.608696 0.678571
vt 0.623188 0.17857100000000004
vt 0.623188 0.21428599999999998
vt 0.608696 0.21428599999999998
vt 0.608696 0.17857100000000004
vt 0.623188 0.642857
vt 0.623188 0.678571
vt 0.608696 0.678571
vt 0.608696 0.642857
vt 0.623188 0.142857
vt 0.623188 0.17857100000000004
vt 0.608696 0.17857100000000004
vt 0.608696 0.142857
vt 0.623188 0.607143
vt 0.623188 0.642857
vt 0.608696 0.642857
vt 0.608696 0.607143
vt 0.623188 0.10714299999999999
vt 0.623188 0.142857
vt 0.608696 0.142857
vt 0.608696 0.10714299999999999
vt 0.623188 0.571429
vt 0.623188 0.607143
vt 0.608696 0.607143
vt 0.608696 0.571429
vt 0.623188 0.07142899999999996
vt 0.623188 0.10714299999999999
vt 0.608696 0.10714299999999999
vt 0.608696 0.07142899999999996
vt 0.623188 0.535714
vt 0.623188 0.571429
vt 0.608696 0.571429
vt 0.608696 0.535714
vt 0.623188 0.035714000000000024
vt 0.623188 0.07142899999999996
vt 0.608696 0.07142899999999996
vt 0.608696 0.035714000000000024
vt 0.623188 0.5
vt 0.623188 0.535714
vt 0.608696 0.535714
vt 0.608696 0.5
vt 0.623188 0.964286
vt 0.615942 1
vt 0.608696 0.964286
vt 0.615942 0
vt 0.623188 0.035714000000000024
vt 0.608696 0.035714000000000024
vt 0.623188 0.464286
vt 0.623188 0.5
vt 0.608696 0.5
vt 0.608696 0.464286
vt 0.623188 0.928572
vt 0.623188 0.964286
vt 0.608696 0.964286
vt 0.608696 0.928572
vt 0.623188 0.42857100000000004
vt 0.623188 0.464286
vt 0.608696 0.464286
vt 0.608696 0.42857100000000004
vt 0.623188 0.892857
vt 0.623188 0.928572
vt 0.608696 0.928572
vt 0.608696 0.892857
vt 0.623188 0.392857
vt 0.623188 0.42857100000000004
vt 0.608696 0.42857100000000004
vt 0.608696 0.392857
vt 0.623188 0.857143
vt 0.623188 0.892857
vt 0.608696 0.892857
vt 0.608696 0.857143
vt 0.608696 0.964286
vt 0.601449 1
vt 0.594203 0.964286
vt 0.601449 0
vt 0.608696 0.035714000000000024
vt 0.594203 0.035714000000000024
vt 0.608696 0.464286
vt 0.608696 0.5
vt 0.594203 0.5
vt 0.594203 0.464286
vt 0.608696 0.928572
vt 0.608696 0.964286
vt 0.594203 0.964286
vt 0.594203 0.928572
vt 0.608696 0.42857100000000004
vt 0.608696 0.464286
vt 0.594203 0.464286
vt 0.594203 0.42857100000000004
vt 0.608696 0.892857
vt 0.608696 0.928572
vt 0.594203 0.928572
vt 0.594203 0.892857
vt 0.608696 0.392857
vt 0.608696 0.42857100000000004
vt 0.594203 0.42857100000000004
vt 0.594203 0.392857
vt 0.608696 0.857143
vt 0.608696 0.892857
vt 0.594203 0.892857
vt 0.594203 0.857143
vt 0.608696 0.357143
vt 0.608696 0.392857
vt 0.594203 0.392857
vt 0.594203 0.357143
vt 0.608696 0.821429
vt 0.608696 0.857143
vt 0.594203 0.857143
vt 0.594203 0.821429
vt 0.608696 0.32142899999999996
vt 0.608696 0.357143
vt 0.594203 0.357143
vt 0.594203 0.32142899999999996
vt 0.608696 0.785714
vt 0.608696 0.821429
vt 0.594203 0.821429
vt 0.594203 0.785714
vt 0.608696 0.285714
vt 0.608696 0.32142899999999996
vt 0.594203 0.32142899999999996
vt 0.594203 0.285714
vt 0.608696 0.75
vt 0.608696 0.785714
vt 0.594203 0.785714
vt 0.594203 0.75
vt 0.608696 0.25
vt 0.608696 0.285714
vt 0.594203 0.285714
vt 0.594203 0.25
vt 0.608696 0.714286
vt 0.608696 0.75
vt 0.594203 0.75
vt 0.594203 0.714286
vt 0.608696 0.21428599999999998
vt 0.608696 0.25
vt 0.594203 0.25
vt 0.594203 0.21428599999999998
vt 0.608696 0.678571
vt 0.608696 0.714286
vt 0.594203 0.714286
vt 0.594203 0.678571
vt 0.608696 0.17857100000000004
vt 0.608696 0.21428599999999998
vt 0.594203 0.21428599999999998
vt 0.594203 0.17857100000000004
vt 0.608696 0.642857
vt 0.608696 0.678571
vt 0.594203 0.678571
vt 0.594203 0.642857
vt 0.608696 0.142857
vt 0.608696 0.17857100000000004
vt 0.594203 0.17857100000000004
vt 0.594203 0.142857
vt 0.608696 0.607143
vt 0.608696 0.642857
vt 0.594203 0.642857
vt 0.594203 0.607143
vt 0.608696 0.10714299999999999
vt 0.608696 0.142857
vt 0.594203 0.142857
vt 0.594203 0.10714299999999999
vt 0.608696 0.571429
vt 0.608696 0.607143
vt 0.594203 0.607143
vt 0.594203 0.571429
vt 0.608696 0.07142899999999996
vt 0.608696 0.10714299999999999
vt 0.594203 0.10714299999999999
vt 0.594203 0.07142899999999996
vt 0.608696 0.535714
vt 0.608696 0.571429
vt 0.594203 0.571429
vt 0.594203 0.535714
vt 0.608696 0.035714000000000024
vt 0.608696 0.07142899999999996
vt 0.594203 0.07142899999999996
vt 0.594203 0.035714000000000024
vt 0.608696 0.5
vt 0.608696 0.535714
vt 0.594203 0.535714
vt 0.594203 0.5
vt 0.594203 0.607143
vt 0.594203 0.642857
vt 0.57971 0.642857
vt 0.57971 0.607143
vt 0.594203 0.10714299999999999
vt 0.594203 0.142857
vt 0.57971 0.142857
vt 0.57971 0.10714299999999999
vt 0.594203 0.571429
vt 0.594203 0.607143
vt 0.57971 0.607143
vt 0.57971 0.571429
vt 0.594203 0.07142899999999996
vt 0.594203 0.10714299999999999
vt 0.57971 0.10714299999999999
vt 0.57971 0.07142899999999996
vt 0.594203 0.535714
vt 0.594203 0.571429
vt 0.57971 0.571429
vt 0.57971 0.535714
vt 0.594203 0.035714000000000024
vt 0.594203 0.07142899999999996
vt 0.57971 0.07142899999999996
vt 0.57971 0.035714000000000024
vt 0.594203 0.5
vt 0.594203 0.535714
vt 0.57971 0.535714
vt 0.57971 0.5
vt 0.594203 0.964286
vt 0.586957 1
vt 0.57971 0.964286
vt 0.586957 0
vt 0.594203 0.035714000000000024
vt 0.57971 0.035714000000000024
vt 0.594203 0.464286
vt 0.594203 0.5
vt 0.57971 0.5
vt 0.57971 0.464286
vt 0.594203 0.928572
vt 0.594203 0.964286
vt 0.57971 0.964286
vt 0.57971 0.928572
vt 0.594203 0.42857100000000004
vt 0.594203 0.464286
vt 0.57971 0.464286
vt 0.57971 0.42857100000000004
vt 0.594203 0.892857
vt 0.594203 0.928572
vt 0.57971 0.928572
vt 0.57971 0.892857
vt 0.594203 0.392857
vt 0.594203 0.42857100000000004
vt 0.57971 0.42857100000000004
vt 0.57971 0.392857
vt 0.594203 0.857143
vt 0.594203 0.892857
vt 0.57971 0.892857
vt 0.57971 0.857143
vt 0.594203 0.357143
vt 0.594203 0.392857
vt 0.57971 0.392857
vt 0.57971 0.357143
vt 0.594203 0.821429
vt 0.594203 0.857143
vt 0.57971 0.857143
vt 0.57971 0.821429
vt 0.594203 0.32142899999999996
vt 0.594203 0.357143
vt 0.57971 0.357143
vt 0.57971 0.32142899999999996
vt 0.594203 0.785714
vt 0.594203 0.821429
vt 0.57971 0.821429
vt 0.57971 0.785714
vt 0.594203 0.285714
vt 0.594203 0.32142899999999996
vt 0.57971 0.32142899999999996
vt 0.57971 0.285714
vt 0.594203 0.75
vt 0.594203 0.785714
vt 0.57971 0.785714
vt 0.57971 0.75
vt 0.594203 0.25
vt 0.594203 0.285714
vt 0.57971 0.285714
vt 0.57971 0.25
vt 0.594203 0.714286
vt 0.594203 0.75
vt 0.57971 0.75
vt 0.57971 0.714286
vt 0.594203 0.21428599999999998
vt 0.594203 0.25
vt 0.57971 0.25
vt 0.57971 0.21428599999999998
vt 0.594203 0.678571
vt 0.594203 0.714286
vt 0.57971 0.714286
vt 0.57971 0.678571
vt 0.594203 0.17857100000000004
vt 0.594203 0.21428599999999998
vt 0.57971 0.21428599999999998
vt 0.57971 0.17857100000000004
vt 0.594203 0.642857
vt 0.594203 0.678571
vt 0.57971 0.678571
vt 0.57971 0.642857
vt 0.594203 0.142857
vt 0.594203 0.17857100000000004
vt 0.57971 0.17857100000000004
vt 0.57971 0.142857
vt 0.57971 0.25
vt 0.57971 0.285714
vt 0.565217 0.285714
vt 0.565217 0.25
vt 0.57971 0.714286
vt 0.57971 0.75
vt 0.565217 0.75
vt 0.565217 0.714286
vt 0.57971 0.21428599999999998
vt 0.57971 0.25
vt 0.565217 0.25
vt 0.565217 0.21428599999999998
vt 0.57971 0.678571
vt 0.57971 0.714286
vt 0.565217 0.714286
vt 0.565217 0.678571
vt 0.57971 0.17857100000000004
vt 0.57971 0.21428599999999998
vt 0.565217 0.21428599999999998
vt 0.565217 0.17857100000000004
vt 0.57971 0.642857
vt 0.57971 0.678571
vt 0.565217 0.678571
vt 0.565217 0.642857
vt 0.57971 0.142857
vt 0.57971 0.17857100000000004
vt 0.565217 0.17857100000000004
vt 0.565217 0.142857
vt 0.57971 0.607143
vt 0.57971 0.642857
vt 0.565217 0.642857
vt 0.565217 0.607143
vt 0.57971 0.10714299999999999
vt 0.57971 0.142857
vt 0.565217 0.142857
vt 0.565217 0.10714299999999999
vt 0.57971 0.571429
vt 0.57971 0.607143
vt 0.565217 0.607143
vt 0.565217 0.571429
vt 0.57971 0.07142899999999996
vt 0.57971 0.10714299999999999
vt 0.565217 0.10714299999999999
vt 0.565217 0.07142899999999996
vt 0.57971 0.535714
vt 0.57971 0.571429
vt 0.565217 0.571429
vt 0.565217 0.535714
vt 0.57971 0.035714000000000024
vt 0.57971 0.07142899999999996
vt 0.565217 0.07142899999999996
vt 0.565217 0.035714000000000024
vt 0.57971 0.5
vt 0.57971 0.535714
vt 0.565217 0.535714
vt 0.565217 0.5
vt 0.57971 0.964286
vt 0.572464 1
vt 0.565217 0.964286
vt 0.572464 0
vt 0.57971 0.035714000000000024
vt 0.565217 0.035714000000000024
vt 0.57971 0.464286
vt 0.57971 0.5
vt 0.565217 0.5
vt 0.565217 0.464286
vt 0.57971 0.928572
vt 0.57971 0.964286
vt 0.565217 0.964286
vt 0.565217 0.928572
vt 0.57971 0.42857100000000004
vt 0.57971 0.464286
vt 0.565217 0.464286
vt 0.565217 0.42857100000000004
vt 0.57971 0.892857
vt 0.57971 0.928572
vt 0.565217 0.928572
vt 0.565217 0.892857
vt 0.57971 0.392857
vt 0.57971 0.42857100000000004
vt 0.565217 0.42857100000000004
vt 0.565217 0.392857
vt 0.57971 0.857143
vt 0.57971 0.892857
vt 0.565217 0.892857
vt 0.565217 0.857143
vt 0.57971 0.357143
vt 0.57971 0.392857
vt 0.565217 0.392857
vt 0.565217 0.357143
vt 0.57971 0.821429
vt 0.57971 0.857143
vt 0.565217 0.857143
vt 0.565217 0.821429
vt 0.57971 0.32142899999999996
vt 0.57971 0.357143
vt 0.565217 0.357143
vt 0.565217 0.32142899999999996
vt 0.57971 0.785714
vt 0.57971 0.821429
vt 0.565217 0.821429
vt 0.565217 0.785714
vt 0.57971 0.285714
vt 0.57971 0.32142899999999996
vt 0.565217 0.32142899999999996
vt 0.565217 0.285714
vt 0.57971 0.75
vt 0.57971 0.785714
vt 0.565217 0.785714
vt 0.565217 0.75
vt 0.565217 0.357143
vt 0.565217 0.392857
vt 0.550725 0.392857
vt 0.550725 0.357143
vt 0.565217 0.821429
vt 0.565217 0.857143
vt 0.550725 0.857143
vt 0.550725 0.821429
vt 0.565217 0.32142899999999996
vt 0.565217 0.357143
vt 0.550725 0.357143
vt 0.550725 0.32142899999999996
vt 0.565217 0.785714
vt 0.565217 0.821429
vt 0.550725 0.821429
vt 0.550725 0.785714
vt 0.565217 0.285714
vt 0.565217 0.32142899999999996
vt 0.550725 0.32142899999999996
vt 0.550725 0.285714
vt 0.565217 0.75
vt 0.565217 0.785714
vt 0.550725 0.785714
vt 0.550725 0.75
vt 0.565217 0.25
vt 0.565217 0.285714
vt 0.550725 0.285714
vt 0.550725 0.25
vt 0.565217 0.714286
vt 0.565217 0.75
vt 0.550725 0.75
vt 0.550725 0.714286
vt 0.565217 0.21428599999999998
vt 0.565217 0.25
vt 0.550725 0.25
vt 0.550725 0.21428599999999998
vt 0.565217 0.678571
vt 0.565217 0.714286
vt 0.550725 0.714286
vt 0.550725 0.678571
vt 0.565217 0.17857100000000004
vt 0.565217 0.21428599999999998
vt 0.550725 0.21428599999999998
vt 0.550725 0.17857100000000004
vt 0.565217 0.642857
vt 0.565217 0.678571
vt 0.550725 0.678571
vt 0.550725 0.642857
vt 0.565217 0.142857
vt 0.565217 0.17857100000000004
vt 0.550725 0.17857100000000004
vt 0.550725 0.142857
vt 0.565217 0.607143
vt 0.565217 0.642857
vt 0.550725 0.642857
vt 0.550725 0.607143
vt 0.565217 0.10714299999999999
vt 0.565217 0.142857
vt 0.550725 0.142857
vt 0.550725 0.10714299999999999
vt 0.565217 0.571429
vt 0.565217 0.607143
vt 0.550725 0.607143
vt 0.550725 0.571429
vt 0.565217 0.07142899999999996
vt 0.565217 0.10714299999999999
vt 0.550725 0.10714299999999999
vt 0.550725 0.07142899999999996
vt 0.565217 0.535714
vt 0.565217 0.571429
vt 0.550725 0.571429
vt 0.550725 0.535714
vt 0.565217 0.035714000000000024
vt 0.565217 0.07142899999999996
vt 0.550725 0.07142899999999996
vt 0.550725 0.035714000000000024
vt 0.565217 0.5
vt 0.565217 0.535714
vt 0.550725 0.535714
vt 0.550725 0.5
vt 0.565217 0.964286
vt 0.557971 1
vt 0.550725 0.964286
vt 0.557971 0
vt 0.565217 0.035714000000000024
vt 0.550725 0.035714000000000024
vt 0.565217 0.464286
vt 0.565217 0.5
vt 0.550725 0.5
vt 0.550725 0.464286
vt 0.565217 0.928572
vt 0.565217 0.964286
vt 0.550725 0.964286
vt 0.550725 0.928572
vt 0.565217 0.42857100000000004
vt 0.565217 0.464286
vt 0.550725 0.464286
vt 0.550725 0.42857100000000004
vt 0.565217 0.892857
vt 0.565217 0.928572
vt 0.550725 0.928572
vt 0.550725 0.892857
vt 0.565217 0.392857
vt 0.565217 0.42857100000000004
vt 0.550725 0.42857100000000004
vt 0.550725 0.392857
vt 0.565217 0.857143
vt 0.565217 0.892857
vt 0.550725 0.892857
vt 0.550725 0.857143
vt 0.550725 0.964286
vt 0.543478 1
vt 0.536232 0.964286
vt 0.543478 0
vt 0.550725 0.035714000000000024
vt 0.536232 0.035714000000000024
vt 0.550725 0.464286
vt 0.550725 0.5
vt 0.536232 0.5
vt 0.536232 0.464286
vt 0.550725 0.928572
vt 0.550725 0.964286
vt 0.536232 0.964286
vt 0.536232 0.928572
vt 0.550725 0.42857100000000004
vt 0.550725 0.464286
vt 0.536232 0.464286
vt 0.536232 0.42857100000000004
vt 0.550725 0.892857
vt 0.550725 0.928572
vt 0.536232 0.928572
vt 0.536232 0.892857
vt 0.550725 0.392857
vt 0.550725 0.42857100000000004
vt 0.536232 0.42857100000000004
vt 0.536232 0.392857
vt 0.550725 0.857143
vt 0.550725 0.892857
vt 0.536232 0.892857
vt 0.536232 0.857143
vt 0.550725 0.357143
vt 0.550725 0.392857
vt 0.536232 0.392857
vt 0.536232 0.357143
vt 0.550725 0.821429
vt 0.550725 0.857143
vt 0.536232 0.857143
vt 0.536232 0.821429
vt 0.550725 0.32142899999999996
vt 0.550725 0.357143
vt 0.536232 0.357143
vt 0.536232 0.32142800000000005
vt 0.550725 0.785714
vt 0.550725 0.821429
vt 0.536232 0.821429
vt 0.536232 0.785714
vt 0.550725 0.285714
vt 0.550725 0.32142899999999996
vt 0.536232 0.32142800000000005
vt 0.536232 0.285714
vt 0.550725 0.75
vt 0.550725 0.785714
vt 0.536232 0.785714
vt 0.536232 0.75
vt 0.550725 0.25
vt 0.550725 0.285714
vt 0.536232 0.285714
vt 0.536232 0.25
vt 0.550725 0.714286
vt 0.550725 0.75
vt 0.536232 0.75
vt 0.536232 0.714286
vt 0.550725 0.21428599999999998
vt 0.550725 0.25
vt 0.536232 0.25
vt 0.536232 0.21428599999999998
vt 0.550725 0.678571
vt 0.550725 0.714286
vt 0.536232 0.714286
vt 0.536232 0.678572
vt 0.550725 0.17857100000000004
vt 0.550725 0.21428599999999998
vt 0.536232 0.21428599999999998
vt 0.536232 0.17857100000000004
vt 0.550725 0.642857
vt 0.550725 0.678571
vt 0.536232 0.678572
vt 0.536232 0.642857
vt 0.550725 0.142857
vt 0.550725 0.17857100000000004
vt 0.536232 0.17857100000000004
vt 0.536232 0.142857
vt 0.550725 0.607143
vt 0.550725 0.642857
vt 0.536232 0.642857
vt 0.536232 0.607143
vt 0.550725 0.10714299999999999
vt 0.550725 0.142857
vt 0.536232 0.142857
vt 0.536232 0.10714299999999999
vt 0.550725 0.571429
vt 0.550725 0.607143
vt 0.536232 0.607143
vt 0.536232 0.571429
vt 0.550725 0.07142899999999996
vt 0.550725 0.10714299999999999
vt 0.536232 0.10714299999999999
vt 0.536232 0.07142899999999996
vt 0.550725 0.535714
vt 0.550725 0.571429
vt 0.536232 0.571429
vt 0.536232 0.535714
vt 0.550725 0.035714000000000024
vt 0.550725 0.07142899999999996
vt 0.536232 0.07142899999999996
vt 0.536232 0.035714000000000024
vt 0.550725 0.5
vt 0.550725 0.535714
vt 0.536232 0.535714
vt 0.536232 0.5
vt 0.536232 0.607143
vt 0.536232 0.642857
vt 0.521739 0.642857
vt 0.521739 0.607143
vt 0.536232 0.10714299999999999
vt 0.536232 0.142857
vt 0.521739 0.142857
vt 0.521739 0.10714299999999999
vt 0.536232 0.571429
vt 0.536232 0.607143
vt 0.521739 0.607143
vt 0.521739 0.571429
vt 0.536232 0.07142899999999996
vt 0.536232 0.10714299999999999
vt 0.521739 0.10714299999999999
vt 0.521739 0.07142899999999996
vt 0.536232 0.535714
vt 0.536232 0.571429
vt 0.521739 0.571429
vt 0.521739 0.535714
vt 0.536232 0.035714000000000024
vt 0.536232 0.07142899999999996
vt 0.521739 0.07142899999999996
vt 0.521739 0.035714000000000024
vt 0.536232 0.5
vt 0.536232 0.535714
vt 0.521739 0.535714
vt 0.521739 0.5
vt 0.536232 0.964286
vt 0.528986 1
vt 0.521739 0.964286
vt 0.528986 0
vt 0.536232 0.035714000000000024
vt 0.521739 0.035714000000000024
vt 0.598732 0.526786
vt 0.598732 0.5625
vt 0.584239 0.5625
vt 0.584239 0.526786
vt 0.536232 0.928572
vt 0.536232 0.964286
vt 0.521739 0.964286
vt 0.521739 0.928572
vt 0.536232 0.42857100000000004
vt 0.536232 0.464286
vt 0.521739 0.464286
vt 0.521739 0.42857100000000004
vt 0.536232 0.892857
vt 0.536232 0.928572
vt 0.521739 0.928572
vt 0.521739 0.892857
vt 0.536232 0.392857
vt 0.536232 0.42857100000000004
vt 0.521739 0.42857100000000004
vt 0.521739 0.392857
vt 0.536232 0.857143
vt 0.536232 0.892857
vt 0.521739 0.892857
vt 0.521739 0.857143
vt 0.536232 0.357143
vt 0.536232 0.392857
vt 0.521739 0.392857
vt 0.521739 0.357143
vt 0.536232 0.821429
vt 0.536232 0.857143
vt 0.521739 0.857143
vt 0.521739 0.821429
vt 0.536232 0.32142800000000005
vt 0.536232 0.357143
vt 0.521739 0.357143
vt 0.521739 0.32142800000000005
vt 0.536232 0.785714
vt 0.536232 0.821429
vt 0.521739 0.821429
vt 0.521739 0.785714
vt 0.536232 0.285714
vt 0.536232 0.32142800000000005
vt 0.521739 0.32142800000000005
vt 0.521739 0.285714
vt 0.536232 0.75
vt 0.536232 0.785714
vt 0.521739 0.785714
vt 0.521739 0.75
vt 0.536232 0.25
vt 0.536232 0.285714
vt 0.521739 0.285714
vt 0.521739 0.25
vt 0.536232 0.714286
vt 0.536232 0.75
vt 0.521739 0.75
vt 0.521739 0.714286
vt 0.536232 0.21428599999999998
vt 0.536232 0.25
vt 0.521739 0.25
vt 0.521739 0.21428599999999998
vt 0.536232 0.678572
vt 0.536232 0.714286
vt 0.521739 0.714286
vt 0.521739 0.678572
vt 0.536232 0.17857100000000004
vt 0.536232 0.21428599999999998
vt 0.521739 0.21428599999999998
vt 0.521739 0.17857100000000004
vt 0.536232 0.642857
vt 0.536232 0.678572
vt 0.521739 0.678572
vt 0.521739 0.642857
vt 0.536232 0.142857
vt 0.536232 0.17857100000000004
vt 0.521739 0.17857100000000004
vt 0.521739 0.142857
vt 0.521739 0.25
vt 0.521739 0.285714
vt 0.507246 0.285714
vt 0.507246 0.25
vt 0.521739 0.714286
vt 0.521739 0.75
vt 0.507246 0.75
vt 0.507246 0.714286
vt 0.521739 0.21428599999999998
vt 0.521739 0.25
vt 0.507246 0.25
vt 0.507246 0.21428599999999998
vt 0.521739 0.678572
vt 0.521739 0.714286
vt 0.507246 0.714286
vt 0.507246 0.678572
vt 0.521739 0.17857100000000004
vt 0.521739 0.21428599999999998
vt 0.507246 0.21428599999999998
vt 0.507246 0.17857100000000004
vt 0.521739 0.642857
vt 0.521739 0.678572
vt 0.507246 0.678572
vt 0.507246 0.642857
vt 0.521739 0.142857
vt 0.521739 0.17857100000000004
vt 0.507246 0.17857100000000004
vt 0.507246 0.142857
vt 0.521739 0.607143
vt 0.521739 0.642857
vt 0.507246 0.642857
vt 0.507246 0.607143
vt 0.521739 0.10714299999999999
vt 0.521739 0.142857
vt 0.507246 0.142857
vt 0.507246 0.10714299999999999
vt 0.521739 0.571429
vt 0.521739 0.607143
vt 0.507246 0.607143
vt 0.507246 0.571429
vt 0.521739 0.07142899999999996
vt 0.521739 0.10714299999999999
vt 0.507246 0.10714299999999999
vt 0.507246 0.07142899999999996
vt 0.521739 0.535714
vt 0.521739 0.571429
vt 0.507246 0.571429
vt 0.507246 0.535714
vt 0.521739 0.035714000000000024
vt 0.521739 0.07142899999999996
vt 0.507246 0.07142899999999996
vt 0.507246 0.035714000000000024
vt 0.521739 0.5
vt 0.521739 0.535714
vt 0.507246 0.535714
vt 0.507246 0.5
vt 0.521739 0.964286
vt 0.514493 1
vt 0.507246 0.964286
vt 0.514493 0
vt 0.521739 0.035714000000000024
vt 0.507246 0.035714000000000024
vt 0.521739 0.464286
vt 0.521739 0.5
vt 0.507246 0.5
vt 0.507246 0.464286
vt 0.521739 0.928572
vt 0.521739 0.964286
vt 0.507246 0.964286
vt 0.507246 0.928572
vt 0.521739 0.42857100000000004
vt 0.521739 0.464286
vt 0.507246 0.464286
vt 0.507246 0.42857100000000004
vt 0.521739 0.892857
vt 0.521739 0.928572
vt 0.507246 0.928572
vt 0.507246 0.892857
vt 0.521739 0.392857
vt 0.521739 0.42857100000000004
vt 0.507246 0.42857100000000004
vt 0.507246 0.392857
vt 0.521739 0.857143
vt 0.521739 0.892857
vt 0.507246 0.892857
vt 0.507246 0.857143
vt 0.521739 0.357143
vt 0.521739 0.392857
vt 0.507246 0.392857
vt 0.507246 0.357143
vt 0.521739 0.821429
vt 0.521739 0.857143
vt 0.507246 0.857143
vt 0.507246 0.821429
vt 0.521739 0.32142800000000005
vt 0.521739 0.357143
vt 0.507246 0.357143
vt 0.507246 0.32142800000000005
vt 0.521739 0.785714
vt 0.521739 0.821429
vt 0.507246 0.821429
vt 0.507246 0.785714
vt 0.521739 0.285714
vt 0.521739 0.32142800000000005
vt 0.507246 0.32142800000000005
vt 0.507246 0.285714
vt 0.521739 0.75
vt 0.521739 0.785714
vt 0.507246 0.785714
vt 0.507246 0.75
vt 0.507246 0.857143
vt 0.507246 0.892857
vt 0.492754 0.892857
vt 0.492754 0.857143
vt 0.507246 0.357143
vt 0.507246 0.392857
vt 0.492754 0.392857
vt 0.492754 0.357143
vt 0.507246 0.821429
vt 0.507246 0.857143
vt 0.492754 0.857143
vt 0.492754 0.821429
vt 0.507246 0.32142800000000005
vt 0.507246 0.357143
vt 0.492754 0.357143
vt 0.492754 0.32142800000000005
vt 0.507246 0.785714
vt 0.507246 0.821429
vt 0.492754 0.821429
vt 0.492754 0.785714
vt 0.507246 0.285714
vt 0.507246 0.32142800000000005
vt 0.492754 0.32142800000000005
vt 0.492754 0.285714
vt 0.507246 0.75
vt 0.507246 0.785714
vt 0.492754 0.785714
vt 0.492754 0.75
vt 0.507246 0.25
vt 0.507246 0.285714
vt 0.492754 0.285714
vt 0.492754 0.25
vt 0.507246 0.714286
vt 0.507246 0.75
vt 0.492754 0.75
vt 0.492754 0.714286
vt 0.507246 0.21428599999999998
vt 0.507246 0.25
vt 0.492754 0.25
vt 0.492754 0.21428599999999998
vt 0.507246 0.678572
vt 0.507246 0.714286
vt 0.492754 0.714286
vt 0.492754 0.678572
vt 0.507246 0.17857100000000004
vt 0.507246 0.21428599999999998
vt 0.492754 0.21428599999999998
vt 0.492754 0.17857100000000004
vt 0.507246 0.642857
vt 0.507246 0.678572
vt 0.492754 0.678572
vt 0.492754 0.642857
vt 0.507246 0.142857
vt 0.507246 0.17857100000000004
vt 0.492754 0.17857100000000004
vt 0.492754 0.142857
vt 0.507246 0.607143
vt 0.507246 0.642857
vt 0.492754 0.642857
vt 0.492754 0.607143
vt 0.507246 0.10714299999999999
vt 0.507246 0.142857
vt 0.492754 0.142857
vt 0.492754 0.10714299999999999
vt 0.507246 0.571429
vt 0.507246 0.607143
vt 0.492754 0.607143
vt 0.492754 0.571429
vt 0.507246 0.07142899999999996
vt 0.507246 0.10714299999999999
vt 0.492754 0.10714299999999999
vt 0.492754 0.07142899999999996
vt 0.507246 0.535714
vt 0.507246 0.571429
vt 0.492754 0.571429
vt 0.492754 0.535714
vt 0.507246 0.035714000000000024
vt 0.507246 0.07142899999999996
vt 0.492754 0.07142899999999996
vt 0.492754 0.035714000000000024
vt 0.507246 0.5
vt 0.507246 0.535714
vt 0.492754 0.535714
vt 0.492754 0.5
vt 0.507246 0.964286
vt 0.5 1
vt 0.492754 0.964286
vt 0.5 0
vt 0.507246 0.035714000000000024
vt 0.492754 0.035714000000000024
vt 0.507246 0.464286
vt 0.507246 0.5
vt 0.492754 0.5
vt 0.492754 0.464286
vt 0.507246 0.928572
vt 0.507246 0.964286
vt 0.492754 0.964286
vt 0.492754 0.928572
vt 0.507246 0.42857100000000004
vt 0.507246 0.464286
vt 0.492754 0.464286
vt 0.492754 0.42857100000000004
vt 0.507246 0.892857
vt 0.507246 0.928572
vt 0.492754 0.928572
vt 0.492754 0.892857
vt 0.507246 0.392857
vt 0.507246 0.42857100000000004
vt 0.492754 0.42857100000000004
vt 0.492754 0.392857
vt 0.492754 0.5
vt 0.492754 0.535714
vt 0.478261 0.535714
vt 0.478261 0.5
vt 0.492754 0.964286
vt 0.485507 1
vt 0.478261 0.964286
vt 0.485507 0
vt 0.492754 0.035714000000000024
vt 0.478261 0.035714000000000024
vt 0.492754 0.464286
vt 0.492754 0.5
vt 0.478261 0.5
vt 0.478261 0.464286
vt 0.492754 0.928572
vt 0.492754 0.964286
vt 0.478261 0.964286
vt 0.478261 0.928572
vt 0.492754 0.42857100000000004
vt 0.492754 0.464286
vt 0.478261 0.464286
vt 0.478261 0.42857100000000004
vt 0.492754 0.892857
vt 0.492754 0.928572
vt 0.478261 0.928572
vt 0.478261 0.892857
vt 0.5136499999999994 0.41998125000000097
vt 0.5138749999999994 0.4375000000000009
vt 0.4999999999999994 0.4375000000000009
vt 0.5627187499999994 0.41998125000000097
vt 0.492754 0.857143
vt 0.492754 0.892857
vt 0.478261 0.892857
vt 0.478261 0.857143
vt 0.492754 0.357143
vt 0.492754 0.392857
vt 0.478261 0.392857
vt 0.478261 0.357143
vt 0.492754 0.821429
vt 0.492754 0.857143
vt 0.478261 0.857143
vt 0.478261 0.821429
vt 0.492754 0.32142800000000005
vt 0.492754 0.357143
vt 0.478261 0.357143
vt 0.478261 0.32142800000000005
vt 0.492754 0.785714
vt 0.492754 0.821429
vt 0.478261 0.821429
vt 0.478261 0.785714
vt 0.492754 0.285714
vt 0.492754 0.32142800000000005
vt 0.478261 0.32142800000000005
vt 0.478261 0.285714
vt 0.492754 0.75
vt 0.492754 0.785714
vt 0.478261 0.785714
vt 0.478261 0.75
vt 0.492754 0.25
vt 0.492754 0.285714
vt 0.478261 0.285714
vt 0.478261 0.25
vt 0.492754 0.714286
vt 0.492754 0.75
vt 0.478261 0.75
vt 0.478261 0.714286
vt 0.492754 0.21428599999999998
vt 0.492754 0.25
vt 0.478261 0.25
vt 0.478261 0.21428599999999998
vt 0.492754 0.678572
vt 0.492754 0.714286
vt 0.478261 0.714286
vt 0.478261 0.678572
vt 0.492754 0.17857100000000004
vt 0.492754 0.21428599999999998
vt 0.478261 0.21428599999999998
vt 0.478261 0.17857100000000004
vt 0.492754 0.642857
vt 0.492754 0.678572
vt 0.478261 0.678572
vt 0.478261 0.642857
vt 0.492754 0.142857
vt 0.492754 0.17857100000000004
vt 0.478261 0.17857100000000004
vt 0.478261 0.142857
vt 0.492754 0.607143
vt 0.492754 0.642857
vt 0.478261 0.642857
vt 0.478261 0.607143
vt 0.492754 0.10714299999999999
vt 0.492754 0.142857
vt 0.478261 0.142857
vt 0.478261 0.10714299999999999
vt 0.492754 0.571429
vt 0.492754 0.607143
vt 0.478261 0.607143
vt 0.478261 0.571429
vt 0.492754 0.07142899999999996
vt 0.492754 0.10714299999999999
vt 0.478261 0.10714299999999999
vt 0.478261 0.07142899999999996
vt 0.492754 0.535714
vt 0.492754 0.571429
vt 0.478261 0.571429
vt 0.478261 0.535714
vt 0.492754 0.035714000000000024
vt 0.492754 0.07142899999999996
vt 0.478261 0.07142899999999996
vt 0.478261 0.035714000000000024
vt 0.478261 0.142857
vt 0.478261 0.17857100000000004
vt 0.463768 0.17857100000000004
vt 0.463768 0.142857
vt 0.478261 0.607143
vt 0.478261 0.642857
vt 0.463768 0.642857
vt 0.463768 0.607143
vt 0.478261 0.10714299999999999
vt 0.478261 0.142857
vt 0.463768 0.142857
vt 0.463768 0.10714299999999999
vt 0.478261 0.571429
vt 0.478261 0.607143
vt 0.463768 0.607143
vt 0.463768 0.571429
vt 0.478261 0.07142899999999996
vt 0.478261 0.10714299999999999
vt 0.463768 0.10714299999999999
vt 0.463768 0.07142899999999996
vt 0.478261 0.535714
vt 0.478261 0.571429
vt 0.463768 0.571429
vt 0.463768 0.535714
vt 0.478261 0.035714000000000024
vt 0.478261 0.07142899999999996
vt 0.463768 0.07142899999999996
vt 0.463768 0.035714000000000024
vt 0.478261 0.5
vt 0.478261 0.535714
vt 0.463768 0.535714
vt 0.463768 0.5
vt 0.478261 0.964286
vt 0.471015 1
vt 0.463768 0.964286
vt 0.471015 0
vt 0.478261 0.035714000000000024
vt 0.463768 0.035714000000000024
vt 0.478261 0.464286
vt 0.478261 0.5
vt 0.463768 0.5
vt 0.463768 0.464286
vt 0.478261 0.928572
vt 0.478261 0.964286
vt 0.463768 0.964286
vt 0.463768 0.928572
vt 0.478261 0.42857100000000004
vt 0.478261 0.464286
vt 0.463768 0.464286
vt 0.463768 0.42857100000000004
vt 0.478261 0.892857
vt 0.478261 0.928572
vt 0.463768 0.928572
vt 0.463768 0.892857
vt 0.478261 0.392857
vt 0.478261 0.42857100000000004
vt 0.463768 0.42857100000000004
vt 0.463768 0.392857
vt 0.478261 0.857143
vt 0.478261 0.892857
vt 0.463768 0.892857
vt 0.463768 0.857143
vt 0.478261 0.357143
vt 0.478261 0.392857
vt 0.463768 0.392857
vt 0.463768 0.357143
vt 0.478261 0.821429
vt 0.478261 0.857143
vt 0.463768 0.857143
vt 0.463768 0.821429
vt 0.478261 0.32142800000000005
vt 0.478261 0.357143
vt 0.463768 0.357143
vt 0.463768 0.32142800000000005
vt 0.478261 0.785714
vt 0.478261 0.821429
vt 0.463768 0.821429
vt 0.463768 0.785714
vt 0.478261 0.285714
vt 0.478261 0.32142800000000005
vt 0.463768 0.32142800000000005
vt 0.463768 0.285714
vt 0.478261 0.75
vt 0.478261 0.785714
vt 0.463768 0.785714
vt 0.463768 0.75
vt 0.478261 0.25
vt 0.478261 0.285714
vt 0.463768 0.285714
vt 0.463768 0.25
vt 0.478261 0.714286
vt 0.478261 0.75
vt 0.463768 0.75
vt 0.463768 0.714286
vt 0.478261 0.21428599999999998
vt 0.478261 0.25
vt 0.463768 0.25
vt 0.463768 0.21428599999999998
vt 0.478261 0.678572
vt 0.478261 0.714286
vt 0.463768 0.714286
vt 0.463768 0.678572
vt 0.478261 0.17857100000000004
vt 0.478261 0.21428599999999998
vt 0.463768 0.21428599999999998
vt 0.463768 0.17857100000000004
vt 0.478261 0.642857
vt 0.478261 0.678572
vt 0.463768 0.678572
vt 0.463768 0.642857
vt 0.463768 0.25
vt 0.463768 0.285714
vt 0.449275 0.285714
vt 0.449275 0.25
vt 0.463768 0.714286
vt 0.463768 0.75
vt 0.449275 0.75
vt 0.449275 0.714286
vt 0.463768 0.21428599999999998
vt 0.463768 0.25
vt 0.449275 0.25
vt 0.449275 0.21428599999999998
vt 0.463768 0.678572
vt 0.463768 0.714286
vt 0.449275 0.714286
vt 0.449275 0.678572
vt 0.463768 0.17857100000000004
vt 0.463768 0.21428599999999998
vt 0.449275 0.21428599999999998
vt 0.449275 0.17857100000000004
vt 0.463768 0.642857
vt 0.463768 0.678572
vt 0.449275 0.678572
vt 0.449275 0.642857
vt 0.463768 0.142857
vt 0.463768 0.17857100000000004
vt 0.449275 0.17857100000000004
vt 0.449275 0.142857
vt 0.463768 0.607143
vt 0.463768 0.642857
vt 0.449275 0.642857
vt 0.449275 0.607143
vt 0.463768 0.10714299999999999
vt 0.463768 0.142857
vt 0.449275 0.142857
vt 0.449275 0.10714299999999999
vt 0.463768 0.571429
vt 0.463768 0.607143
vt 0.449275 0.607143
vt 0.449275 0.571429
vt 0.463768 0.07142899999999996
vt 0.463768 0.10714299999999999
vt 0.449275 0.10714299999999999
vt 0.449275 0.07142899999999996
vt 0.463768 0.535714
vt 0.463768 0.571429
vt 0.449275 0.571429
vt 0.449275 0.535714
vt 0.463768 0.035714000000000024
vt 0.463768 0.07142899999999996
vt 0.449275 0.07142899999999996
vt 0.449275 0.035714000000000024
vt 0.463768 0.5
vt 0.463768 0.535714
vt 0.449275 0.535714
vt 0.449275 0.5
vt 0.463768 0.964286
vt 0.456522 1
vt 0.449275 0.964286
vt 0.456522 0
vt 0.463768 0.035714000000000024
vt 0.449275 0.035714000000000024
vt 0.463768 0.464286
vt 0.463768 0.5
vt 0.449275 0.5
vt 0.449275 0.464286
vt 0.463768 0.928572
vt 0.463768 0.964286
vt 0.449275 0.964286
vt 0.449275 0.928572
vt 0.463768 0.42857100000000004
vt 0.463768 0.464286
vt 0.449275 0.464286
vt 0.449275 0.42857100000000004
vt 0.463768 0.892857
vt 0.463768 0.928572
vt 0.449275 0.928572
vt 0.449275 0.892857
vt 0.463768 0.392857
vt 0.463768 0.42857100000000004
vt 0.449275 0.42857100000000004
vt 0.449275 0.392857
vt 0.463768 0.857143
vt 0.463768 0.892857
vt 0.449275 0.892857
vt 0.449275 0.857143
vt 0.463768 0.357143
vt 0.463768 0.392857
vt 0.449275 0.392857
vt 0.449275 0.357143
vt 0.463768 0.821429
vt 0.463768 0.857143
vt 0.449275 0.857143
vt 0.449275 0.821429
vt 0.463768 0.32142800000000005
vt 0.463768 0.357143
vt 0.449275 0.357143
vt 0.449275 0.32142800000000005
vt 0.463768 0.785714
vt 0.463768 0.821429
vt 0.449275 0.821429
vt 0.449275 0.785714
vt 0.463768 0.285714
vt 0.463768 0.32142800000000005
vt 0.449275 0.32142800000000005
vt 0.449275 0.285714
vt 0.463768 0.75
vt 0.463768 0.785714
vt 0.449275 0.785714
vt 0.449275 0.75
vt 0.449275 0.857143
vt 0.449275 0.892857
vt 0.434783 0.892857
vt 0.434783 0.857143
vt 0.449275 0.357143
vt 0.449275 0.392857
vt 0.434783 0.392857
vt 0.434783 0.357143
vt 0.449275 0.821429
vt 0.449275 0.857143
vt 0.434783 0.857143
vt 0.434783 0.821429
vt 0.449275 0.32142800000000005
vt 0.449275 0.357143
vt 0.434783 0.357143
vt 0.434783 0.32142800000000005
vt 0.449275 0.785714
vt 0.449275 0.821429
vt 0.434783 0.821429
vt 0.434783 0.785714
vt 0.449275 0.285714
vt 0.449275 0.32142800000000005
vt 0.434783 0.32142800000000005
vt 0.434783 0.285714
vt 0.449275 0.75
vt 0.449275 0.785714
vt 0.434783 0.785714
vt 0.434783 0.75
vt 0.449275 0.25
vt 0.449275 0.285714
vt 0.434783 0.285714
vt 0.434783 0.25
vt 0.449275 0.714286
vt 0.449275 0.75
vt 0.434783 0.75
vt 0.434783 0.714286
vt 0.449275 0.21428599999999998
vt 0.449275 0.25
vt 0.434783 0.25
vt 0.434783 0.21428599999999998
vt 0.449275 0.678572
vt 0.449275 0.714286
vt 0.434783 0.714286
vt 0.434783 0.678572
vt 0.449275 0.17857100000000004
vt 0.449275 0.21428599999999998
vt 0.434783 0.21428599999999998
vt 0.434783 0.17857100000000004
vt 0.449275 0.642857
vt 0.449275 0.678572
vt 0.434783 0.678572
vt 0.434783 0.642857
vt 0.449275 0.142857
vt 0.449275 0.17857100000000004
vt 0.434783 0.17857100000000004
vt 0.434783 0.142857
vt 0.449275 0.607143
vt 0.449275 0.642857
vt 0.434783 0.642857
vt 0.434783 0.607143
vt 0.449275 0.10714299999999999
vt 0.449275 0.142857
vt 0.434783 0.142857
vt 0.434783 0.10714299999999999
vt 0.449275 0.571429
vt 0.449275 0.607143
vt 0.434783 0.607143
vt 0.434783 0.571429
vt 0.449275 0.07142899999999996
vt 0.449275 0.10714299999999999
vt 0.434783 0.10714299999999999
vt 0.434783 0.07142899999999996
vt 0.449275 0.535714
vt 0.449275 0.571429
vt 0.434783 0.571429
vt 0.434783 0.535714
vt 0.449275 0.035714000000000024
vt 0.449275 0.07142899999999996
vt 0.434783 0.07142899999999996
vt 0.434783 0.035714000000000024
vt 0.449275 0.5
vt 0.449275 0.535714
vt 0.434783 0.535714
vt 0.434783 0.5
vt 0.449275 0.964286
vt 0.442029 1
vt 0.434783 0.964286
vt 0.442029 0
vt 0.449275 0.035714000000000024
vt 0.434783 0.035714000000000024
vt 0.449275 0.464286
vt 0.449275 0.5
vt 0.434783 0.5
vt 0.434783 0.464286
vt 0.449275 0.928572
vt 0.449275 0.964286
vt 0.434783 0.964286
vt 0.434783 0.928572
vt 0.449275 0.42857100000000004
vt 0.449275 0.464286
vt 0.434783 0.464286
vt 0.434783 0.42857100000000004
vt 0.449275 0.892857
vt 0.449275 0.928572
vt 0.434783 0.928572
vt 0.434783 0.892857
vt 0.449275 0.392857
vt 0.449275 0.42857100000000004
vt 0.434783 0.42857100000000004
vt 0.434783 0.392857
vt 0.434783 0.5
vt 0.434783 0.535714
vt 0.42029 0.535714
vt 0.42029 0.5
vt 0.434783 0.964286
vt 0.427536 1
vt 0.42029 0.964286
vt 0.427536 0
vt 0.434783 0.035714000000000024
vt 0.42029 0.035714000000000024
vt 0.434783 0.464286
vt 0.434783 0.5
vt 0.42029 0.5
vt 0.42029 0.464286
vt 0.434783 0.928572
vt 0.434783 0.964286
vt 0.42029 0.964286
vt 0.42029 0.928572
vt 0.434783 0.42857100000000004
vt 0.434783 0.464286
vt 0.42029 0.464286
vt 0.42029 0.42857100000000004
vt 0.434783 0.892857
vt 0.434783 0.928572
vt 0.42029 0.928572
vt 0.42029 0.892857
vt 0.434783 0.392857
vt 0.434783 0.42857100000000004
vt 0.42029 0.42857100000000004
vt 0.42029 0.392857
vt 0.434783 0.857143
vt 0.434783 0.892857
vt 0.42029 0.892857
vt 0.42029 0.857143
vt 0.434783 0.357143
vt 0.434783 0.392857
vt 0.42029 0.392857
vt 0.42029 0.357143
vt 0.434783 0.821429
vt 0.434783 0.857143
vt 0.42029 0.857143
vt 0.42029 0.821429
vt 0.434783 0.32142800000000005
vt 0.434783 0.357143
vt 0.42029 0.357143
vt 0.42029 0.32142800000000005
vt 0.434783 0.785714
vt 0.434783 0.821429
vt 0.42029 0.821429
vt 0.42029 0.785714
vt 0.434783 0.285714
vt 0.434783 0.32142800000000005
vt 0.42029 0.32142800000000005
vt 0.42029 0.285714
vt 0.434783 0.75
vt 0.434783 0.785714
vt 0.42029 0.785714
vt 0.42029 0.75
vt 0.434783 0.25
vt 0.434783 0.285714
vt 0.42029 0.285714
vt 0.42029 0.25
vt 0.434783 0.714286
vt 0.434783 0.75
vt 0.42029 0.75
vt 0.42029 0.714286
vt 0.434783 0.21428599999999998
vt 0.434783 0.25
vt 0.42029 0.25
vt 0.42029 0.21428599999999998
vt 0.434783 0.678572
vt 0.434783 0.714286
vt 0.42029 0.714286
vt 0.42029 0.678572
vt 0.434783 0.17857100000000004
vt 0.434783 0.21428599999999998
vt 0.42029 0.21428599999999998
vt 0.42029 0.17857100000000004
vt 0.434783 0.642857
vt 0.434783 0.678572
vt 0.42029 0.678572
vt 0.42029 0.642857
vt 0.434783 0.142857
vt 0.434783 0.17857100000000004
vt 0.42029 0.17857100000000004
vt 0.42029 0.142857
vt 0.434783 0.607143
vt 0.434783 0.642857
vt 0.42029 0.642857
vt 0.42029 0.607143
vt 0.434783 0.10714299999999999
vt 0.434783 0.142857
vt 0.42029 0.142857
vt 0.42029 0.10714299999999999
vt 0.434783 0.571429
vt 0.434783 0.607143
vt 0.42029 0.607143
vt 0.42029 0.571429
vt 0.434783 0.07142899999999996
vt 0.434783 0.10714299999999999
vt 0.42029 0.10714299999999999
vt 0.42029 0.07142899999999996
vt 0.434783 0.535714
vt 0.434783 0.571429
vt 0.42029 0.571429
vt 0.42029 0.535714
vt 0.434783 0.035714000000000024
vt 0.434783 0.07142899999999996
vt 0.42029 0.07142899999999996
vt 0.42029 0.035714000000000024
vt 0.42029 0.142857
vt 0.42029 0.17857100000000004
vt 0.405797 0.17857100000000004
vt 0.405797 0.142857
vt 0.42029 0.607143
vt 0.42029 0.642857
vt 0.405797 0.642857
vt 0.405797 0.607143
vt 0.42029 0.10714299999999999
vt 0.42029 0.142857
vt 0.405797 0.142857
vt 0.405797 0.10714299999999999
vt 0.42029 0.571429
vt 0.42029 0.607143
vt 0.405797 0.607143
vt 0.405797 0.571429
vt 0.42029 0.07142899999999996
vt 0.42029 0.10714299999999999
vt 0.405797 0.10714299999999999
vt 0.405797 0.07142899999999996
vt 0.42029 0.535714
vt 0.42029 0.571429
vt 0.405797 0.571429
vt 0.405797 0.535714
vt 0.42029 0.035714000000000024
vt 0.42029 0.07142899999999996
vt 0.405797 0.07142899999999996
vt 0.405797 0.035714000000000024
vt 0.42029 0.5
vt 0.42029 0.535714
vt 0.405797 0.535714
vt 0.405797 0.5
vt 0.42029 0.964286
vt 0.413043 1
vt 0.405797 0.964286
vt 0.413043 0
vt 0.42029 0.035714000000000024
vt 0.405797 0.035714000000000024
vt 0.42029 0.464286
vt 0.42029 0.5
vt 0.405797 0.5
vt 0.405797 0.464286
vt 0.42029 0.928572
vt 0.42029 0.964286
vt 0.405797 0.964286
vt 0.405797 0.928572
vt 0.42029 0.42857100000000004
vt 0.42029 0.464286
vt 0.405797 0.464286
vt 0.405797 0.42857100000000004
vt 0.42029 0.892857
vt 0.42029 0.928572
vt 0.405797 0.928572
vt 0.405797 0.892857
vt 0.42029 0.392857
vt 0.42029 0.42857100000000004
vt 0.405797 0.42857100000000004
vt 0.405797 0.392857
vt 0.42029 0.857143
vt 0.42029 0.892857
vt 0.405797 0.892857
vt 0.405797 0.857143
vt 0.42029 0.357143
vt 0.42029 0.392857
vt 0.405797 0.392857
vt 0.405797 0.357143
vt 0.42029 0.821429
vt 0.42029 0.857143
vt 0.405797 0.857143
vt 0.405797 0.821429
vt 0.42029 0.32142800000000005
vt 0.42029 0.357143
vt 0.405797 0.357143
vt 0.405797 0.32142800000000005
vt 0.42029 0.785714
vt 0.42029 0.821429
vt 0.405797 0.821429
vt 0.405797 0.785714
vt 0.42029 0.285714
vt 0.42029 0.32142800000000005
vt 0.405797 0.32142800000000005
vt 0.405797 0.285714
vt 0.42029 0.75
vt 0.42029 0.785714
vt 0.405797 0.785714
vt 0.405797 0.75
vt 0.42029 0.25
vt 0.42029 0.285714
vt 0.405797 0.285714
vt 0.405797 0.25
vt 0.42029 0.714286
vt 0.42029 0.75
vt 0.405797 0.75
vt 0.405797 0.714286
vt 0.42029 0.21428599999999998
vt 0.42029 0.25
vt 0.405797 0.25
vt 0.405797 0.21428599999999998
vt 0.42029 0.678572
vt 0.42029 0.714286
vt 0.405797 0.714286
vt 0.405797 0.678572
vt 0.42029 0.17857100000000004
vt 0.42029 0.21428599999999998
vt 0.405797 0.21428599999999998
vt 0.405797 0.17857100000000004
vt 0.42029 0.642857
vt 0.42029 0.678572
vt 0.405797 0.678572
vt 0.405797 0.642857
vt 0.405797 0.75
vt 0.405797 0.785714
vt 0.391304 0.785714
vt 0.391304 0.75
vt 0.405797 0.25
vt 0.405797 0.285714
vt 0.391304 0.285714
vt 0.391304 0.25
vt 0.405797 0.714286
vt 0.405797 0.75
vt 0.391304 0.75
vt 0.391304 0.714286
vt 0.405797 0.21428599999999998
vt 0.405797 0.25
vt 0.391304 0.25
vt 0.391304 0.21428599999999998
vt 0.405797 0.678572
vt 0.405797 0.714286
vt 0.391304 0.714286
vt 0.391304 0.678572
vt 0.405797 0.17857100000000004
vt 0.405797 0.21428599999999998
vt 0.391304 0.21428599999999998
vt 0.391304 0.17857100000000004
vt 0.405797 0.642857
vt 0.405797 0.678572
vt 0.391304 0.678572
vt 0.391304 0.642857
vt 0.405797 0.142857
vt 0.405797 0.17857100000000004
vt 0.391304 0.17857100000000004
vt 0.391304 0.142857
vt 0.405797 0.607143
vt 0.405797 0.642857
vt 0.391304 0.642857
vt 0.391304 0.607143
vt 0.405797 0.10714299999999999
vt 0.405797 0.142857
vt 0.391304 0.142857
vt 0.391304 0.10714299999999999
vt 0.405797 0.571429
vt 0.405797 0.607143
vt 0.391304 0.607143
vt 0.391304 0.571429
vt 0.405797 0.07142899999999996
vt 0.405797 0.10714299999999999
vt 0.391304 0.10714299999999999
vt 0.391304 0.07142899999999996
vt 0.405797 0.535714
vt 0.405797 0.571429
vt 0.391304 0.571429
vt 0.391304 0.535714
vt 0.405797 0.035714000000000024
vt 0.405797 0.07142899999999996
vt 0.391304 0.07142899999999996
vt 0.391304 0.035714000000000024
vt 0.405797 0.5
vt 0.405797 0.535714
vt 0.391304 0.535714
vt 0.391304 0.5
vt 0.405797 0.964286
vt 0.398551 1
vt 0.391304 0.964286
vt 0.398551 0
vt 0.405797 0.035714000000000024
vt 0.391304 0.035714000000000024
vt 0.405797 0.464286
vt 0.405797 0.5
vt 0.391304 0.5
vt 0.391304 0.464286
vt 0.405797 0.928572
vt 0.405797 0.964286
vt 0.391304 0.964286
vt 0.391304 0.928572
vt 0.405797 0.42857100000000004
vt 0.405797 0.464286
vt 0.391304 0.464286
vt 0.391304 0.42857100000000004
vt 0.405797 0.892857
vt 0.405797 0.928572
vt 0.391304 0.928572
vt 0.391304 0.892857
vt 0.405797 0.392857
vt 0.405797 0.42857100000000004
vt 0.391304 0.42857100000000004
vt 0.391304 0.392857
vt 0.405797 0.857143
vt 0.405797 0.892857
vt 0.391304 0.892857
vt 0.391304 0.857143
vt 0.405797 0.357143
vt 0.405797 0.392857
vt 0.391304 0.392857
vt 0.391304 0.357143
vt 0.405797 0.821429
vt 0.405797 0.857143
vt 0.391304 0.857143
vt 0.391304 0.821429
vt 0.405797 0.32142800000000005
vt 0.405797 0.357143
vt 0.391304 0.357143
vt 0.391304 0.32142800000000005
vt 0.405797 0.785714
vt 0.405797 0.821429
vt 0.391304 0.821429
vt 0.391304 0.785714
vt 0.405797 0.285714
vt 0.405797 0.32142800000000005
vt 0.391304 0.32142800000000005
vt 0.391304 0.285714
vt 0.391304 0.392857
vt 0.391304 0.42857100000000004
vt 0.376812 0.42857100000000004
vt 0.376812 0.392857
vt 0.391304 0.857143
vt 0.391304 0.892857
vt 0.376812 0.892857
vt 0.376812 0.857143
vt 0.391304 0.357143
vt 0.391304 0.392857
vt 0.376812 0.392857
vt 0.376812 0.357143
vt 0.391304 0.821429
vt 0.391304 0.857143
vt 0.376812 0.857143
vt 0.376812 0.821429
vt 0.391304 0.32142800000000005
vt 0.391304 0.357143
vt 0.376812 0.357143
vt 0.376812 0.32142800000000005
vt 0.391304 0.785714
vt 0.391304 0.821429
vt 0.376812 0.821429
vt 0.376812 0.785714
vt 0.391304 0.285714
vt 0.391304 0.32142800000000005
vt 0.376812 0.32142800000000005
vt 0.376812 0.285714
vt 0.391304 0.75
vt 0.391304 0.785714
vt 0.376812 0.785714
vt 0.376812 0.75
vt 0.391304 0.25
vt 0.391304 0.285714
vt 0.376812 0.285714
vt 0.376812 0.25
vt 0.391304 0.714286
vt 0.391304 0.75
vt 0.376812 0.75
vt 0.376812 0.714286
vt 0.391304 0.21428599999999998
vt 0.391304 0.25
vt 0.376812 0.25
vt 0.376812 0.21428599999999998
vt 0.391304 0.678572
vt 0.391304 0.714286
vt 0.376812 0.714286
vt 0.376812 0.678572
vt 0.391304 0.17857100000000004
vt 0.391304 0.21428599999999998
vt 0.376812 0.21428599999999998
vt 0.376812 0.17857100000000004
vt 0.391304 0.642857
vt 0.391304 0.678572
vt 0.376812 0.678572
vt 0.376812 0.642857
vt 0.391304 0.142857
vt 0.391304 0.17857100000000004
vt 0.376812 0.17857100000000004
vt 0.376812 0.142857
vt 0.391304 0.607143
vt 0.391304 0.642857
vt 0.376812 0.642857
vt 0.376812 0.607143
vt 0.391304 0.10714299999999999
vt 0.391304 0.142857
vt 0.376812 0.142857
vt 0.376812 0.10714299999999999
vt 0.391304 0.571429
vt 0.391304 0.607143
vt 0.376812 0.607143
vt 0.376812 0.571429
vt 0.391304 0.07142899999999996
vt 0.391304 0.10714299999999999
vt 0.376812 0.10714299999999999
vt 0.376812 0.07142899999999996
vt 0.391304 0.535714
vt 0.391304 0.571429
vt 0.376812 0.571429
vt 0.376812 0.535714
vt 0.391304 0.035714000000000024
vt 0.391304 0.07142899999999996
vt 0.376812 0.07142899999999996
vt 0.376812 0.035714000000000024
vt 0.391304 0.5
vt 0.391304 0.535714
vt 0.376812 0.535714
vt 0.376812 0.5
vt 0.391304 0.964286
vt 0.384058 1
vt 0.376812 0.964286
vt 0.384058 0
vt 0.391304 0.035714000000000024
vt 0.376812 0.035714000000000024
vt 0.391304 0.464286
vt 0.391304 0.5
vt 0.376812 0.5
vt 0.376812 0.464286
vt 0.391304 0.928572
vt 0.391304 0.964286
vt 0.376812 0.964286
vt 0.376812 0.928572
vt 0.391304 0.42857100000000004
vt 0.391304 0.464286
vt 0.376812 0.464286
vt 0.376812 0.42857100000000004
vt 0.391304 0.892857
vt 0.391304 0.928572
vt 0.376812 0.928572
vt 0.376812 0.892857
vt 0.376812 0.035714000000000024
vt 0.376812 0.07142899999999996
vt 0.362319 0.07142899999999996
vt 0.362319 0.035714000000000024
vt 0.376812 0.5
vt 0.376812 0.535714
vt 0.362319 0.535714
vt 0.362319 0.5
vt 0.376812 0.964286
vt 0.369565 1
vt 0.362319 0.964286
vt 0.369565 0
vt 0.376812 0.035714000000000024
vt 0.362319 0.035714000000000024
vt 0.376812 0.464286
vt 0.376812 0.5
vt 0.362319 0.5
vt 0.362319 0.464286
vt 0.376812 0.928572
vt 0.376812 0.964286
vt 0.362319 0.964286
vt 0.362319 0.928572
vt 0.376812 0.42857100000000004
vt 0.376812 0.464286
vt 0.362319 0.464286
vt 0.362319 0.42857100000000004
vt 0.376812 0.892857
vt 0.376812 0.928572
vt 0.362319 0.928572
vt 0.362319 0.892857
vt 0.376812 0.392857
vt 0.376812 0.42857100000000004
vt 0.362319 0.42857100000000004
vt 0.362319 0.392857
vt 0.376812 0.857143
vt 0.376812 0.892857
vt 0.362319 0.892857
vt 0.362319 0.857143
vt 0.376812 0.357143
vt 0.376812 0.392857
vt 0.362319 0.392857
vt 0.362319 0.357143
vt 0.376812 0.821429
vt 0.376812 0.857143
vt 0.362319 0.857143
vt 0.362319 0.821429
vt 0.376812 0.32142800000000005
vt 0.376812 0.357143
vt 0.362319 0.357143
vt 0.362319 0.32142800000000005
vt 0.376812 0.785714
vt 0.376812 0.821429
vt 0.362319 0.821429
vt 0.362319 0.785714
vt 0.376812 0.285714
vt 0.376812 0.32142800000000005
vt 0.362319 0.32142800000000005
vt 0.362319 0.285714
vt 0.376812 0.75
vt 0.376812 0.785714
vt 0.362319 0.785714
vt 0.362319 0.75
vt 0.376812 0.25
vt 0.376812 0.285714
vt 0.362319 0.285714
vt 0.362319 0.25
vt 0.376812 0.714286
vt 0.376812 0.75
vt 0.362319 0.75
vt 0.362319 0.714286
vt 0.376812 0.21428599999999998
vt 0.376812 0.25
vt 0.362319 0.25
vt 0.362319 0.21428599999999998
vt 0.376812 0.678572
vt 0.376812 0.714286
vt 0.362319 0.714286
vt 0.362319 0.678572
vt 0.376812 0.17857100000000004
vt 0.376812 0.21428599999999998
vt 0.362319 0.21428599999999998
vt 0.362319 0.17857100000000004
vt 0.376812 0.642857
vt 0.376812 0.678572
vt 0.362319 0.678572
vt 0.362319 0.642857
vt 0.376812 0.142857
vt 0.376812 0.17857100000000004
vt 0.362319 0.17857100000000004
vt 0.362319 0.142857
vt 0.376812 0.607143
vt 0.376812 0.642857
vt 0.362319 0.642857
vt 0.362319 0.607143
vt 0.376812 0.10714299999999999
vt 0.376812 0.142857
vt 0.362319 0.142857
vt 0.362319 0.10714299999999999
vt 0.376812 0.571429
vt 0.376812 0.607143
vt 0.362319 0.607143
vt 0.362319 0.571429
vt 0.376812 0.07142899999999996
vt 0.376812 0.10714299999999999
vt 0.362319 0.10714299999999999
vt 0.362319 0.07142899999999996
vt 0.376812 0.535714
vt 0.376812 0.571429
vt 0.362319 0.571429
vt 0.362319 0.535714
vt 0.362319 0.142857
vt 0.362319 0.17857100000000004
vt 0.347826 0.17857100000000004
vt 0.347826 0.142857
vt 0.362319 0.607143
vt 0.362319 0.642857
vt 0.347826 0.642857
vt 0.347826 0.607143
vt 0.362319 0.10714299999999999
vt 0.362319 0.142857
vt 0.347826 0.142857
vt 0.347826 0.10714299999999999
vt 0.362319 0.571429
vt 0.362319 0.607143
vt 0.347826 0.607143
vt 0.347826 0.571429
vt 0.362319 0.07142899999999996
vt 0.362319 0.10714299999999999
vt 0.347826 0.10714299999999999
vt 0.347826 0.07142899999999996
vt 0.362319 0.535714
vt 0.362319 0.571429
vt 0.347826 0.571429
vt 0.347826 0.535714
vt 0.362319 0.035714000000000024
vt 0.362319 0.07142899999999996
vt 0.347826 0.07142899999999996
vt 0.347826 0.035714000000000024
vt 0.362319 0.5
vt 0.362319 0.535714
vt 0.347826 0.535714
vt 0.347826 0.5
vt 0.362319 0.964286
vt 0.355072 1
vt 0.347826 0.964286
vt 0.355072 0
vt 0.362319 0.035714000000000024
vt 0.347826 0.035714000000000024
vt 0.362319 0.464286
vt 0.362319 0.5
vt 0.347826 0.5
vt 0.347826 0.464286
vt 0.362319 0.928572
vt 0.362319 0.964286
vt 0.347826 0.964286
vt 0.347826 0.928572
vt 0.362319 0.42857100000000004
vt 0.362319 0.464286
vt 0.347826 0.464286
vt 0.347826 0.42857100000000004
vt 0.362319 0.892857
vt 0.362319 0.928572
vt 0.347826 0.928572
vt 0.347826 0.892857
vt 0.362319 0.392857
vt 0.362319 0.42857100000000004
vt 0.347826 0.42857100000000004
vt 0.347826 0.392857
vt 0.362319 0.857143
vt 0.362319 0.892857
vt 0.347826 0.892857
vt 0.347826 0.857143
vt 0.362319 0.357143
vt 0.362319 0.392857
vt 0.347826 0.392857
vt 0.347826 0.357143
vt 0.362319 0.821429
vt 0.362319 0.857143
vt 0.347826 0.857143
vt 0.347826 0.821429
vt 0.362319 0.32142800000000005
vt 0.362319 0.357143
vt 0.347826 0.357143
vt 0.347826 0.32142800000000005
vt 0.362319 0.785714
vt 0.362319 0.821429
vt 0.347826 0.821429
vt 0.347826 0.785714
vt 0.362319 0.285714
vt 0.362319 0.32142800000000005
vt 0.347826 0.32142800000000005
vt 0.347826 0.285714
vt 0.362319 0.75
vt 0.362319 0.785714
vt 0.347826 0.785714
vt 0.347826 0.75
vt 0.362319 0.25
vt 0.362319 0.285714
vt 0.347826 0.285714
vt 0.347826 0.25
vt 0.362319 0.714286
vt 0.362319 0.75
vt 0.347826 0.75
vt 0.347826 0.714286
vt 0.362319 0.21428599999999998
vt 0.362319 0.25
vt 0.347826 0.25
vt 0.347826 0.21428599999999998
vt 0.362319 0.678572
vt 0.362319 0.714286
vt 0.347826 0.714286
vt 0.347826 0.678572
vt 0.362319 0.17857100000000004
vt 0.362319 0.21428599999999998
vt 0.347826 0.21428599999999998
vt 0.347826 0.17857100000000004
vt 0.362319 0.642857
vt 0.362319 0.678572
vt 0.347826 0.678572
vt 0.347826 0.642857
vt 0.347826 0.75
vt 0.347826 0.785714
vt 0.333333 0.785714
vt 0.333333 0.75
vt 0.347826 0.25
vt 0.347826 0.285714
vt 0.333333 0.285714
vt 0.333333 0.25
vt 0.347826 0.714286
vt 0.347826 0.75
vt 0.333333 0.75
vt 0.333333 0.714286
vt 0.347826 0.21428599999999998
vt 0.347826 0.25
vt 0.333333 0.25
vt 0.333333 0.21428599999999998
vt 0.347826 0.678572
vt 0.347826 0.714286
vt 0.333333 0.714286
vt 0.333333 0.678572
vt 0.347826 0.17857100000000004
vt 0.347826 0.21428599999999998
vt 0.333333 0.21428599999999998
vt 0.333333 0.17857100000000004
vt 0.347826 0.642857
vt 0.347826 0.678572
vt 0.333333 0.678572
vt 0.333333 0.642857
vt 0.347826 0.142857
vt 0.347826 0.17857100000000004
vt 0.333333 0.17857100000000004
vt 0.333333 0.142857
vt 0.347826 0.607143
vt 0.347826 0.642857
vt 0.333333 0.642857
vt 0.333333 0.607143
vt 0.347826 0.10714299999999999
vt 0.347826 0.142857
vt 0.333333 0.142857
vt 0.333333 0.10714299999999999
vt 0.347826 0.571429
vt 0.347826 0.607143
vt 0.333333 0.607143
vt 0.333333 0.571429
vt 0.347826 0.07142899999999996
vt 0.347826 0.10714299999999999
vt 0.333333 0.10714299999999999
vt 0.333333 0.07142899999999996
vt 0.347826 0.535714
vt 0.347826 0.571429
vt 0.333333 0.571429
vt 0.333333 0.535714
vt 0.347826 0.035714000000000024
vt 0.347826 0.07142899999999996
vt 0.333333 0.07142899999999996
vt 0.333333 0.035714000000000024
vt 0.347826 0.5
vt 0.347826 0.535714
vt 0.333333 0.535714
vt 0.333333 0.5
vt 0.347826 0.964286
vt 0.34058 1
vt 0.333333 0.964286
vt 0.34058 0
vt 0.347826 0.035714000000000024
vt 0.333333 0.035714000000000024
vt 0.347826 0.464286
vt 0.347826 0.5
vt 0.333333 0.5
vt 0.333333 0.464286
vt 0.347826 0.928572
vt 0.347826 0.964286
vt 0.333333 0.964286
vt 0.333333 0.928572
vt 0.347826 0.42857100000000004
vt 0.347826 0.464286
vt 0.333333 0.464286
vt 0.333333 0.42857100000000004
vt 0.347826 0.892857
vt 0.347826 0.928572
vt 0.333333 0.928572
vt 0.333333 0.892857
vt 0.347826 0.392857
vt 0.347826 0.42857100000000004
vt 0.333333 0.42857100000000004
vt 0.333333 0.392857
vt 0.347826 0.857143
vt 0.347826 0.892857
vt 0.333333 0.892857
vt 0.333333 0.857143
vt 0.347826 0.357143
vt 0.347826 0.392857
vt 0.333333 0.392857
vt 0.333333 0.357143
vt 0.347826 0.821429
vt 0.347826 0.857143
vt 0.333333 0.857143
vt 0.333333 0.821429
vt 0.347826 0.32142800000000005
vt 0.347826 0.357143
vt 0.333333 0.357143
vt 0.333333 0.32142800000000005
vt 0.347826 0.785714
vt 0.347826 0.821429
vt 0.333333 0.821429
vt 0.333333 0.785714
vt 0.347826 0.285714
vt 0.347826 0.32142800000000005
vt 0.333333 0.32142800000000005
vt 0.333333 0.285714
vt 0.333333 0.392857
vt 0.333333 0.42857100000000004
vt 0.318841 0.42857100000000004
vt 0.318841 0.392857
vt 0.333333 0.857143
vt 0.333333 0.892857
vt 0.318841 0.892857
vt 0.318841 0.857143
vt 0.333333 0.357143
vt 0.333333 0.392857
vt 0.318841 0.392857
vt 0.318841 0.357143
vt 0.333333 0.821429
vt 0.333333 0.857143
vt 0.318841 0.857143
vt 0.318841 0.821429
vt 0.333333 0.32142800000000005
vt 0.333333 0.357143
vt 0.318841 0.357143
vt 0.318841 0.32142800000000005
vt 0.333333 0.785714
vt 0.333333 0.821429
vt 0.318841 0.821429
vt 0.318841 0.785714
vt 0.333333 0.285714
vt 0.333333 0.32142800000000005
vt 0.318841 0.32142800000000005
vt 0.318841 0.285714
vt 0.333333 0.75
vt 0.333333 0.785714
vt 0.318841 0.785714
vt 0.318841 0.75
vt 0.333333 0.25
vt 0.333333 0.285714
vt 0.318841 0.285714
vt 0.318841 0.25
vt 0.333333 0.714286
vt 0.333333 0.75
vt 0.318841 0.75
vt 0.318841 0.714286
vt 0.333333 0.21428599999999998
vt 0.333333 0.25
vt 0.318841 0.25
vt 0.318841 0.21428599999999998
vt 0.333333 0.678572
vt 0.333333 0.714286
vt 0.318841 0.714286
vt 0.318841 0.678572
vt 0.333333 0.17857100000000004
vt 0.333333 0.21428599999999998
vt 0.318841 0.21428599999999998
vt 0.318841 0.17857100000000004
vt 0.333333 0.642857
vt 0.333333 0.678572
vt 0.318841 0.678572
vt 0.318841 0.642857
vt 0.333333 0.142857
vt 0.333333 0.17857100000000004
vt 0.318841 0.17857100000000004
vt 0.318841 0.142857
vt 0.333333 0.607143
vt 0.333333 0.642857
vt 0.318841 0.642857
vt 0.318841 0.607143
vt 0.333333 0.10714299999999999
vt 0.333333 0.142857
vt 0.318841 0.142857
vt 0.318841 0.10714299999999999
vt 0.333333 0.571429
vt 0.333333 0.607143
vt 0.318841 0.607143
vt 0.318841 0.571429
vt 0.333333 0.07142899999999996
vt 0.333333 0.10714299999999999
vt 0.318841 0.10714299999999999
vt 0.318841 0.07142899999999996
vt 0.333333 0.535714
vt 0.333333 0.571429
vt 0.318841 0.571429
vt 0.318841 0.535714
vt 0.333333 0.035714000000000024
vt 0.333333 0.07142899999999996
vt 0.318841 0.07142899999999996
vt 0.318841 0.035714000000000024
vt 0.333333 0.5
vt 0.333333 0.535714
vt 0.318841 0.535714
vt 0.318841 0.5
vt 0.333333 0.964286
vt 0.326087 1
vt 0.318841 0.964286
vt 0.326087 0
vt 0.333333 0.035714000000000024
vt 0.318841 0.035714000000000024
vt 0.333333 0.464286
vt 0.333333 0.5
vt 0.318841 0.5
vt 0.318841 0.464286
vt 0.333333 0.928572
vt 0.333333 0.964286
vt 0.318841 0.964286
vt 0.318841 0.928572
vt 0.333333 0.42857100000000004
vt 0.333333 0.464286
vt 0.318841 0.464286
vt 0.318841 0.42857100000000004
vt 0.333333 0.892857
vt 0.333333 0.928572
vt 0.318841 0.928572
vt 0.318841 0.892857
vt 0.318841 0.10714299999999999
vt 0.318841 0.142857
vt 0.304348 0.142857
vt 0.304348 0.10714299999999999
vt 0.318841 0.5
vt 0.318841 0.535714
vt 0.304348 0.535714
vt 0.304348 0.5
vt 0.318841 0.964286
vt 0.311594 1
vt 0.304348 0.964286
vt 0.318841 0.07142899999999996
vt 0.318841 0.10714299999999999
vt 0.304348 0.10714299999999999
vt 0.304348 0.07142899999999996
vt 0.318841 0.928572
vt 0.318841 0.964286
vt 0.304348 0.964286
vt 0.304348 0.928572
vt 0.318841 0.035714000000000024
vt 0.318841 0.07142899999999996
vt 0.304348 0.07142899999999996
vt 0.304348 0.035714000000000024
vt 0.318841 0.892857
vt 0.318841 0.928572
vt 0.304348 0.928572
vt 0.304348 0.892857
vt 0.311594 0
vt 0.318841 0.035714000000000024
vt 0.304348 0.035714000000000024
vt 0.318841 0.464286
vt 0.318841 0.5
vt 0.304348 0.5
vt 0.304348 0.464286
vt 0.318841 0.857143
vt 0.318841 0.892857
vt 0.304348 0.892857
vt 0.304348 0.857143
vt 0.318841 0.42857100000000004
vt 0.318841 0.464286
vt 0.304348 0.464286
vt 0.304348 0.42857100000000004
vt 0.318841 0.821429
vt 0.318841 0.857143
vt 0.304348 0.857143
vt 0.304348 0.821429
vt 0.318841 0.392857
vt 0.318841 0.42857100000000004
vt 0.304348 0.42857100000000004
vt 0.304348 0.392857
vt 0.318841 0.785714
vt 0.318841 0.821429
vt 0.304348 0.821429
vt 0.304348 0.785714
vt 0.318841 0.357143
vt 0.318841 0.392857
vt 0.304348 0.392857
vt 0.304348 0.357143
vt 0.318841 0.75
vt 0.318841 0.785714
vt 0.304348 0.785714
vt 0.304348 0.75
vt 0.318841 0.32142800000000005
vt 0.318841 0.357143
vt 0.304348 0.357143
vt 0.304348 0.32142800000000005
vt 0.318841 0.714286
vt 0.318841 0.75
vt 0.304348 0.75
vt 0.304348 0.714286
vt 0.318841 0.285714
vt 0.318841 0.32142800000000005
vt 0.304348 0.32142800000000005
vt 0.304348 0.285714
vt 0.318841 0.678572
vt 0.318841 0.714286
vt 0.304348 0.714286
vt 0.304348 0.678572
vt 0.318841 0.25
vt 0.318841 0.285714
vt 0.304348 0.285714
vt 0.304348 0.25
vt 0.318841 0.642857
vt 0.318841 0.678572
vt 0.304348 0.678572
vt 0.304348 0.642857
vt 0.318841 0.21428599999999998
vt 0.318841 0.25
vt 0.304348 0.25
vt 0.304348 0.21428599999999998
vt 0.318841 0.607143
vt 0.318841 0.642857
vt 0.304348 0.642857
vt 0.304348 0.607143
vt 0.318841 0.17857100000000004
vt 0.318841 0.21428599999999998
vt 0.304348 0.21428599999999998
vt 0.304348 0.17857100000000004
vt 0.318841 0.571429
vt 0.318841 0.607143
vt 0.304348 0.607143
vt 0.304348 0.571429
vt 0.318841 0.142857
vt 0.318841 0.17857100000000004
vt 0.304348 0.17857100000000004
vt 0.304348 0.142857
vt 0.318841 0.535714
vt 0.318841 0.571429
vt 0.304348 0.571429
vt 0.304348 0.535714
vt 0.304348 0.714286
vt 0.304348 0.75
vt 0.289855 0.75
vt 0.289855 0.714286
vt 0.304348 0.21428599999999998
vt 0.304348 0.25
vt 0.289855 0.25
vt 0.289855 0.21428599999999998
vt 0.304348 0.678572
vt 0.304348 0.714286
vt 0.289855 0.714286
vt 0.289855 0.678572
vt 0.304348 0.17857100000000004
vt 0.304348 0.21428599999999998
vt 0.289855 0.21428599999999998
vt 0.289855 0.17857100000000004
vt 0.304348 0.642857
vt 0.304348 0.678572
vt 0.289855 0.678572
vt 0.289855 0.642857
vt 0.304348 0.142857
vt 0.304348 0.17857100000000004
vt 0.289855 0.17857100000000004
vt 0.289855 0.142857
vt 0.304348 0.607143
vt 0.304348 0.642857
vt 0.289855 0.642857
vt 0.289855 0.607143
vt 0.304348 0.10714299999999999
vt 0.304348 0.142857
vt 0.289855 0.142857
vt 0.289855 0.10714299999999999
vt 0.304348 0.571429
vt 0.304348 0.607143
vt 0.289855 0.607143
vt 0.289855 0.571429
vt 0.304348 0.07142899999999996
vt 0.304348 0.10714299999999999
vt 0.289855 0.10714299999999999
vt 0.289855 0.07142899999999996
vt 0.304348 0.535714
vt 0.304348 0.571429
vt 0.289855 0.571429
vt 0.289855 0.535714
vt 0.304348 0.035714000000000024
vt 0.304348 0.07142899999999996
vt 0.289855 0.07142899999999996
vt 0.289855 0.035714000000000024
vt 0.304348 0.5
vt 0.304348 0.535714
vt 0.289855 0.535714
vt 0.289855 0.5
vt 0.304348 0.964286
vt 0.297101 1
vt 0.289855 0.964286
vt 0.297101 0
vt 0.304348 0.035714000000000024
vt 0.289855 0.035714000000000024
vt 0.304348 0.464286
vt 0.304348 0.5
vt 0.289855 0.5
vt 0.289855 0.464286
vt 0.304348 0.928572
vt 0.304348 0.964286
vt 0.289855 0.964286
vt 0.289855 0.928572
vt 0.304348 0.42857100000000004
vt 0.304348 0.464286
vt 0.289855 0.464286
vt 0.289855 0.42857100000000004
vt 0.304348 0.892857
vt 0.304348 0.928572
vt 0.289855 0.928572
vt 0.289855 0.892857
vt 0.304348 0.392857
vt 0.304348 0.42857100000000004
vt 0.289855 0.42857100000000004
vt 0.289855 0.392857
vt 0.304348 0.857143
vt 0.304348 0.892857
vt 0.289855 0.892857
vt 0.289855 0.857143
vt 0.304348 0.357143
vt 0.304348 0.392857
vt 0.289855 0.392857
vt 0.289855 0.357143
vt 0.304348 0.821429
vt 0.304348 0.857143
vt 0.289855 0.857143
vt 0.289855 0.821429
vt 0.304348 0.32142800000000005
vt 0.304348 0.357143
vt 0.289855 0.357143
vt 0.289855 0.32142800000000005
vt 0.304348 0.785714
vt 0.304348 0.821429
vt 0.289855 0.821429
vt 0.289855 0.785714
vt 0.304348 0.285714
vt 0.304348 0.32142800000000005
vt 0.289855 0.32142800000000005
vt 0.289855 0.285714
vt 0.304348 0.75
vt 0.304348 0.785714
vt 0.289855 0.785714
vt 0.289855 0.75
vt 0.304348 0.25
vt 0.304348 0.285714
vt 0.289855 0.285714
vt 0.289855 0.25
vt 0.289855 0.357143
vt 0.289855 0.392857
vt 0.275362 0.392857
vt 0.275362 0.357143
vt 0.289855 0.821429
vt 0.289855 0.857143
vt 0.275362 0.857143
vt 0.275362 0.821429
vt 0.289855 0.32142800000000005
vt 0.289855 0.357143
vt 0.275362 0.357143
vt 0.275362 0.32142800000000005
vt 0.289855 0.785714
vt 0.289855 0.821429
vt 0.275362 0.821429
vt 0.275362 0.785714
vt 0.289855 0.285714
vt 0.289855 0.32142800000000005
vt 0.275362 0.32142800000000005
vt 0.275362 0.285714
vt 0.289855 0.75
vt 0.289855 0.785714
vt 0.275362 0.785714
vt 0.275362 0.75
vt 0.289855 0.25
vt 0.289855 0.285714
vt 0.275362 0.285714
vt 0.275362 0.25
vt 0.289855 0.714286
vt 0.289855 0.75
vt 0.275362 0.75
vt 0.275362 0.714286
vt 0.289855 0.21428599999999998
vt 0.289855 0.25
vt 0.275362 0.25
vt 0.275362 0.21428599999999998
vt 0.289855 0.678572
vt 0.289855 0.714286
vt 0.275362 0.714286
vt 0.275362 0.678572
vt 0.289855 0.17857100000000004
vt 0.289855 0.21428599999999998
vt 0.275362 0.21428599999999998
vt 0.275362 0.17857100000000004
vt 0.289855 0.642857
vt 0.289855 0.678572
vt 0.275362 0.678572
vt 0.275362 0.642857
vt 0.289855 0.142857
vt 0.289855 0.17857100000000004
vt 0.275362 0.17857100000000004
vt 0.275362 0.142857
vt 0.289855 0.607143
vt 0.289855 0.642857
vt 0.275362 0.642857
vt 0.275362 0.607143
vt 0.289855 0.10714299999999999
vt 0.289855 0.142857
vt 0.275362 0.142857
vt 0.275362 0.10714299999999999
vt 0.289855 0.571429
vt 0.289855 0.607143
vt 0.275362 0.607143
vt 0.275362 0.571429
vt 0.289855 0.07142899999999996
vt 0.289855 0.10714299999999999
vt 0.275362 0.10714299999999999
vt 0.275362 0.07142899999999996
vt 0.289855 0.535714
vt 0.289855 0.571429
vt 0.275362 0.571429
vt 0.275362 0.535714
vt 0.289855 0.035714000000000024
vt 0.289855 0.07142899999999996
vt 0.275362 0.07142899999999996
vt 0.275362 0.035714000000000024
vt 0.289855 0.5
vt 0.289855 0.535714
vt 0.275362 0.535714
vt 0.275362 0.5
vt 0.289855 0.964286
vt 0.282609 1
vt 0.275362 0.964286
vt 0.282609 0
vt 0.289855 0.035714000000000024
vt 0.275362 0.035714000000000024
vt 0.289855 0.464286
vt 0.289855 0.5
vt 0.275362 0.5
vt 0.275362 0.464286
vt 0.289855 0.928572
vt 0.289855 0.964286
vt 0.275362 0.964286
vt 0.275362 0.928572
vt 0.289855 0.42857100000000004
vt 0.289855 0.464286
vt 0.275362 0.464286
vt 0.275362 0.42857100000000004
vt 0.289855 0.892857
vt 0.289855 0.928572
vt 0.275362 0.928572
vt 0.275362 0.892857
vt 0.289855 0.392857
vt 0.289855 0.42857100000000004
vt 0.275362 0.42857100000000004
vt 0.275362 0.392857
vt 0.289855 0.857143
vt 0.289855 0.892857
vt 0.275362 0.892857
vt 0.275362 0.857143
vt 0.268116 0
vt 0.275362 0.035714000000000024
vt 0.26087 0.035714000000000024
vt 0.275362 0.464286
vt 0.275362 0.5
vt 0.26087 0.5
vt 0.26087 0.464286
vt 0.275362 0.928572
vt 0.275362 0.964286
vt 0.26087 0.964286
vt 0.26087 0.928572
vt 0.275362 0.42857100000000004
vt 0.275362 0.464286
vt 0.26087 0.464286
vt 0.26087 0.42857100000000004
vt 0.275362 0.892857
vt 0.275362 0.928572
vt 0.26087 0.928572
vt 0.26087 0.892857
vt 0.275362 0.392857
vt 0.275362 0.42857100000000004
vt 0.26087 0.42857100000000004
vt 0.26087 0.392857
vt 0.275362 0.857143
vt 0.275362 0.892857
vt 0.26087 0.892857
vt 0.26087 0.857143
vt 0.275362 0.357143
vt 0.275362 0.392857
vt 0.26087 0.392857
vt 0.26087 0.357143
vt 0.275362 0.821429
vt 0.275362 0.857143
vt 0.26087 0.857143
vt 0.26087 0.821429
vt 0.275362 0.32142800000000005
vt 0.275362 0.357143
vt 0.26087 0.357143
vt 0.26087 0.32142800000000005
vt 0.275362 0.785714
vt 0.275362 0.821429
vt 0.26087 0.821429
vt 0.26087 0.785714
vt 0.275362 0.285714
vt 0.275362 0.32142800000000005
vt 0.26087 0.32142800000000005
vt 0.26087 0.285714
vt 0.275362 0.75
vt 0.275362 0.785714
vt 0.26087 0.785714
vt 0.26087 0.75
vt 0.275362 0.25
vt 0.275362 0.285714
vt 0.26087 0.285714
vt 0.26087 0.25
vt 0.275362 0.714286
vt 0.275362 0.75
vt 0.26087 0.75
vt 0.26087 0.714286
vt 0.275362 0.21428599999999998
vt 0.275362 0.25
vt 0.26087 0.25
vt 0.26087 0.21428599999999998
vt 0.275362 0.678572
vt 0.275362 0.714286
vt 0.26087 0.714286
vt 0.26087 0.678572
vt 0.275362 0.17857100000000004
vt 0.275362 0.21428599999999998
vt 0.26087 0.21428599999999998
vt 0.26087 0.17857100000000004
vt 0.275362 0.642857
vt 0.275362 0.678572
vt 0.26087 0.678572
vt 0.26087 0.642857
vt 0.275362 0.142857
vt 0.275362 0.17857100000000004
vt 0.26087 0.17857100000000004
vt 0.26087 0.142857
vt 0.275362 0.607143
vt 0.275362 0.642857
vt 0.26087 0.642857
vt 0.26087 0.607143
vt 0.275362 0.10714299999999999
vt 0.275362 0.142857
vt 0.26087 0.142857
vt 0.26087 0.10714299999999999
vt 0.275362 0.571429
vt 0.275362 0.607143
vt 0.26087 0.607143
vt 0.26087 0.571429
vt 0.275362 0.07142899999999996
vt 0.275362 0.10714299999999999
vt 0.26087 0.10714299999999999
vt 0.26087 0.07142899999999996
vt 0.275362 0.535714
vt 0.275362 0.571429
vt 0.26087 0.571429
vt 0.26087 0.535714
vt 0.275362 0.035714000000000024
vt 0.275362 0.07142899999999996
vt 0.26087 0.07142899999999996
vt 0.26087 0.035714000000000024
vt 0.275362 0.5
vt 0.275362 0.535714
vt 0.26087 0.535714
vt 0.26087 0.5
vt 0.275362 0.964286
vt 0.268116 1
vt 0.26087 0.964286
vt 0.26087 0.10714299999999999
vt 0.26087 0.142857
vt 0.246377 0.142857
vt 0.246377 0.10714299999999999
vt 0.26087 0.571429
vt 0.26087 0.607143
vt 0.246377 0.607143
vt 0.246377 0.571429
vt 0.26087 0.07142899999999996
vt 0.26087 0.10714299999999999
vt 0.246377 0.10714299999999999
vt 0.246377 0.07142899999999996
vt 0.26087 0.535714
vt 0.26087 0.571429
vt 0.246377 0.571429
vt 0.246377 0.535714
vt 0.26087 0.035714000000000024
vt 0.26087 0.07142899999999996
vt 0.246377 0.07142899999999996
vt 0.246377 0.035714000000000024
vt 0.26087 0.5
vt 0.26087 0.535714
vt 0.246377 0.535714
vt 0.246377 0.5
vt 0.26087 0.964286
vt 0.253623 1
vt 0.246377 0.964286
vt 0.253623 0
vt 0.26087 0.035714000000000024
vt 0.246377 0.035714000000000024
vt 0.26087 0.464286
vt 0.26087 0.5
vt 0.246377 0.5
vt 0.246377 0.464286
vt 0.26087 0.928572
vt 0.26087 0.964286
vt 0.246377 0.964286
vt 0.246377 0.928572
vt 0.26087 0.42857100000000004
vt 0.26087 0.464286
vt 0.246377 0.464286
vt 0.246377 0.42857100000000004
vt 0.26087 0.892857
vt 0.26087 0.928572
vt 0.246377 0.928572
vt 0.246377 0.892857
vt 0.26087 0.392857
vt 0.26087 0.42857100000000004
vt 0.246377 0.42857100000000004
vt 0.246377 0.392857
vt 0.26087 0.857143
vt 0.26087 0.892857
vt 0.246377 0.892857
vt 0.246377 0.857143
vt 0.26087 0.357143
vt 0.26087 0.392857
vt 0.246377 0.392857
vt 0.246377 0.357143
vt 0.26087 0.821429
vt 0.26087 0.857143
vt 0.246377 0.857143
vt 0.246377 0.821429
vt 0.26087 0.32142800000000005
vt 0.26087 0.357143
vt 0.246377 0.357143
vt 0.246377 0.32142800000000005
vt 0.26087 0.785714
vt 0.26087 0.821429
vt 0.246377 0.821429
vt 0.246377 0.785714
vt 0.26087 0.285714
vt 0.26087 0.32142800000000005
vt 0.246377 0.32142800000000005
vt 0.246377 0.285714
vt 0.26087 0.75
vt 0.26087 0.785714
vt 0.246377 0.785714
vt 0.246377 0.75
vt 0.26087 0.25
vt 0.26087 0.285714
vt 0.246377 0.285714
vt 0.246377 0.25
vt 0.26087 0.714286
vt 0.26087 0.75
vt 0.246377 0.75
vt 0.246377 0.714286
vt 0.26087 0.21428599999999998
vt 0.26087 0.25
vt 0.246377 0.25
vt 0.246377 0.21428599999999998
vt 0.26087 0.678572
vt 0.26087 0.714286
vt 0.246377 0.714286
vt 0.246377 0.678572
vt 0.26087 0.17857100000000004
vt 0.26087 0.21428599999999998
vt 0.246377 0.21428599999999998
vt 0.246377 0.17857100000000004
vt 0.26087 0.642857
vt 0.26087 0.678572
vt 0.246377 0.678572
vt 0.246377 0.642857
vt 0.26087 0.142857
vt 0.26087 0.17857100000000004
vt 0.246377 0.17857100000000004
vt 0.246377 0.142857
vt 0.26087 0.607143
vt 0.26087 0.642857
vt 0.246377 0.642857
vt 0.246377 0.607143
vt 0.246377 0.714286
vt 0.246377 0.75
vt 0.231884 0.75
vt 0.231884 0.714286
vt 0.246377 0.21428599999999998
vt 0.246377 0.25
vt 0.231884 0.25
vt 0.231884 0.21428599999999998
vt 0.246377 0.678572
vt 0.246377 0.714286
vt 0.231884 0.714286
vt 0.231884 0.678572
vt 0.246377 0.17857100000000004
vt 0.246377 0.21428599999999998
vt 0.231884 0.21428599999999998
vt 0.231884 0.17857100000000004
vt 0.246377 0.642857
vt 0.246377 0.678572
vt 0.231884 0.678572
vt 0.231884 0.642857
vt 0.246377 0.142857
vt 0.246377 0.17857100000000004
vt 0.231884 0.17857100000000004
vt 0.231884 0.142857
vt 0.246377 0.607143
vt 0.246377 0.642857
vt 0.231884 0.642857
vt 0.231884 0.607143
vt 0.246377 0.10714299999999999
vt 0.246377 0.142857
vt 0.231884 0.142857
vt 0.231884 0.10714299999999999
vt 0.246377 0.571429
vt 0.246377 0.607143
vt 0.231884 0.607143
vt 0.231884 0.571429
vt 0.246377 0.07142899999999996
vt 0.246377 0.10714299999999999
vt 0.231884 0.10714299999999999
vt 0.231884 0.07142899999999996
vt 0.246377 0.535714
vt 0.246377 0.571429
vt 0.231884 0.571429
vt 0.231884 0.535714
vt 0.246377 0.035714000000000024
vt 0.246377 0.07142899999999996
vt 0.231884 0.07142899999999996
vt 0.231884 0.035714000000000024
vt 0.246377 0.5
vt 0.246377 0.535714
vt 0.231884 0.535714
vt 0.231884 0.5
vt 0.246377 0.964286
vt 0.23913 1
vt 0.231884 0.964286
vt 0.23913 0
vt 0.246377 0.035714000000000024
vt 0.231884 0.035714000000000024
vt 0.246377 0.464286
vt 0.246377 0.5
vt 0.231884 0.5
vt 0.231884 0.464286
vt 0.246377 0.928572
vt 0.246377 0.964286
vt 0.231884 0.964286
vt 0.231884 0.928572
vt 0.246377 0.42857100000000004
vt 0.246377 0.464286
vt 0.231884 0.464286
vt 0.231884 0.42857100000000004
vt 0.246377 0.892857
vt 0.246377 0.928572
vt 0.231884 0.928572
vt 0.231884 0.892857
vt 0.246377 0.392857
vt 0.246377 0.42857100000000004
vt 0.231884 0.42857100000000004
vt 0.231884 0.392857
vt 0.246377 0.857143
vt 0.246377 0.892857
vt 0.231884 0.892857
vt 0.231884 0.857143
vt 0.246377 0.357143
vt 0.246377 0.392857
vt 0.231884 0.392857
vt 0.231884 0.357143
vt 0.246377 0.821429
vt 0.246377 0.857143
vt 0.231884 0.857143
vt 0.231884 0.821429
vt 0.246377 0.32142800000000005
vt 0.246377 0.357143
vt 0.231884 0.357143
vt 0.231884 0.32142800000000005
vt 0.246377 0.785714
vt 0.246377 0.821429
vt 0.231884 0.821429
vt 0.231884 0.785714
vt 0.246377 0.285714
vt 0.246377 0.32142800000000005
vt 0.231884 0.32142800000000005
vt 0.231884 0.285714
vt 0.246377 0.75
vt 0.246377 0.785714
vt 0.231884 0.785714
vt 0.231884 0.75
vt 0.246377 0.25
vt 0.246377 0.285714
vt 0.231884 0.285714
vt 0.231884 0.25
vt 0.231884 0.357143
vt 0.231884 0.392857
vt 0.217391 0.392857
vt 0.217391 0.357143
vt 0.231884 0.821429
vt 0.231884 0.857143
vt 0.217391 0.857143
vt 0.217391 0.821429
vt 0.231884 0.32142800000000005
vt 0.231884 0.357143
vt 0.217391 0.357143
vt 0.217391 0.32142800000000005
vt 0.231884 0.785714
vt 0.231884 0.821429
vt 0.217391 0.821429
vt 0.217391 0.785714
vt 0.231884 0.285714
vt 0.231884 0.32142800000000005
vt 0.217391 0.32142800000000005
vt 0.217391 0.285714
vt 0.231884 0.75
vt 0.231884 0.785714
vt 0.217391 0.785714
vt 0.217391 0.75
vt 0.231884 0.25
vt 0.231884 0.285714
vt 0.217391 0.285714
vt 0.217391 0.25
vt 0.231884 0.714286
vt 0.231884 0.75
vt 0.217391 0.75
vt 0.217391 0.714286
vt 0.231884 0.21428599999999998
vt 0.231884 0.25
vt 0.217391 0.25
vt 0.217391 0.21428599999999998
vt 0.231884 0.678572
vt 0.231884 0.714286
vt 0.217391 0.714286
vt 0.217391 0.678572
vt 0.231884 0.17857100000000004
vt 0.231884 0.21428599999999998
vt 0.217391 0.21428599999999998
vt 0.217391 0.17857100000000004
vt 0.231884 0.642857
vt 0.231884 0.678572
vt 0.217391 0.678572
vt 0.217391 0.642857
vt 0.231884 0.142857
vt 0.231884 0.17857100000000004
vt 0.217391 0.17857100000000004
vt 0.217391 0.142857
vt 0.231884 0.607143
vt 0.231884 0.642857
vt 0.217391 0.642857
vt 0.217391 0.607143
vt 0.231884 0.10714299999999999
vt 0.231884 0.142857
vt 0.217391 0.142857
vt 0.217391 0.10714299999999999
vt 0.231884 0.571429
vt 0.231884 0.607143
vt 0.217391 0.607143
vt 0.217391 0.571429
vt 0.231884 0.07142899999999996
vt 0.231884 0.10714299999999999
vt 0.217391 0.10714299999999999
vt 0.217391 0.07142899999999996
vt 0.231884 0.535714
vt 0.231884 0.571429
vt 0.217391 0.571429
vt 0.217391 0.535714
vt 0.231884 0.035714000000000024
vt 0.231884 0.07142899999999996
vt 0.217391 0.07142899999999996
vt 0.217391 0.035714000000000024
vt 0.231884 0.5
vt 0.231884 0.535714
vt 0.217391 0.535714
vt 0.217391 0.5
vt 0.231884 0.964286
vt 0.224638 1
vt 0.217391 0.964286
vt 0.224638 0
vt 0.231884 0.035714000000000024
vt 0.217391 0.035714000000000024
vt 0.231884 0.464286
vt 0.231884 0.5
vt 0.217391 0.5
vt 0.217391 0.464286
vt 0.231884 0.928572
vt 0.231884 0.964286
vt 0.217391 0.964286
vt 0.217391 0.928572
vt 0.231884 0.42857100000000004
vt 0.231884 0.464286
vt 0.217391 0.464286
vt 0.217391 0.42857100000000004
vt 0.231884 0.892857
vt 0.231884 0.928572
vt 0.217391 0.928572
vt 0.217391 0.892857
vt 0.231884 0.392857
vt 0.231884 0.42857100000000004
vt 0.217391 0.42857100000000004
vt 0.217391 0.392857
vt 0.231884 0.857143
vt 0.231884 0.892857
vt 0.217391 0.892857
vt 0.217391 0.857143
vt 0.217391 0.964286
vt 0.210145 1
vt 0.202899 0.964286
vt 0.210145 0
vt 0.217391 0.035714000000000024
vt 0.202899 0.035714000000000024
vt 0.217391 0.464286
vt 0.217391 0.5
vt 0.202899 0.5
vt 0.202899 0.464286
vt 0.217391 0.928572
vt 0.217391 0.964286
vt 0.202899 0.964286
vt 0.202899 0.928572
vt 0.217391 0.42857100000000004
vt 0.217391 0.464286
vt 0.202899 0.464286
vt 0.202899 0.42857100000000004
vt 0.217391 0.892857
vt 0.217391 0.928572
vt 0.202899 0.928572
vt 0.202899 0.892857
vt 0.217391 0.392857
vt 0.217391 0.42857100000000004
vt 0.202899 0.42857100000000004
vt 0.202899 0.392857
vt 0.217391 0.857143
vt 0.217391 0.892857
vt 0.202899 0.892857
vt 0.202899 0.857143
vt 0.217391 0.357143
vt 0.217391 0.392857
vt 0.202899 0.392857
vt 0.202899 0.357143
vt 0.217391 0.821429
vt 0.217391 0.857143
vt 0.202899 0.857143
vt 0.202899 0.821429
vt 0.217391 0.32142800000000005
vt 0.217391 0.357143
vt 0.202899 0.357143
vt 0.202899 0.32142800000000005
vt 0.217391 0.785714
vt 0.217391 0.821429
vt 0.202899 0.821429
vt 0.202899 0.785714
vt 0.217391 0.285714
vt 0.217391 0.32142800000000005
vt 0.202899 0.32142800000000005
vt 0.202899 0.285714
vt 0.217391 0.75
vt 0.217391 0.785714
vt 0.202899 0.785714
vt 0.202899 0.75
vt 0.217391 0.25
vt 0.217391 0.285714
vt 0.202899 0.285714
vt 0.202899 0.25
vt 0.217391 0.714286
vt 0.217391 0.75
vt 0.202899 0.75
vt 0.202899 0.714286
vt 0.217391 0.21428599999999998
vt 0.217391 0.25
vt 0.202899 0.25
vt 0.202899 0.21428599999999998
vt 0.217391 0.678572
vt 0.217391 0.714286
vt 0.202899 0.714286
vt 0.202899 0.678572
vt 0.217391 0.17857100000000004
vt 0.217391 0.21428599999999998
vt 0.202899 0.21428599999999998
vt 0.202899 0.17857100000000004
vt 0.217391 0.642857
vt 0.217391 0.678572
vt 0.202899 0.678572
vt 0.202899 0.642857
vt 0.217391 0.142857
vt 0.217391 0.17857100000000004
vt 0.202899 0.17857100000000004
vt 0.202899 0.142857
vt 0.217391 0.607143
vt 0.217391 0.642857
vt 0.202899 0.642857
vt 0.202899 0.607143
vt 0.217391 0.10714299999999999
vt 0.217391 0.142857
vt 0.202899 0.142857
vt 0.202899 0.10714299999999999
vt 0.217391 0.571429
vt 0.217391 0.607143
vt 0.202899 0.607143
vt 0.202899 0.571429
vt 0.217391 0.07142899999999996
vt 0.217391 0.10714299999999999
vt 0.202899 0.10714299999999999
vt 0.202899 0.07142899999999996
vt 0.217391 0.535714
vt 0.217391 0.571429
vt 0.202899 0.571429
vt 0.202899 0.535714
vt 0.217391 0.035714000000000024
vt 0.217391 0.07142899999999996
vt 0.202899 0.07142899999999996
vt 0.202899 0.035714000000000024
vt 0.217391 0.5
vt 0.217391 0.535714
vt 0.202899 0.535714
vt 0.202899 0.5
vt 0.202899 0.607143
vt 0.202899 0.642857
vt 0.188406 0.642857
vt 0.188406 0.607143
vt 0.202899 0.10714299999999999
vt 0.202899 0.142857
vt 0.188406 0.142857
vt 0.188406 0.10714299999999999
vt 0.202899 0.571429
vt 0.202899 0.607143
vt 0.188406 0.607143
vt 0.188406 0.571429
vt 0.202899 0.07142899999999996
vt 0.202899 0.10714299999999999
vt 0.188406 0.10714299999999999
vt 0.188406 0.07142899999999996
vt 0.202899 0.535714
vt 0.202899 0.571429
vt 0.188406 0.571429
vt 0.188406 0.535714
vt 0.202899 0.035714000000000024
vt 0.202899 0.07142899999999996
vt 0.188406 0.07142899999999996
vt 0.188406 0.035714000000000024
vt 0.202899 0.5
vt 0.202899 0.535714
vt 0.188406 0.535714
vt 0.188406 0.5
vt 0.202899 0.964286
vt 0.195652 1
vt 0.188406 0.964286
vt 0.195652 0
vt 0.202899 0.035714000000000024
vt 0.188406 0.035714000000000024
vt 0.202899 0.464286
vt 0.202899 0.5
vt 0.188406 0.5
vt 0.188406 0.464286
vt 0.202899 0.928572
vt 0.202899 0.964286
vt 0.188406 0.964286
vt 0.188406 0.928572
vt 0.202899 0.42857100000000004
vt 0.202899 0.464286
vt 0.188406 0.464286
vt 0.188406 0.42857100000000004
vt 0.202899 0.892857
vt 0.202899 0.928572
vt 0.188406 0.928572
vt 0.188406 0.892857
vt 0.202899 0.392857
vt 0.202899 0.42857100000000004
vt 0.188406 0.42857100000000004
vt 0.188406 0.392857
vt 0.202899 0.857143
vt 0.202899 0.892857
vt 0.188406 0.892857
vt 0.188406 0.857143
vt 0.202899 0.357143
vt 0.202899 0.392857
vt 0.188406 0.392857
vt 0.188406 0.357143
vt 0.202899 0.821429
vt 0.202899 0.857143
vt 0.188406 0.857143
vt 0.188406 0.821429
vt 0.202899 0.32142800000000005
vt 0.202899 0.357143
vt 0.188406 0.357143
vt 0.188406 0.32142800000000005
vt 0.202899 0.785714
vt 0.202899 0.821429
vt 0.188406 0.821429
vt 0.188406 0.785714
vt 0.202899 0.285714
vt 0.202899 0.32142800000000005
vt 0.188406 0.32142800000000005
vt 0.188406 0.285714
vt 0.202899 0.75
vt 0.202899 0.785714
vt 0.188406 0.785714
vt 0.188406 0.75
vt 0.202899 0.25
vt 0.202899 0.285714
vt 0.188406 0.285714
vt 0.188406 0.25
vt 0.202899 0.714286
vt 0.202899 0.75
vt 0.188406 0.75
vt 0.188406 0.714286
vt 0.202899 0.21428599999999998
vt 0.202899 0.25
vt 0.188406 0.25
vt 0.188406 0.21428599999999998
vt 0.202899 0.678572
vt 0.202899 0.714286
vt 0.188406 0.714286
vt 0.188406 0.678572
vt 0.202899 0.17857100000000004
vt 0.202899 0.21428599999999998
vt 0.188406 0.21428599999999998
vt 0.188406 0.17857100000000004
vt 0.202899 0.642857
vt 0.202899 0.678572
vt 0.188406 0.678572
vt 0.188406 0.642857
vt 0.202899 0.142857
vt 0.202899 0.17857100000000004
vt 0.188406 0.17857100000000004
vt 0.188406 0.142857
vt 0.188406 0.25
vt 0.188406 0.285714
vt 0.173913 0.285714
vt 0.173913 0.25
vt 0.188406 0.714286
vt 0.188406 0.75
vt 0.173913 0.75
vt 0.173913 0.714286
vt 0.188406 0.21428599999999998
vt 0.188406 0.25
vt 0.173913 0.25
vt 0.173913 0.21428599999999998
vt 0.188406 0.678572
vt 0.188406 0.714286
vt 0.173913 0.714286
vt 0.173913 0.678572
vt 0.188406 0.17857100000000004
vt 0.188406 0.21428599999999998
vt 0.173913 0.21428599999999998
vt 0.173913 0.17857100000000004
vt 0.188406 0.642857
vt 0.188406 0.678572
vt 0.173913 0.678572
vt 0.173913 0.642857
vt 0.188406 0.142857
vt 0.188406 0.17857100000000004
vt 0.173913 0.17857100000000004
vt 0.173913 0.142857
vt 0.188406 0.607143
vt 0.188406 0.642857
vt 0.173913 0.642857
vt 0.173913 0.607143
vt 0.188406 0.10714299999999999
vt 0.188406 0.142857
vt 0.173913 0.142857
vt 0.173913 0.10714299999999999
vt 0.188406 0.571429
vt 0.188406 0.607143
vt 0.173913 0.607143
vt 0.173913 0.571429
vt 0.188406 0.07142899999999996
vt 0.188406 0.10714299999999999
vt 0.173913 0.10714299999999999
vt 0.173913 0.07142899999999996
vt 0.188406 0.535714
vt 0.188406 0.571429
vt 0.173913 0.571429
vt 0.173913 0.535714
vt 0.188406 0.035714000000000024
vt 0.188406 0.07142899999999996
vt 0.173913 0.07142899999999996
vt 0.173913 0.035714000000000024
vt 0.188406 0.5
vt 0.188406 0.535714
vt 0.173913 0.535714
vt 0.173913 0.5
vt 0.188406 0.964286
vt 0.181159 1
vt 0.173913 0.964286
vt 0.181159 0
vt 0.188406 0.035714000000000024
vt 0.173913 0.035714000000000024
vt 0.188406 0.464286
vt 0.188406 0.5
vt 0.173913 0.5
vt 0.173913 0.464286
vt 0.188406 0.928572
vt 0.188406 0.964286
vt 0.173913 0.964286
vt 0.173913 0.928572
vt 0.188406 0.42857100000000004
vt 0.188406 0.464286
vt 0.173913 0.464286
vt 0.173913 0.42857100000000004
vt 0.188406 0.892857
vt 0.188406 0.928572
vt 0.173913 0.928572
vt 0.173913 0.892857
vt 0.188406 0.392857
vt 0.188406 0.42857100000000004
vt 0.173913 0.42857100000000004
vt 0.173913 0.392857
vt 0.188406 0.857143
vt 0.188406 0.892857
vt 0.173913 0.892857
vt 0.173913 0.857143
vt 0.188406 0.357143
vt 0.188406 0.392857
vt 0.173913 0.392857
vt 0.173913 0.357143
vt 0.188406 0.821429
vt 0.188406 0.857143
vt 0.173913 0.857143
vt 0.173913 0.821429
vt 0.188406 0.32142800000000005
vt 0.188406 0.357143
vt 0.173913 0.357143
vt 0.173913 0.32142800000000005
vt 0.188406 0.785714
vt 0.188406 0.821429
vt 0.173913 0.821429
vt 0.173913 0.785714
vt 0.188406 0.285714
vt 0.188406 0.32142800000000005
vt 0.173913 0.32142800000000005
vt 0.173913 0.285714
vt 0.188406 0.75
vt 0.188406 0.785714
vt 0.173913 0.785714
vt 0.173913 0.75
vt 0.173913 0.357143
vt 0.173913 0.392857
vt 0.15942 0.392857
vt 0.15942 0.357143
vt 0.173913 0.821429
vt 0.173913 0.857143
vt 0.15942 0.857143
vt 0.15942 0.821429
vt 0.173913 0.32142800000000005
vt 0.173913 0.357143
vt 0.15942 0.357143
vt 0.15942 0.32142800000000005
vt 0.173913 0.785714
vt 0.173913 0.821429
vt 0.15942 0.821429
vt 0.15942 0.785714
vt 0.173913 0.285714
vt 0.173913 0.32142800000000005
vt 0.15942 0.32142800000000005
vt 0.15942 0.285714
vt 0.173913 0.75
vt 0.173913 0.785714
vt 0.15942 0.785714
vt 0.15942 0.75
vt 0.173913 0.25
vt 0.173913 0.285714
vt 0.15942 0.285714
vt 0.15942 0.25
vt 0.173913 0.714286
vt 0.173913 0.75
vt 0.15942 0.75
vt 0.15942 0.714286
vt 0.173913 0.21428599999999998
vt 0.173913 0.25
vt 0.15942 0.25
vt 0.15942 0.21428599999999998
vt 0.173913 0.678572
vt 0.173913 0.714286
vt 0.15942 0.714286
vt 0.15942 0.678572
vt 0.173913 0.17857100000000004
vt 0.173913 0.21428599999999998
vt 0.15942 0.21428599999999998
vt 0.15942 0.17857100000000004
vt 0.173913 0.642857
vt 0.173913 0.678572
vt 0.15942 0.678572
vt 0.15942 0.642857
vt 0.173913 0.142857
vt 0.173913 0.17857100000000004
vt 0.15942 0.17857100000000004
vt 0.15942 0.142857
vt 0.173913 0.607143
vt 0.173913 0.642857
vt 0.15942 0.642857
vt 0.15942 0.607143
vt 0.173913 0.10714299999999999
vt 0.173913 0.142857
vt 0.15942 0.142857
vt 0.15942 0.10714299999999999
vt 0.173913 0.571429
vt 0.173913 0.607143
vt 0.15942 0.607143
vt 0.15942 0.571429
vt 0.173913 0.07142899999999996
vt 0.173913 0.10714299999999999
vt 0.15942 0.10714299999999999
vt 0.15942 0.07142899999999996
vt 0.173913 0.535714
vt 0.173913 0.571429
vt 0.15942 0.571429
vt 0.15942 0.535714
vt 0.173913 0.035714000000000024
vt 0.173913 0.07142899999999996
vt 0.15942 0.07142899999999996
vt 0.15942 0.035714000000000024
vt 0.173913 0.5
vt 0.173913 0.535714
vt 0.15942 0.535714
vt 0.15942 0.5
vt 0.173913 0.964286
vt 0.166667 1
vt 0.15942 0.964286
vt 0.166667 0
vt 0.173913 0.035714000000000024
vt 0.15942 0.035714000000000024
vt 0.173913 0.464286
vt 0.173913 0.5
vt 0.15942 0.5
vt 0.15942 0.464286
vt 0.173913 0.928572
vt 0.173913 0.964286
vt 0.15942 0.964286
vt 0.15942 0.928572
vt 0.173913 0.42857100000000004
vt 0.173913 0.464286
vt 0.15942 0.464286
vt 0.15942 0.42857100000000004
vt 0.173913 0.892857
vt 0.173913 0.928572
vt 0.15942 0.928572
vt 0.15942 0.892857
vt 0.173913 0.392857
vt 0.173913 0.42857100000000004
vt 0.15942 0.42857100000000004
vt 0.15942 0.392857
vt 0.173913 0.857143
vt 0.173913 0.892857
vt 0.15942 0.892857
vt 0.15942 0.857143
vt 0.15942 0.964286
vt 0.152174 1
vt 0.144928 0.964286
vt 0.152174 0
vt 0.15942 0.035714000000000024
vt 0.144928 0.035714000000000024
vt 0.15942 0.464286
vt 0.15942 0.5
vt 0.144928 0.5
vt 0.144928 0.464286
vt 0.15942 0.928572
vt 0.15942 0.964286
vt 0.144928 0.964286
vt 0.144928 0.928572
vt 0.15942 0.42857100000000004
vt 0.15942 0.464286
vt 0.144928 0.464286
vt 0.144928 0.42857100000000004
vt 0.15942 0.892857
vt 0.15942 0.928572
vt 0.144928 0.928572
vt 0.144928 0.892857
vt 0.15942 0.392857
vt 0.15942 0.42857100000000004
vt 0.144928 0.42857100000000004
vt 0.144928 0.392857
vt 0.15942 0.857143
vt 0.15942 0.892857
vt 0.144928 0.892857
vt 0.144928 0.857143
vt 0.15942 0.357143
vt 0.15942 0.392857
vt 0.144928 0.392857
vt 0.144928 0.357143
vt 0.15942 0.821429
vt 0.15942 0.857143
vt 0.144928 0.857143
vt 0.144928 0.821429
vt 0.15942 0.32142800000000005
vt 0.15942 0.357143
vt 0.144928 0.357143
vt 0.144928 0.32142800000000005
vt 0.15942 0.785714
vt 0.15942 0.821429
vt 0.144928 0.821429
vt 0.144928 0.785714
vt 0.15942 0.285714
vt 0.15942 0.32142800000000005
vt 0.144928 0.32142800000000005
vt 0.144928 0.285714
vt 0.15942 0.75
vt 0.15942 0.785714
vt 0.144928 0.785714
vt 0.144928 0.75
vt 0.15942 0.25
vt 0.15942 0.285714
vt 0.144928 0.285714
vt 0.144928 0.25
vt 0.15942 0.714286
vt 0.15942 0.75
vt 0.144928 0.75
vt 0.144928 0.714286
vt 0.15942 0.21428599999999998
vt 0.15942 0.25
vt 0.144928 0.25
vt 0.144928 0.21428599999999998
vt 0.15942 0.678572
vt 0.15942 0.714286
vt 0.144928 0.714286
vt 0.144928 0.678572
vt 0.15942 0.17857100000000004
vt 0.15942 0.21428599999999998
vt 0.144928 0.21428599999999998
vt 0.144928 0.17857100000000004
vt 0.15942 0.642857
vt 0.15942 0.678572
vt 0.144928 0.678572
vt 0.144928 0.642857
vt 0.15942 0.142857
vt 0.15942 0.17857100000000004
vt 0.144928 0.17857100000000004
vt 0.144928 0.142857
vt 0.15942 0.607143
vt 0.15942 0.642857
vt 0.144928 0.642857
vt 0.144928 0.607143
vt 0.15942 0.10714299999999999
vt 0.15942 0.142857
vt 0.144928 0.142857
vt 0.144928 0.10714299999999999
vt 0.15942 0.571429
vt 0.15942 0.607143
vt 0.144928 0.607143
vt 0.144928 0.571429
vt 0.15942 0.07142899999999996
vt 0.15942 0.10714299999999999
vt 0.144928 0.10714299999999999
vt 0.144928 0.07142899999999996
vt 0.15942 0.535714
vt 0.15942 0.571429
vt 0.144928 0.571429
vt 0.144928 0.535714
vt 0.15942 0.035714000000000024
vt 0.15942 0.07142899999999996
vt 0.144928 0.07142899999999996
vt 0.144928 0.035714000000000024
vt 0.15942 0.5
vt 0.15942 0.535714
vt 0.144928 0.535714
vt 0.144928 0.5
vt 0.144928 0.607143
vt 0.144928 0.642857
vt 0.130435 0.642857
vt 0.130435 0.607143
vt 0.144928 0.10714299999999999
vt 0.144928 0.142857
vt 0.130435 0.142857
vt 0.130435 0.10714299999999999
vt 0.144928 0.571429
vt 0.144928 0.607143
vt 0.130435 0.607143
vt 0.130435 0.571429
vt 0.144928 0.07142899999999996
vt 0.144928 0.10714299999999999
vt 0.130435 0.10714299999999999
vt 0.130435 0.07142899999999996
vt 0.144928 0.535714
vt 0.144928 0.571429
vt 0.130435 0.571429
vt 0.130435 0.535714
vt 0.144928 0.035714000000000024
vt 0.144928 0.07142899999999996
vt 0.130435 0.07142899999999996
vt 0.130435 0.035714000000000024
vt 0.144928 0.5
vt 0.144928 0.535714
vt 0.130435 0.535714
vt 0.130435 0.5
vt 0.144928 0.964286
vt 0.137681 1
vt 0.130435 0.964286
vt 0.137681 0
vt 0.144928 0.035714000000000024
vt 0.130435 0.035714000000000024
vt 0.144928 0.464286
vt 0.144928 0.5
vt 0.130435 0.5
vt 0.130435 0.464286
vt 0.144928 0.928572
vt 0.144928 0.964286
vt 0.130435 0.964286
vt 0.130435 0.928572
vt 0.144928 0.42857100000000004
vt 0.144928 0.464286
vt 0.130435 0.464286
vt 0.130435 0.42857100000000004
vt 0.144928 0.892857
vt 0.144928 0.928572
vt 0.130435 0.928572
vt 0.130435 0.892857
vt 0.144928 0.392857
vt 0.144928 0.42857100000000004
vt 0.130435 0.42857100000000004
vt 0.130435 0.392857
vt 0.144928 0.857143
vt 0.144928 0.892857
vt 0.130435 0.892857
vt 0.130435 0.857143
vt 0.144928 0.357143
vt 0.144928 0.392857
vt 0.130435 0.392857
vt 0.130435 0.357143
vt 0.144928 0.821429
vt 0.144928 0.857143
vt 0.130435 0.857143
vt 0.130435 0.821429
vt 0.144928 0.32142800000000005
vt 0.144928 0.357143
vt 0.130435 0.357143
vt 0.130435 0.32142800000000005
vt 0.144928 0.785714
vt 0.144928 0.821429
vt 0.130435 0.821429
vt 0.130435 0.785714
vt 0.144928 0.285714
vt 0.144928 0.32142800000000005
vt 0.130435 0.32142800000000005
vt 0.130435 0.285714
vt 0.144928 0.75
vt 0.144928 0.785714
vt 0.130435 0.785714
vt 0.130435 0.75
vt 0.144928 0.25
vt 0.144928 0.285714
vt 0.130435 0.285714
vt 0.130435 0.25
vt 0.144928 0.714286
vt 0.144928 0.75
vt 0.130435 0.75
vt 0.130435 0.714286
vt 0.144928 0.21428599999999998
vt 0.144928 0.25
vt 0.130435 0.25
vt 0.130435 0.21428599999999998
vt 0.144928 0.678572
vt 0.144928 0.714286
vt 0.130435 0.714286
vt 0.130435 0.678572
vt 0.144928 0.17857100000000004
vt 0.144928 0.21428599999999998
vt 0.130435 0.21428599999999998
vt 0.130435 0.17857100000000004
vt 0.144928 0.642857
vt 0.144928 0.678572
vt 0.130435 0.678572
vt 0.130435 0.642857
vt 0.144928 0.142857
vt 0.144928 0.17857100000000004
vt 0.130435 0.17857100000000004
vt 0.130435 0.142857
vt 0.130435 0.25
vt 0.130435 0.285714
vt 0.115942 0.285714
vt 0.115942 0.25
vt 0.130435 0.714286
vt 0.130435 0.75
vt 0.115942 0.75
vt 0.115942 0.714286
vt 0.130435 0.21428599999999998
vt 0.130435 0.25
vt 0.115942 0.25
vt 0.115942 0.21428599999999998
vt 0.130435 0.678572
vt 0.130435 0.714286
vt 0.115942 0.714286
vt 0.115942 0.678572
vt 0.130435 0.17857100000000004
vt 0.130435 0.21428599999999998
vt 0.115942 0.21428599999999998
vt 0.115942 0.17857100000000004
vt 0.130435 0.642857
vt 0.130435 0.678572
vt 0.115942 0.678572
vt 0.115942 0.642857
vt 0.130435 0.142857
vt 0.130435 0.17857100000000004
vt 0.115942 0.17857100000000004
vt 0.115942 0.142857
vt 0.130435 0.607143
vt 0.130435 0.642857
vt 0.115942 0.642857
vt 0.115942 0.607143
vt 0.130435 0.10714299999999999
vt 0.130435 0.142857
vt 0.115942 0.142857
vt 0.115942 0.10714299999999999
vt 0.130435 0.571429
vt 0.130435 0.607143
vt 0.115942 0.607143
vt 0.115942 0.571429
vt 0.130435 0.07142899999999996
vt 0.130435 0.10714299999999999
vt 0.115942 0.10714299999999999
vt 0.115942 0.07142899999999996
vt 0.130435 0.535714
vt 0.130435 0.571429
vt 0.115942 0.571429
vt 0.115942 0.535714
vt 0.130435 0.035714000000000024
vt 0.130435 0.07142899999999996
vt 0.115942 0.07142899999999996
vt 0.115942 0.035714000000000024
vt 0.130435 0.5
vt 0.130435 0.535714
vt 0.115942 0.535714
vt 0.115942 0.5
vt 0.130435 0.964286
vt 0.123188 1
vt 0.115942 0.964286
vt 0.123188 0
vt 0.130435 0.035714000000000024
vt 0.115942 0.035714000000000024
vt 0.130435 0.464286
vt 0.130435 0.5
vt 0.115942 0.5
vt 0.115942 0.464286
vt 0.130435 0.928572
vt 0.130435 0.964286
vt 0.115942 0.964286
vt 0.115942 0.928572
vt 0.130435 0.42857100000000004
vt 0.130435 0.464286
vt 0.115942 0.464286
vt 0.115942 0.42857100000000004
vt 0.130435 0.892857
vt 0.130435 0.928572
vt 0.115942 0.928572
vt 0.115942 0.892857
vt 0.130435 0.392857
vt 0.130435 0.42857100000000004
vt 0.115942 0.42857100000000004
vt 0.115942 0.392857
vt 0.130435 0.857143
vt 0.130435 0.892857
vt 0.115942 0.892857
vt 0.115942 0.857143
vt 0.130435 0.357143
vt 0.130435 0.392857
vt 0.115942 0.392857
vt 0.115942 0.357143
vt 0.130435 0.821429
vt 0.130435 0.857143
vt 0.115942 0.857143
vt 0.115942 0.821429
vt 0.130435 0.32142800000000005
vt 0.130435 0.357143
vt 0.115942 0.357143
vt 0.115942 0.32142800000000005
vt 0.130435 0.785714
vt 0.130435 0.821429
vt 0.115942 0.821429
vt 0.115942 0.785714
vt 0.130435 0.285714
vt 0.130435 0.32142800000000005
vt 0.115942 0.32142800000000005
vt 0.115942 0.285714
vt 0.130435 0.75
vt 0.130435 0.785714
vt 0.115942 0.785714
vt 0.115942 0.75
vt 0.115942 0.857143
vt 0.115942 0.892857
vt 0.101449 0.892857
vt 0.101449 0.857143
vt 0.115942 0.357143
vt 0.115942 0.392857
vt 0.101449 0.392857
vt 0.101449 0.357143
vt 0.115942 0.821429
vt 0.115942 0.857143
vt 0.101449 0.857143
vt 0.101449 0.821429
vt 0.115942 0.32142800000000005
vt 0.115942 0.357143
vt 0.101449 0.357143
vt 0.101449 0.32142800000000005
vt 0.115942 0.785714
vt 0.115942 0.821429
vt 0.101449 0.821429
vt 0.101449 0.785714
vt 0.115942 0.285714
vt 0.115942 0.32142800000000005
vt 0.101449 0.32142800000000005
vt 0.101449 0.285714
vt 0.115942 0.75
vt 0.115942 0.785714
vt 0.101449 0.785714
vt 0.101449 0.75
vt 0.115942 0.25
vt 0.115942 0.285714
vt 0.101449 0.285714
vt 0.101449 0.25
vt 0.115942 0.714286
vt 0.115942 0.75
vt 0.101449 0.75
vt 0.101449 0.714286
vt 0.115942 0.21428599999999998
vt 0.115942 0.25
vt 0.101449 0.25
vt 0.101449 0.21428599999999998
vt 0.115942 0.678572
vt 0.115942 0.714286
vt 0.101449 0.714286
vt 0.101449 0.678572
vt 0.115942 0.17857100000000004
vt 0.115942 0.21428599999999998
vt 0.101449 0.21428599999999998
vt 0.101449 0.17857100000000004
vt 0.115942 0.642857
vt 0.115942 0.678572
vt 0.101449 0.678572
vt 0.101449 0.642857
vt 0.115942 0.142857
vt 0.115942 0.17857100000000004
vt 0.101449 0.17857100000000004
vt 0.101449 0.142857
vt 0.115942 0.607143
vt 0.115942 0.642857
vt 0.101449 0.642857
vt 0.101449 0.607143
vt 0.115942 0.10714299999999999
vt 0.115942 0.142857
vt 0.101449 0.142857
vt 0.101449 0.10714299999999999
vt 0.115942 0.571429
vt 0.115942 0.607143
vt 0.101449 0.607143
vt 0.101449 0.571429
vt 0.115942 0.07142899999999996
vt 0.115942 0.10714299999999999
vt 0.101449 0.10714299999999999
vt 0.101449 0.07142899999999996
vt 0.115942 0.535714
vt 0.115942 0.571429
vt 0.101449 0.571429
vt 0.101449 0.535714
vt 0.115942 0.035714000000000024
vt 0.115942 0.07142899999999996
vt 0.101449 0.07142899999999996
vt 0.101449 0.035714000000000024
vt 0.115942 0.5
vt 0.115942 0.535714
vt 0.101449 0.535714
vt 0.101449 0.5
vt 0.115942 0.964286
vt 0.108696 1
vt 0.101449 0.964286
vt 0.108696 0
vt 0.115942 0.035714000000000024
vt 0.101449 0.035714000000000024
vt 0.115942 0.464286
vt 0.115942 0.5
vt 0.101449 0.5
vt 0.101449 0.464286
vt 0.115942 0.928572
vt 0.115942 0.964286
vt 0.101449 0.964286
vt 0.101449 0.928572
vt 0.115942 0.42857100000000004
vt 0.115942 0.464286
vt 0.101449 0.464286
vt 0.101449 0.42857100000000004
vt 0.115942 0.892857
vt 0.115942 0.928572
vt 0.101449 0.928572
vt 0.101449 0.892857
vt 0.115942 0.392857
vt 0.115942 0.42857100000000004
vt 0.101449 0.42857100000000004
vt 0.101449 0.392857
vt 0.101449 0.5
vt 0.101449 0.535714
vt 0.086957 0.535714
vt 0.086957 0.5
vt 0.101449 0.964286
vt 0.094203 1
vt 0.086957 0.964286
vt 0.094203 0
vt 0.101449 0.035714000000000024
vt 0.086957 0.035714000000000024
vt 0.101449 0.464286
vt 0.101449 0.5
vt 0.086957 0.5
vt 0.086957 0.464286
vt 0.101449 0.928572
vt 0.101449 0.964286
vt 0.086957 0.964286
vt 0.086957 0.928572
vt 0.101449 0.42857100000000004
vt 0.101449 0.464286
vt 0.086957 0.464286
vt 0.086957 0.42857100000000004
vt 0.101449 0.892857
vt 0.101449 0.928572
vt 0.086957 0.928572
vt 0.086957 0.892857
vt 0.101449 0.392857
vt 0.101449 0.42857100000000004
vt 0.086957 0.42857100000000004
vt 0.086957 0.392857
vt 0.101449 0.857143
vt 0.101449 0.892857
vt 0.086957 0.892857
vt 0.086957 0.857143
vt 0.101449 0.357143
vt 0.101449 0.392857
vt 0.086957 0.392857
vt 0.086957 0.357143
vt 0.101449 0.821429
vt 0.101449 0.857143
vt 0.086957 0.857143
vt 0.086957 0.821429
vt 0.101449 0.32142800000000005
vt 0.101449 0.357143
vt 0.086957 0.357143
vt 0.086957 0.32142800000000005
vt 0.101449 0.785714
vt 0.101449 0.821429
vt 0.086957 0.821429
vt 0.086957 0.785714
vt 0.101449 0.285714
vt 0.101449 0.32142800000000005
vt 0.086957 0.32142800000000005
vt 0.086957 0.285714
vt 0.101449 0.75
vt 0.101449 0.785714
vt 0.086957 0.785714
vt 0.086957 0.75
vt 0.101449 0.25
vt 0.101449 0.285714
vt 0.086957 0.285714
vt 0.086957 0.25
vt 0.101449 0.714286
vt 0.101449 0.75
vt 0.086957 0.75
vt 0.086957 0.714286
vt 0.101449 0.21428599999999998
vt 0.101449 0.25
vt 0.086957 0.25
vt 0.086957 0.21428599999999998
vt 0.101449 0.678572
vt 0.101449 0.714286
vt 0.086957 0.714286
vt 0.086957 0.678572
vt 0.101449 0.17857100000000004
vt 0.101449 0.21428599999999998
vt 0.086957 0.21428599999999998
vt 0.086957 0.17857100000000004
vt 0.101449 0.642857
vt 0.101449 0.678572
vt 0.086957 0.678572
vt 0.086957 0.642857
vt 0.101449 0.142857
vt 0.101449 0.17857100000000004
vt 0.086957 0.17857100000000004
vt 0.086957 0.142857
vt 0.101449 0.607143
vt 0.101449 0.642857
vt 0.086957 0.642857
vt 0.086957 0.607143
vt 0.101449 0.10714299999999999
vt 0.101449 0.142857
vt 0.086957 0.142857
vt 0.086957 0.10714299999999999
vt 0.101449 0.571429
vt 0.101449 0.607143
vt 0.086957 0.607143
vt 0.086957 0.571429
vt 0.101449 0.07142899999999996
vt 0.101449 0.10714299999999999
vt 0.086957 0.10714299999999999
vt 0.086957 0.07142899999999996
vt 0.101449 0.535714
vt 0.101449 0.571429
vt 0.086957 0.571429
vt 0.086957 0.535714
vt 0.101449 0.035714000000000024
vt 0.101449 0.07142899999999996
vt 0.086957 0.07142899999999996
vt 0.086957 0.035714000000000024
vt 0.086957 0.142857
vt 0.086957 0.17857100000000004
vt 0.072464 0.17857100000000004
vt 0.072464 0.142857
vt 0.086957 0.607143
vt 0.086957 0.642857
vt 0.072464 0.642857
vt 0.072464 0.607143
vt 0.086957 0.10714299999999999
vt 0.086957 0.142857
vt 0.072464 0.142857
vt 0.072464 0.10714299999999999
vt 0.086957 0.571429
vt 0.086957 0.607143
vt 0.072464 0.607143
vt 0.072464 0.571429
vt 0.086957 0.07142899999999996
vt 0.086957 0.10714299999999999
vt 0.072464 0.10714299999999999
vt 0.072464 0.07142899999999996
vt 0.086957 0.535714
vt 0.086957 0.571429
vt 0.072464 0.571429
vt 0.072464 0.535714
vt 0.086957 0.035714000000000024
vt 0.086957 0.07142899999999996
vt 0.072464 0.07142899999999996
vt 0.072464 0.035714000000000024
vt 0.086957 0.5
vt 0.086957 0.535714
vt 0.072464 0.535714
vt 0.072464 0.5
vt 0.086957 0.964286
vt 0.07971 1
vt 0.072464 0.964286
vt 0.07971 0
vt 0.086957 0.035714000000000024
vt 0.072464 0.035714000000000024
vt 0.086957 0.464286
vt 0.086957 0.5
vt 0.072464 0.5
vt 0.072464 0.464286
vt 0.086957 0.928572
vt 0.086957 0.964286
vt 0.072464 0.964286
vt 0.072464 0.928572
vt 0.086957 0.42857100000000004
vt 0.086957 0.464286
vt 0.072464 0.464286
vt 0.072464 0.42857100000000004
vt 0.086957 0.892857
vt 0.086957 0.928572
vt 0.072464 0.928572
vt 0.072464 0.892857
vt 0.086957 0.392857
vt 0.086957 0.42857100000000004
vt 0.072464 0.42857100000000004
vt 0.072464 0.392857
vt 0.086957 0.857143
vt 0.086957 0.892857
vt 0.072464 0.892857
vt 0.072464 0.857143
vt 0.086957 0.357143
vt 0.086957 0.392857
vt 0.072464 0.392857
vt 0.072464 0.357143
vt 0.086957 0.821429
vt 0.086957 0.857143
vt 0.072464 0.857143
vt 0.072464 0.821429
vt 0.086957 0.32142800000000005
vt 0.086957 0.357143
vt 0.072464 0.357143
vt 0.072464 0.32142800000000005
vt 0.086957 0.785714
vt 0.086957 0.821429
vt 0.072464 0.821429
vt 0.072464 0.785714
vt 0.086957 0.285714
vt 0.086957 0.32142800000000005
vt 0.072464 0.32142800000000005
vt 0.072464 0.285714
vt 0.086957 0.75
vt 0.086957 0.785714
vt 0.072464 0.785714
vt 0.072464 0.75
vt 0.086957 0.25
vt 0.086957 0.285714
vt 0.072464 0.285714
vt 0.072464 0.25
vt 0.086957 0.714286
vt 0.086957 0.75
vt 0.072464 0.75
vt 0.072464 0.714286
vt 0.086957 0.21428599999999998
vt 0.086957 0.25
vt 0.072464 0.25
vt 0.072464 0.21428599999999998
vt 0.086957 0.678572
vt 0.086957 0.714286
vt 0.072464 0.714286
vt 0.072464 0.678572
vt 0.086957 0.17857100000000004
vt 0.086957 0.21428599999999998
vt 0.072464 0.21428599999999998
vt 0.072464 0.17857100000000004
vt 0.086957 0.642857
vt 0.086957 0.678572
vt 0.072464 0.678572
vt 0.072464 0.642857
vt 0.072464 0.25
vt 0.072464 0.285714
vt 0.057971 0.285714
vt 0.057971 0.25
vt 0.072464 0.714286
vt 0.072464 0.75
vt 0.057971 0.75
vt 0.057971 0.714286
vt 0.072464 0.21428599999999998
vt 0.072464 0.25
vt 0.057971 0.25
vt 0.057971 0.21428599999999998
vt 0.072464 0.678572
vt 0.072464 0.714286
vt 0.057971 0.714286
vt 0.057971 0.678572
vt 0.072464 0.17857100000000004
vt 0.072464 0.21428599999999998
vt 0.057971 0.21428599999999998
vt 0.057971 0.17857100000000004
vt 0.072464 0.642857
vt 0.072464 0.678572
vt 0.057971 0.678572
vt 0.057971 0.642857
vt 0.072464 0.142857
vt 0.072464 0.17857100000000004
vt 0.057971 0.17857100000000004
vt 0.057971 0.142857
vt 0.072464 0.607143
vt 0.072464 0.642857
vt 0.057971 0.642857
vt 0.057971 0.607143
vt 0.072464 0.10714299999999999
vt 0.072464 0.142857
vt 0.057971 0.142857
vt 0.057971 0.10714299999999999
vt 0.072464 0.571429
vt 0.072464 0.607143
vt 0.057971 0.607143
vt 0.057971 0.571429
vt 0.072464 0.07142899999999996
vt 0.072464 0.10714299999999999
vt 0.057971 0.10714299999999999
vt 0.057971 0.07142899999999996
vt 0.072464 0.535714
vt 0.072464 0.571429
vt 0.057971 0.571429
vt 0.057971 0.535714
vt 0.072464 0.035714000000000024
vt 0.072464 0.07142899999999996
vt 0.057971 0.07142899999999996
vt 0.057971 0.035714000000000024
vt 0.072464 0.5
vt 0.072464 0.535714
vt 0.057971 0.535714
vt 0.057971 0.5
vt 0.072464 0.964286
vt 0.065217 1
vt 0.057971 0.964286
vt 0.065217 0
vt 0.072464 0.035714000000000024
vt 0.057971 0.035714000000000024
vt 0.072464 0.464286
vt 0.072464 0.5
vt 0.057971 0.5
vt 0.057971 0.464286
vt 0.072464 0.928572
vt 0.072464 0.964286
vt 0.057971 0.964286
vt 0.057971 0.928572
vt 0.072464 0.42857100000000004
vt 0.072464 0.464286
vt 0.057971 0.464286
vt 0.057971 0.42857100000000004
vt 0.072464 0.892857
vt 0.072464 0.928572
vt 0.057971 0.928572
vt 0.057971 0.892857
vt 0.072464 0.392857
vt 0.072464 0.42857100000000004
vt 0.057971 0.42857100000000004
vt 0.057971 0.392857
vt 0.072464 0.857143
vt 0.072464 0.892857
vt 0.057971 0.892857
vt 0.057971 0.857143
vt 0.072464 0.357143
vt 0.072464 0.392857
vt 0.057971 0.392857
vt 0.057971 0.357143
vt 0.072464 0.821429
vt 0.072464 0.857143
vt 0.057971 0.857143
vt 0.057971 0.821429
vt 0.072464 0.32142800000000005
vt 0.072464 0.357143
vt 0.057971 0.357143
vt 0.057971 0.32142800000000005
vt 0.072464 0.785714
vt 0.072464 0.821429
vt 0.057971 0.821429
vt 0.057971 0.785714
vt 0.072464 0.285714
vt 0.072464 0.32142800000000005
vt 0.057971 0.32142800000000005
vt 0.057971 0.285714
vt 0.072464 0.75
vt 0.072464 0.785714
vt 0.057971 0.785714
vt 0.057971 0.75
vt 0.057971 0.857143
vt 0.057971 0.892857
vt 0.043478 0.892857
vt 0.043478 0.857143
vt 0.057971 0.357143
vt 0.057971 0.392857
vt 0.043478 0.392857
vt 0.043478 0.357143
vt 0.057971 0.821429
vt 0.057971 0.857143
vt 0.043478 0.857143
vt 0.043478 0.821429
vt 0.057971 0.32142800000000005
vt 0.057971 0.357143
vt 0.043478 0.357143
vt 0.043478 0.32142800000000005
vt 0.057971 0.785714
vt 0.057971 0.821429
vt 0.043478 0.821429
vt 0.043478 0.785714
vt 0.057971 0.285714
vt 0.057971 0.32142800000000005
vt 0.043478 0.32142800000000005
vt 0.043478 0.285714
vt 0.057971 0.75
vt 0.057971 0.785714
vt 0.043478 0.785714
vt 0.043478 0.75
vt 0.057971 0.25
vt 0.057971 0.285714
vt 0.043478 0.285714
vt 0.043478 0.25
vt 0.057971 0.714286
vt 0.057971 0.75
vt 0.043478 0.75
vt 0.043478 0.714286
vt 0.057971 0.21428599999999998
vt 0.057971 0.25
vt 0.043478 0.25
vt 0.043478 0.21428599999999998
vt 0.057971 0.678572
vt 0.057971 0.714286
vt 0.043478 0.714286
vt 0.043478 0.678572
vt 0.057971 0.17857100000000004
vt 0.057971 0.21428599999999998
vt 0.043478 0.21428599999999998
vt 0.043478 0.17857100000000004
vt 0.057971 0.642857
vt 0.057971 0.678572
vt 0.043478 0.678572
vt 0.043478 0.642857
vt 0.057971 0.142857
vt 0.057971 0.17857100000000004
vt 0.043478 0.17857100000000004
vt 0.043478 0.142857
vt 0.057971 0.607143
vt 0.057971 0.642857
vt 0.043478 0.642857
vt 0.043478 0.607143
vt 0.057971 0.10714299999999999
vt 0.057971 0.142857
vt 0.043478 0.142857
vt 0.043478 0.10714299999999999
vt 0.057971 0.571429
vt 0.057971 0.607143
vt 0.043478 0.607143
vt 0.043478 0.571429
vt 0.057971 0.07142899999999996
vt 0.057971 0.10714299999999999
vt 0.043478 0.10714299999999999
vt 0.043478 0.07142899999999996
vt 0.057971 0.535714
vt 0.057971 0.571429
vt 0.043478 0.571429
vt 0.043478 0.535714
vt 0.057971 0.035714000000000024
vt 0.057971 0.07142899999999996
vt 0.043478 0.07142899999999996
vt 0.043478 0.035714000000000024
vt 0.057971 0.5
vt 0.057971 0.535714
vt 0.043478 0.535714
vt 0.043478 0.5
vt 0.057971 0.964286
vt 0.050725 1
vt 0.043478 0.964286
vt 0.050725 0
vt 0.057971 0.035714000000000024
vt 0.043478 0.035714000000000024
vt 0.057971 0.464286
vt 0.057971 0.5
vt 0.043478 0.5
vt 0.043478 0.464286
vt 0.057971 0.928572
vt 0.057971 0.964286
vt 0.043478 0.964286
vt 0.043478 0.928572
vt 0.057971 0.42857100000000004
vt 0.057971 0.464286
vt 0.043478 0.464286
vt 0.043478 0.42857100000000004
vt 0.057971 0.892857
vt 0.057971 0.928572
vt 0.043478 0.928572
vt 0.043478 0.892857
vt 0.057971 0.392857
vt 0.057971 0.42857100000000004
vt 0.043478 0.42857100000000004
vt 0.043478 0.392857
vt 0.043478 0.5
vt 0.043478 0.535714
vt 0.028986 0.535714
vt 0.028986 0.5
vt 0.043478 0.964286
vt 0.036232 1
vt 0.028986 0.964286
vt 0.036232 0
vt 0.043478 0.035714000000000024
vt 0.028986 0.035714000000000024
vt 0.043478 0.464286
vt 0.043478 0.5
vt 0.028986 0.5
vt 0.028986 0.464286
vt 0.043478 0.928572
vt 0.043478 0.964286
vt 0.028986 0.964286
vt 0.028986 0.928572
vt 0.043478 0.42857100000000004
vt 0.043478 0.464286
vt 0.028986 0.464286
vt 0.028986 0.42857100000000004
vt 0.043478 0.892857
vt 0.043478 0.928572
vt 0.028986 0.928572
vt 0.028986 0.892857
vt 0.043478 0.392857
vt 0.043478 0.42857100000000004
vt 0.028986 0.42857100000000004
vt 0.028986 0.392857
vt 0.043478 0.857143
vt 0.043478 0.892857
vt 0.028986 0.892857
vt 0.028986 0.857143
vt 0.043478 0.357143
vt 0.043478 0.392857
vt 0.028986 0.392857
vt 0.028986 0.357143
vt 0.043478 0.821429
vt 0.043478 0.857143
vt 0.028986 0.857143
vt 0.028986 0.821429
vt 0.043478 0.32142800000000005
vt 0.043478 0.357143
vt 0.028986 0.357143
vt 0.028986 0.32142800000000005
vt 0.043478 0.785714
vt 0.043478 0.821429
vt 0.028986 0.821429
vt 0.028986 0.785714
vt 0.043478 0.285714
vt 0.043478 0.32142800000000005
vt 0.028986 0.32142800000000005
vt 0.028986 0.285714
vt 0.043478 0.75
vt 0.043478 0.785714
vt 0.028986 0.785714
vt 0.028986 0.75
vt 0.043478 0.25
vt 0.043478 0.285714
vt 0.028986 0.285714
vt 0.028986 0.25
vt 0.043478 0.714286
vt 0.043478 0.75
vt 0.028986 0.75
vt 0.028986 0.714286
vt 0.043478 0.21428599999999998
vt 0.043478 0.25
vt 0.028986 0.25
vt 0.028986 0.21428599999999998
vt 0.043478 0.678572
vt 0.043478 0.714286
vt 0.028986 0.714286
vt 0.028986 0.678572
vt 0.043478 0.17857100000000004
vt 0.043478 0.21428599999999998
vt 0.028986 0.21428599999999998
vt 0.028986 0.17857100000000004
vt 0.043478 0.642857
vt 0.043478 0.678572
vt 0.028986 0.678572
vt 0.028986 0.642857
vt 0.043478 0.142857
vt 0.043478 0.17857100000000004
vt 0.028986 0.17857100000000004
vt 0.028986 0.142857
vt 0.043478 0.607143
vt 0.043478 0.642857
vt 0.028986 0.642857
vt 0.028986 0.607143
vt 0.043478 0.10714299999999999
vt 0.043478 0.142857
vt 0.028986 0.142857
vt 0.028986 0.10714299999999999
vt 0.043478 0.571429
vt 0.043478 0.607143
vt 0.028986 0.607143
vt 0.028986 0.571429
vt 0.043478 0.07142899999999996
vt 0.043478 0.10714299999999999
vt 0.028986 0.10714299999999999
vt 0.028986 0.07142899999999996
vt 0.043478 0.535714
vt 0.043478 0.571429
vt 0.028986 0.571429
vt 0.028986 0.535714
vt 0.043478 0.035714000000000024
vt 0.043478 0.07142899999999996
vt 0.028986 0.07142899999999996
vt 0.028986 0.035714000000000024
vt 0.028986 0.142857
vt 0.028986 0.17857100000000004
vt 0.014493 0.17857100000000004
vt 0.014493 0.142857
vt 0.028986 0.607143
vt 0.028986 0.642857
vt 0.014493 0.642857
vt 0.014493 0.607143
vt 0.028986 0.10714299999999999
vt 0.028986 0.142857
vt 0.014493 0.142857
vt 0.014493 0.10714299999999999
vt 0.028986 0.571429
vt 0.028986 0.607143
vt 0.014493 0.607143
vt 0.014493 0.571429
vt 0.028986 0.07142899999999996
vt 0.028986 0.10714299999999999
vt 0.014493 0.10714299999999999
vt 0.014493 0.07142899999999996
vt 0.028986 0.535714
vt 0.028986 0.571429
vt 0.014493 0.571429
vt 0.014493 0.535714
vt 0.028986 0.035714000000000024
vt 0.028986 0.07142899999999996
vt 0.014493 0.07142899999999996
vt 0.014493 0.035714000000000024
vt 0.028986 0.5
vt 0.028986 0.535714
vt 0.014493 0.535714
vt 0.014493 0.5
vt 0.028986 0.964286
vt 0.021739 1
vt 0.014493 0.964286
vt 0.021739 0
vt 0.028986 0.035714000000000024
vt 0.014493 0.035714000000000024
vt 0.028986 0.464286
vt 0.028986 0.5
vt 0.014493 0.5
vt 0.014493 0.464286
vt 0.028986 0.928572
vt 0.028986 0.964286
vt 0.014493 0.964286
vt 0.014493 0.928572
vt 0.028986 0.42857100000000004
vt 0.028986 0.464286
vt 0.014493 0.464286
vt 0.014493 0.42857100000000004
vt 0.028986 0.892857
vt 0.028986 0.928572
vt 0.014493 0.928572
vt 0.014493 0.892857
vt 0.028986 0.392857
vt 0.028986 0.42857100000000004
vt 0.014493 0.42857100000000004
vt 0.014493 0.392857
vt 0.028986 0.857143
vt 0.028986 0.892857
vt 0.014493 0.892857
vt 0.014493 0.857143
vt 0.028986 0.357143
vt 0.028986 0.392857
vt 0.014493 0.392857
vt 0.014493 0.357143
vt 0.028986 0.821429
vt 0.028986 0.857143
vt 0.014493 0.857143
vt 0.014493 0.821429
vt 0.028986 0.32142800000000005
vt 0.028986 0.357143
vt 0.014493 0.357143
vt 0.014493 0.32142800000000005
vt 0.028986 0.785714
vt 0.028986 0.821429
vt 0.014493 0.821429
vt 0.014493 0.785714
vt 0.028986 0.285714
vt 0.028986 0.32142800000000005
vt 0.014493 0.32142800000000005
vt 0.014493 0.285714
vt 0.028986 0.75
vt 0.028986 0.785714
vt 0.014493 0.785714
vt 0.014493 0.75
vt 0.028986 0.25
vt 0.028986 0.285714
vt 0.014493 0.285714
vt 0.014493 0.25
vt 0.028986 0.714286
vt 0.028986 0.75
vt 0.014493 0.75
vt 0.014493 0.714286
vt 0.028986 0.21428599999999998
vt 0.028986 0.25
vt 0.014493 0.25
vt 0.014493 0.21428599999999998
vt 0.028986 0.678572
vt 0.028986 0.714286
vt 0.014493 0.714286
vt 0.014493 0.678572
vt 0.028986 0.17857100000000004
vt 0.028986 0.21428599999999998
vt 0.014493 0.21428599999999998
vt 0.014493 0.17857100000000004
vt 0.028986 0.642857
vt 0.028986 0.678572
vt 0.014493 0.678572
vt 0.014493 0.642857
vt 0.014493 0.75
vt 0.014493 0.785714
vt 0 0.785714
vt 0 0.75
vt 0.014493 0.25
vt 0.014493 0.285714
vt 0 0.285714
vt 0 0.25
vt 0.014493 0.714286
vt 0.014493 0.75
vt 0 0.75
vt 0 0.714286
vt 0.014493 0.21428599999999998
vt 0.014493 0.25
vt 0 0.25
vt 0 0.21428599999999998
vt 0.014493 0.678572
vt 0.014493 0.714286
vt 0 0.714286
vt 0 0.678572
vt 0.014493 0.17857100000000004
vt 0.014493 0.21428599999999998
vt 0 0.21428599999999998
vt 0 0.17857100000000004
vt 0.014493 0.642857
vt 0.014493 0.678572
vt 0 0.678572
vt 0 0.642857
vt 0.014493 0.142857
vt 0.014493 0.17857100000000004
vt 0 0.17857100000000004
vt 0 0.142857
vt 0.014493 0.607143
vt 0.014493 0.642857
vt 0 0.642857
vt 0 0.607143
vt 0.014493 0.10714299999999999
vt 0.014493 0.142857
vt 0 0.142857
vt 0 0.10714299999999999
vt 0.014493 0.571429
vt 0.014493 0.607143
vt 0 0.607143
vt 0 0.571429
vt 0.014493 0.07142899999999996
vt 0.014493 0.10714299999999999
vt 0 0.10714299999999999
vt 0 0.07142899999999996
vt 0.014493 0.535714
vt 0.014493 0.571429
vt 0 0.571429
vt 0 0.535714
vt 0.014493 0.035714000000000024
vt 0.014493 0.07142899999999996
vt 0 0.07142899999999996
vt 0 0.035714000000000024
vt 0.014493 0.5
vt 0.014493 0.535714
vt 0 0.535714
vt 0 0.5
vt 0.014493 0.964286
vt 0.007246 1
vt 0 0.964286
vt 0.007246 0
vt 0.014493 0.035714000000000024
vt 0 0.035714000000000024
vt 0.014493 0.464286
vt 0.014493 0.5
vt 0 0.5
vt 0 0.464286
vt 0.014493 0.928572
vt 0.014493 0.964286
vt 0 0.964286
vt 0 0.928572
vt 0.014493 0.42857100000000004
vt 0.014493 0.464286
vt 0 0.464286
vt 0 0.42857100000000004
vt 0.014493 0.892857
vt 0.014493 0.928572
vt 0 0.928572
vt 0 0.892857
vt 0.014493 0.392857
vt 0.014493 0.42857100000000004
vt 0 0.42857100000000004
vt 0 0.392857
vt 0.014493 0.857143
vt 0.014493 0.892857
vt 0 0.892857
vt 0 0.857143
vt 0.014493 0.357143
vt 0.014493 0.392857
vt 0 0.392857
vt 0 0.357143
vt 0.014493 0.821429
vt 0.014493 0.857143
vt 0 0.857143
vt 0 0.821429
vt 0.014493 0.32142800000000005
vt 0.014493 0.357143
vt 0 0.357143
vt 0 0.32142800000000005
vt 0.014493 0.785714
vt 0.014493 0.821429
vt 0 0.821429
vt 0 0.785714
vt 0.014493 0.285714
vt 0.014493 0.32142800000000005
vt 0 0.32142800000000005
vt 0 0.285714
vt 1 0.392857
vt 1 0.42857100000000004
vt 0.985507 0.42857100000000004
vt 0.985507 0.392857
vt 1 0.857143
vt 1 0.892857
vt 0.985507 0.892857
vt 0.985507 0.857143
vt 1 0.357143
vt 1 0.392857
vt 0.985507 0.392857
vt 0.985507 0.357143
vt 1 0.821429
vt 1 0.857143
vt 0.985507 0.857143
vt 0.985507 0.821429
vt 1 0.32142800000000005
vt 1 0.357143
vt 0.985507 0.357143
vt 0.985507 0.32142800000000005
vt 1 0.785714
vt 1 0.821429
vt 0.985507 0.821429
vt 0.985507 0.785714
vt 1 0.285714
vt 1 0.32142800000000005
vt 0.985507 0.32142800000000005
vt 0.985507 0.285714
vt 1 0.75
vt 1 0.785714
vt 0.985507 0.785714
vt 0.985507 0.75
vt 1 0.25
vt 1 0.285714
vt 0.985507 0.285714
vt 0.985507 0.25
vt 1 0.714286
vt 1 0.75
vt 0.985507 0.75
vt 0.985507 0.714286
vt 1 0.21428599999999998
vt 1 0.25
vt 0.985507 0.25
vt 0.985507 0.21428599999999998
vt 1 0.678572
vt 1 0.714286
vt 0.985507 0.714286
vt 0.985507 0.678572
vt 1 0.17857100000000004
vt 1 0.21428599999999998
vt 0.985507 0.21428599999999998
vt 0.985507 0.17857100000000004
vt 1 0.642857
vt 1 0.678572
vt 0.985507 0.678572
vt 0.985507 0.642857
vt 1 0.142857
vt 1 0.17857100000000004
vt 0.985507 0.17857100000000004
vt 0.985507 0.142857
vt 1 0.607143
vt 1 0.642857
vt 0.985507 0.642857
vt 0.985507 0.607143
vt 1 0.10714299999999999
vt 1 0.142857
vt 0.985507 0.142857
vt 0.985507 0.10714299999999999
vt 1 0.571429
vt 1 0.607143
vt 0.985507 0.607143
vt 0.985507 0.571429
vt 1 0.07142899999999996
vt 1 0.10714299999999999
vt 0.985507 0.10714299999999999
vt 0.985507 0.07142899999999996
vt 1 0.535714
vt 1 0.571429
vt 0.985507 0.571429
vt 0.985507 0.535714
vt 1 0.035714000000000024
vt 1 0.07142899999999996
vt 0.985507 0.07142899999999996
vt 0.985507 0.035714000000000024
vt 1 0.5
vt 1 0.535714
vt 0.985507 0.535714
vt 0.985507 0.5
vt 1 0.964286
vt 0.992754 1
vt 0.985507 0.964286
vt 0.992754 0
vt 1 0.035714000000000024
vt 0.985507 0.035714000000000024
vt 1 0.464286
vt 1 0.5
vt 0.985507 0.5
vt 0.985507 0.464286
vt 1 0.928572
vt 1 0.964286
vt 0.985507 0.964286
vt 0.985507 0.928572
vt 1 0.42857100000000004
vt 1 0.464286
vt 0.985507 0.464286
vt 0.985507 0.42857100000000004
vt 1 0.892857
vt 1 0.928572
vt 0.985507 0.928572
vt 0.985507 0.892857
vt 0.985507 0.035714000000000024
vt 0.985507 0.07142899999999996
vt 0.971015 0.07142899999999996
vt 0.971015 0.035714000000000024
vt 0.985507 0.5
vt 0.985507 0.535714
vt 0.971014 0.535714
vt 0.971014 0.5
vt 0.985507 0.964286
vt 0.978261 1
vt 0.971015 0.964286
vt 0.978261 0
vt 0.985507 0.035714000000000024
vt 0.971015 0.035714000000000024
vt 0.985507 0.464286
vt 0.985507 0.5
vt 0.971014 0.5
vt 0.971014 0.464286
vt 0.985507 0.928572
vt 0.985507 0.964286
vt 0.971015 0.964286
vt 0.971015 0.928572
vt 0.985507 0.42857100000000004
vt 0.985507 0.464286
vt 0.971014 0.464286
vt 0.971014 0.42857100000000004
vt 0.985507 0.892857
vt 0.985507 0.928572
vt 0.971015 0.928572
vt 0.971014 0.892857
vt 0.985507 0.392857
vt 0.985507 0.42857100000000004
vt 0.971014 0.42857100000000004
vt 0.971014 0.392857
vt 0.985507 0.857143
vt 0.985507 0.892857
vt 0.971014 0.892857
vt 0.971014 0.857143
vt 0.985507 0.357143
vt 0.985507 0.392857
vt 0.971014 0.392857
vt 0.971015 0.357143
vt 0.985507 0.821429
vt 0.985507 0.857143
vt 0.971014 0.857143
vt 0.971014 0.821429
vt 0.985507 0.32142800000000005
vt 0.985507 0.357143
vt 0.971015 0.357143
vt 0.971014 0.32142800000000005
vt 0.985507 0.785714
vt 0.985507 0.821429
vt 0.971014 0.821429
vt 0.971015 0.785714
vt 0.985507 0.285714
vt 0.985507 0.32142800000000005
vt 0.971014 0.32142800000000005
vt 0.971014 0.285714
vt 0.985507 0.75
vt 0.985507 0.785714
vt 0.971015 0.785714
vt 0.971014 0.75
vt 0.985507 0.25
vt 0.985507 0.285714
vt 0.971014 0.285714
vt 0.971014 0.25
vt 0.985507 0.714286
vt 0.985507 0.75
vt 0.971014 0.75
vt 0.971014 0.714286
vt 0.985507 0.21428599999999998
vt 0.985507 0.25
vt 0.971014 0.25
vt 0.971015 0.21428599999999998
vt 0.985507 0.678572
vt 0.985507 0.714286
vt 0.971014 0.714286
vt 0.971014 0.678572
vt 0.985507 0.17857100000000004
vt 0.985507 0.21428599999999998
vt 0.971015 0.21428599999999998
vt 0.971014 0.17857100000000004
vt 0.985507 0.642857
vt 0.985507 0.678572
vt 0.971014 0.678572
vt 0.971015 0.642857
vt 0.985507 0.142857
vt 0.985507 0.17857100000000004
vt 0.971014 0.17857100000000004
vt 0.971014 0.142857
vt 0.985507 0.607143
vt 0.985507 0.642857
vt 0.971015 0.642857
vt 0.971014 0.607143
vt 0.985507 0.10714299999999999
vt 0.985507 0.142857
vt 0.971014 0.142857
vt 0.971014 0.10714299999999999
vt 0.985507 0.571429
vt 0.985507 0.607143
vt 0.971014 0.607143
vt 0.971014 0.571429
vt 0.985507 0.07142899999999996
vt 0.985507 0.10714299999999999
vt 0.971014 0.10714299999999999
vt 0.971015 0.07142899999999996
vt 0.985507 0.535714
vt 0.985507 0.571429
vt 0.971014 0.571429
vt 0.971014 0.535714
vt 0.971014 0.142857
vt 0.971014 0.17857100000000004
vt 0.956522 0.17857100000000004
vt 0.956522 0.142857
vt 0.971014 0.607143
vt 0.971015 0.642857
vt 0.956522 0.642857
vt 0.956522 0.607143
vt 0.971014 0.10714299999999999
vt 0.971014 0.142857
vt 0.956522 0.142857
vt 0.956522 0.10714299999999999
vt 0.971014 0.571429
vt 0.971014 0.607143
vt 0.956522 0.607143
vt 0.956522 0.571429
vt 0.971015 0.07142899999999996
vt 0.971014 0.10714299999999999
vt 0.956522 0.10714299999999999
vt 0.956522 0.07142899999999996
vt 0.971014 0.535714
vt 0.971014 0.571429
vt 0.956522 0.571429
vt 0.956522 0.535714
vt 0.971015 0.035714000000000024
vt 0.971015 0.07142899999999996
vt 0.956522 0.07142899999999996
vt 0.956522 0.035714000000000024
vt 0.971014 0.5
vt 0.971014 0.535714
vt 0.956522 0.535714
vt 0.956522 0.5
vt 0.971015 0.964286
vt 0.963768 1
vt 0.956522 0.964286
vt 0.963768 0
vt 0.971015 0.035714000000000024
vt 0.956522 0.035714000000000024
vt 0.971014 0.464286
vt 0.971014 0.5
vt 0.956522 0.5
vt 0.956522 0.464286
vt 0.971015 0.928572
vt 0.971015 0.964286
vt 0.956522 0.964286
vt 0.956522 0.928572
vt 0.971014 0.42857100000000004
vt 0.971014 0.464286
vt 0.956522 0.464286
vt 0.956522 0.42857100000000004
vt 0.971014 0.892857
vt 0.971015 0.928572
vt 0.956522 0.928572
vt 0.956522 0.892857
vt 0.971014 0.392857
vt 0.971014 0.42857100000000004
vt 0.956522 0.42857100000000004
vt 0.956522 0.392857
vt 0.971014 0.857143
vt 0.971014 0.892857
vt 0.956522 0.892857
vt 0.956522 0.857143
vt 0.971015 0.357143
vt 0.971014 0.392857
vt 0.956522 0.392857
vt 0.956522 0.357143
vt 0.971014 0.821429
vt 0.971014 0.857143
vt 0.956522 0.857143
vt 0.956522 0.821429
vt 0.971014 0.32142800000000005
vt 0.971015 0.357143
vt 0.956522 0.357143
vt 0.956522 0.32142800000000005
vt 0.971015 0.785714
vt 0.971014 0.821429
vt 0.956522 0.821429
vt 0.956522 0.785714
vt 0.971014 0.285714
vt 0.971014 0.32142800000000005
vt 0.956522 0.32142800000000005
vt 0.956522 0.285714
vt 0.971014 0.75
vt 0.971015 0.785714
vt 0.956522 0.785714
vt 0.956522 0.75
vt 0.971014 0.25
vt 0.971014 0.285714
vt 0.956522 0.285714
vt 0.956522 0.25
vt 0.971014 0.714286
vt 0.971014 0.75
vt 0.956522 0.75
vt 0.956522 0.714286
vt 0.971015 0.21428599999999998
vt 0.971014 0.25
vt 0.956522 0.25
vt 0.956522 0.21428599999999998
vt 0.971014 0.678572
vt 0.971014 0.714286
vt 0.956522 0.714286
vt 0.956522 0.678572
vt 0.971014 0.17857100000000004
vt 0.971015 0.21428599999999998
vt 0.956522 0.21428599999999998
vt 0.956522 0.17857100000000004
vt 0.971015 0.642857
vt 0.971014 0.678572
vt 0.956522 0.678572
vt 0.956522 0.642857
vt 0.956522 0.75
vt 0.956522 0.785714
vt 0.942029 0.785714
vt 0.942029 0.75
vt 0.956522 0.25
vt 0.956522 0.285714
vt 0.942029 0.285714
vt 0.942029 0.25
vt 0.956522 0.714286
vt 0.956522 0.75
vt 0.942029 0.75
vt 0.942029 0.714286
vt 0.956522 0.21428599999999998
vt 0.956522 0.25
vt 0.942029 0.25
vt 0.942029 0.21428599999999998
vt 0.956522 0.678572
vt 0.956522 0.714286
vt 0.942029 0.714286
vt 0.942029 0.678572
vt 0.956522 0.17857100000000004
vt 0.956522 0.21428599999999998
vt 0.942029 0.21428599999999998
vt 0.942029 0.17857100000000004
vt 0.956522 0.642857
vt 0.956522 0.678572
vt 0.942029 0.678572
vt 0.942029 0.642857
vt 0.956522 0.142857
vt 0.956522 0.17857100000000004
vt 0.942029 0.17857100000000004
vt 0.942029 0.142857
vt 0.956522 0.607143
vt 0.956522 0.642857
vt 0.942029 0.642857
vt 0.942029 0.607143
vt 0.956522 0.10714299999999999
vt 0.956522 0.142857
vt 0.942029 0.142857
vt 0.942029 0.10714299999999999
vt 0.956522 0.571429
vt 0.956522 0.607143
vt 0.942029 0.607143
vt 0.942029 0.571429
vt 0.956522 0.07142899999999996
vt 0.956522 0.10714299999999999
vt 0.942029 0.10714299999999999
vt 0.942029 0.07142899999999996
vt 0.956522 0.535714
vt 0.956522 0.571429
vt 0.942029 0.571429
vt 0.942029 0.535714
vt 0.956522 0.035714000000000024
vt 0.956522 0.07142899999999996
vt 0.942029 0.07142899999999996
vt 0.942029 0.035714000000000024
vt 0.956522 0.5
vt 0.956522 0.535714
vt 0.942029 0.535714
vt 0.942029 0.5
vt 0.956522 0.964286
vt 0.949275 1
vt 0.942029 0.964286
vt 0.949275 0
vt 0.956522 0.035714000000000024
vt 0.942029 0.035714000000000024
vt 0.956522 0.464286
vt 0.956522 0.5
vt 0.942029 0.5
vt 0.942029 0.464286
vt 0.956522 0.928572
vt 0.956522 0.964286
vt 0.942029 0.964286
vt 0.942029 0.928572
vt 0.956522 0.42857100000000004
vt 0.956522 0.464286
vt 0.942029 0.464286
vt 0.942029 0.42857100000000004
vt 0.956522 0.892857
vt 0.956522 0.928572
vt 0.942029 0.928572
vt 0.942029 0.892857
vt 0.956522 0.392857
vt 0.956522 0.42857100000000004
vt 0.942029 0.42857100000000004
vt 0.942029 0.392857
vt 0.956522 0.857143
vt 0.956522 0.892857
vt 0.942029 0.892857
vt 0.942029 0.857143
vt 0.956522 0.357143
vt 0.956522 0.392857
vt 0.942029 0.392857
vt 0.942029 0.357143
vt 0.956522 0.821429
vt 0.956522 0.857143
vt 0.942029 0.857143
vt 0.942029 0.821429
vt 0.956522 0.32142800000000005
vt 0.956522 0.357143
vt 0.942029 0.357143
vt 0.942029 0.32142800000000005
vt 0.956522 0.785714
vt 0.956522 0.821429
vt 0.942029 0.821429
vt 0.942029 0.785714
vt 0.956522 0.285714
vt 0.956522 0.32142800000000005
vt 0.942029 0.32142800000000005
vt 0.942029 0.285714
vt 0.942029 0.392857
vt 0.942029 0.42857100000000004
vt 0.927536 0.42857100000000004
vt 0.927536 0.392857
vt 0.942029 0.857143
vt 0.942029 0.892857
vt 0.927536 0.892857
vt 0.927536 0.857143
vt 0.942029 0.357143
vt 0.942029 0.392857
vt 0.927536 0.392857
vt 0.927536 0.357143
vt 0.942029 0.821429
vt 0.942029 0.857143
vt 0.927536 0.857143
vt 0.927536 0.821429
vt 0.942029 0.32142800000000005
vt 0.942029 0.357143
vt 0.927536 0.357143
vt 0.927536 0.32142800000000005
vt 0.942029 0.785714
vt 0.942029 0.821429
vt 0.927536 0.821429
vt 0.927536 0.785714
vt 0.942029 0.285714
vt 0.942029 0.32142800000000005
vt 0.927536 0.32142800000000005
vt 0.927536 0.285714
vt 0.942029 0.75
vt 0.942029 0.785714
vt 0.927536 0.785714
vt 0.927536 0.75
vt 0.942029 0.25
vt 0.942029 0.285714
vt 0.927536 0.285714
vt 0.927536 0.25
vt 0.942029 0.714286
vt 0.942029 0.75
vt 0.927536 0.75
vt 0.927536 0.714286
vt 0.942029 0.21428599999999998
vt 0.942029 0.25
vt 0.927536 0.25
vt 0.927536 0.21428599999999998
vt 0.942029 0.678572
vt 0.942029 0.714286
vt 0.927536 0.714286
vt 0.927536 0.678572
vt 0.942029 0.17857100000000004
vt 0.942029 0.21428599999999998
vt 0.927536 0.21428599999999998
vt 0.927536 0.17857100000000004
vt 0.942029 0.642857
vt 0.942029 0.678572
vt 0.927536 0.678572
vt 0.927536 0.642857
vt 0.942029 0.142857
vt 0.942029 0.17857100000000004
vt 0.927536 0.17857100000000004
vt 0.927536 0.142857
vt 0.942029 0.607143
vt 0.942029 0.642857
vt 0.927536 0.642857
vt 0.927536 0.607143
vt 0.942029 0.10714299999999999
vt 0.942029 0.142857
vt 0.927536 0.142857
vt 0.927536 0.10714299999999999
vt 0.942029 0.571429
vt 0.942029 0.607143
vt 0.927536 0.607143
vt 0.927536 0.571429
vt 0.942029 0.07142899999999996
vt 0.942029 0.10714299999999999
vt 0.927536 0.10714299999999999
vt 0.927536 0.07142899999999996
vt 0.942029 0.535714
vt 0.942029 0.571429
vt 0.927536 0.571429
vt 0.927536 0.535714
vt 0.942029 0.035714000000000024
vt 0.942029 0.07142899999999996
vt 0.927536 0.07142899999999996
vt 0.927536 0.035714000000000024
vt 0.942029 0.5
vt 0.942029 0.535714
vt 0.927536 0.535714
vt 0.927536 0.5
vt 0.942029 0.964286
vt 0.934783 1
vt 0.927536 0.964286
vt 0.934783 0
vt 0.942029 0.035714000000000024
vt 0.927536 0.035714000000000024
vt 0.942029 0.464286
vt 0.942029 0.5
vt 0.927536 0.5
vt 0.927536 0.464286
vt 0.942029 0.928572
vt 0.942029 0.964286
vt 0.927536 0.964286
vt 0.927536 0.928572
vt 0.942029 0.42857100000000004
vt 0.942029 0.464286
vt 0.927536 0.464286
vt 0.927536 0.42857100000000004
vt 0.942029 0.892857
vt 0.942029 0.928572
vt 0.927536 0.928572
vt 0.927536 0.892857
vt 0.927536 0.035714000000000024
vt 0.927536 0.07142899999999996
vt 0.913044 0.07142899999999996
vt 0.913044 0.035714000000000024
vt 0.927536 0.5
vt 0.927536 0.535714
vt 0.913043 0.535714
vt 0.913043 0.5
vt 0.927536 0.964286
vt 0.92029 1
vt 0.913044 0.964286
vt 0.92029 0
vt 0.927536 0.035714000000000024
vt 0.913044 0.035714000000000024
vt 0.927536 0.464286
vt 0.927536 0.5
vt 0.913043 0.5
vt 0.913043 0.464286
vt 0.927536 0.928572
vt 0.927536 0.964286
vt 0.913044 0.964286
vt 0.913044 0.928572
vt 0.927536 0.42857100000000004
vt 0.927536 0.464286
vt 0.913043 0.464286
vt 0.913043 0.42857100000000004
vt 0.927536 0.892857
vt 0.927536 0.928572
vt 0.913044 0.928572
vt 0.913043 0.892857
vt 0.927536 0.392857
vt 0.927536 0.42857100000000004
vt 0.913043 0.42857100000000004
vt 0.913043 0.392857
vt 0.927536 0.857143
vt 0.927536 0.892857
vt 0.913043 0.892857
vt 0.913043 0.857143
vt 0.927536 0.357143
vt 0.927536 0.392857
vt 0.913043 0.392857
vt 0.913043 0.357143
vt 0.927536 0.821429
vt 0.927536 0.857143
vt 0.913043 0.857143
vt 0.913043 0.821429
vt 0.927536 0.32142800000000005
vt 0.927536 0.357143
vt 0.913043 0.357143
vt 0.913043 0.32142800000000005
vt 0.927536 0.785714
vt 0.927536 0.821429
vt 0.913043 0.821429
vt 0.913043 0.785714
vt 0.927536 0.285714
vt 0.927536 0.32142800000000005
vt 0.913043 0.32142800000000005
vt 0.913043 0.285714
vt 0.927536 0.75
vt 0.927536 0.785714
vt 0.913043 0.785714
vt 0.913043 0.75
vt 0.927536 0.25
vt 0.927536 0.285714
vt 0.913043 0.285714
vt 0.913043 0.25
vt 0.927536 0.714286
vt 0.927536 0.75
vt 0.913043 0.75
vt 0.913043 0.714286
vt 0.927536 0.21428599999999998
vt 0.927536 0.25
vt 0.913043 0.25
vt 0.913043 0.21428599999999998
vt 0.927536 0.678572
vt 0.927536 0.714286
vt 0.913043 0.714286
vt 0.913043 0.678572
vt 0.927536 0.17857100000000004
vt 0.927536 0.21428599999999998
vt 0.913043 0.21428599999999998
vt 0.913043 0.17857100000000004
vt 0.927536 0.642857
vt 0.927536 0.678572
vt 0.913043 0.678572
vt 0.913043 0.642857
vt 0.927536 0.142857
vt 0.927536 0.17857100000000004
vt 0.913043 0.17857100000000004
vt 0.913043 0.142857
vt 0.927536 0.607143
vt 0.927536 0.642857
vt 0.913043 0.642857
vt 0.913043 0.607143
vt 0.927536 0.10714299999999999
vt 0.927536 0.142857
vt 0.913043 0.142857
vt 0.913043 0.10714299999999999
vt 0.927536 0.571429
vt 0.927536 0.607143
vt 0.913043 0.607143
vt 0.913043 0.571429
vt 0.927536 0.07142899999999996
vt 0.927536 0.10714299999999999
vt 0.913043 0.10714299999999999
vt 0.913044 0.07142899999999996
vt 0.927536 0.535714
vt 0.927536 0.571429
vt 0.913043 0.571429
vt 0.913043 0.535714
vt 0.913043 0.642857
vt 0.913043 0.678572
vt 0.898551 0.678572
vt 0.898551 0.642857
vt 0.913043 0.142857
vt 0.913043 0.17857100000000004
vt 0.898551 0.17857100000000004
vt 0.898551 0.142857
vt 0.913043 0.607143
vt 0.913043 0.642857
vt 0.898551 0.642857
vt 0.898551 0.607143
vt 0.913043 0.10714299999999999
vt 0.913043 0.142857
vt 0.898551 0.142857
vt 0.898551 0.10714299999999999
vt 0.913043 0.571429
vt 0.913043 0.607143
vt 0.898551 0.607143
vt 0.898551 0.571429
vt 0.913044 0.07142899999999996
vt 0.913043 0.10714299999999999
vt 0.898551 0.10714299999999999
vt 0.898551 0.07142899999999996
vt 0.913043 0.535714
vt 0.913043 0.571429
vt 0.898551 0.571429
vt 0.898551 0.535714
vt 0.913044 0.035714000000000024
vt 0.913044 0.07142899999999996
vt 0.898551 0.07142899999999996
vt 0.898551 0.035714000000000024
vt 0.913043 0.5
vt 0.913043 0.535714
vt 0.898551 0.535714
vt 0.898551 0.5
vt 0.913044 0.964286
vt 0.905797 1
vt 0.898551 0.964286
vt 0.905797 0
vt 0.913044 0.035714000000000024
vt 0.898551 0.035714000000000024
vt 0.913043 0.464286
vt 0.913043 0.5
vt 0.898551 0.5
vt 0.898551 0.464286
vt 0.913044 0.928572
vt 0.913044 0.964286
vt 0.898551 0.964286
vt 0.898551 0.928572
vt 0.913043 0.42857100000000004
vt 0.913043 0.464286
vt 0.898551 0.464286
vt 0.898551 0.42857100000000004
vt 0.913043 0.892857
vt 0.913044 0.928572
vt 0.898551 0.928572
vt 0.898551 0.892857
vt 0.913043 0.392857
vt 0.913043 0.42857100000000004
vt 0.898551 0.42857100000000004
vt 0.898551 0.392857
vt 0.913043 0.857143
vt 0.913043 0.892857
vt 0.898551 0.892857
vt 0.898551 0.857143
vt 0.913043 0.357143
vt 0.913043 0.392857
vt 0.898551 0.392857
vt 0.898551 0.357143
vt 0.913043 0.821429
vt 0.913043 0.857143
vt 0.898551 0.857143
vt 0.898551 0.821429
vt 0.913043 0.32142800000000005
vt 0.913043 0.357143
vt 0.898551 0.357143
vt 0.898551 0.32142800000000005
vt 0.913043 0.785714
vt 0.913043 0.821429
vt 0.898551 0.821429
vt 0.898551 0.785714
vt 0.913043 0.285714
vt 0.913043 0.32142800000000005
vt 0.898551 0.32142800000000005
vt 0.898551 0.285714
vt 0.913043 0.75
vt 0.913043 0.785714
vt 0.898551 0.785714
vt 0.898551 0.75
vt 0.913043 0.25
vt 0.913043 0.285714
vt 0.898551 0.285714
vt 0.898551 0.25
vt 0.913043 0.714286
vt 0.913043 0.75
vt 0.898551 0.75
vt 0.898551 0.714286
vt 0.913043 0.21428599999999998
vt 0.913043 0.25
vt 0.898551 0.25
vt 0.898551 0.21428599999999998
vt 0.913043 0.678572
vt 0.913043 0.714286
vt 0.898551 0.714286
vt 0.898551 0.678572
vt 0.913043 0.17857100000000004
vt 0.913043 0.21428599999999998
vt 0.898551 0.21428599999999998
vt 0.898551 0.17857100000000004
vt 0.898551 0.10714299999999999
vt 0.898551 0.142857
vt 0.884058 0.142857
vt 0.884058 0.10714299999999999
vt 0.898551 0.571429
vt 0.898551 0.607143
vt 0.884058 0.607143
vt 0.884058 0.571429
vt 0.898551 0.07142899999999996
vt 0.898551 0.10714299999999999
vt 0.884058 0.10714299999999999
vt 0.884058 0.07142899999999996
vt 0.898551 0.535714
vt 0.898551 0.571429
vt 0.884058 0.571429
vt 0.884058 0.535714
vt 0.898551 0.035714000000000024
vt 0.898551 0.07142899999999996
vt 0.884058 0.07142899999999996
vt 0.884058 0.035714000000000024
vt 0.898551 0.5
vt 0.898551 0.535714
vt 0.884058 0.535714
vt 0.884058 0.5
vt 0.898551 0.964286
vt 0.891304 1
vt 0.884058 0.964286
vt 0.891304 0
vt 0.898551 0.035714000000000024
vt 0.884058 0.035714000000000024
vt 0.898551 0.464286
vt 0.898551 0.5
vt 0.884058 0.5
vt 0.884058 0.464286
vt 0.898551 0.928572
vt 0.898551 0.964286
vt 0.884058 0.964286
vt 0.884058 0.928572
vt 0.898551 0.42857100000000004
vt 0.898551 0.464286
vt 0.884058 0.464286
vt 0.884058 0.42857100000000004
vt 0.898551 0.892857
vt 0.898551 0.928572
vt 0.884058 0.928572
vt 0.884058 0.892857
vt 0.898551 0.392857
vt 0.898551 0.42857100000000004
vt 0.884058 0.42857100000000004
vt 0.884058 0.392857
vt 0.898551 0.857143
vt 0.898551 0.892857
vt 0.884058 0.892857
vt 0.884058 0.857143
vt 0.898551 0.357143
vt 0.898551 0.392857
vt 0.884058 0.392857
vt 0.884058 0.357143
vt 0.898551 0.821429
vt 0.898551 0.857143
vt 0.884058 0.857143
vt 0.884058 0.821429
vt 0.898551 0.32142800000000005
vt 0.898551 0.357143
vt 0.884058 0.357143
vt 0.884058 0.32142800000000005
vt 0.898551 0.785714
vt 0.898551 0.821429
vt 0.884058 0.821429
vt 0.884058 0.785714
vt 0.898551 0.285714
vt 0.898551 0.32142800000000005
vt 0.884058 0.32142800000000005
vt 0.884058 0.285714
vt 0.898551 0.75
vt 0.898551 0.785714
vt 0.884058 0.785714
vt 0.884058 0.75
vt 0.898551 0.25
vt 0.898551 0.285714
vt 0.884058 0.285714
vt 0.884058 0.25
vt 0.898551 0.714286
vt 0.898551 0.75
vt 0.884058 0.75
vt 0.884058 0.714286
vt 0.898551 0.21428599999999998
vt 0.898551 0.25
vt 0.884058 0.25
vt 0.884058 0.21428599999999998
vt 0.898551 0.678572
vt 0.898551 0.714286
vt 0.884058 0.714286
vt 0.884058 0.678572
vt 0.898551 0.17857100000000004
vt 0.898551 0.21428599999999998
vt 0.884058 0.21428599999999998
vt 0.884058 0.17857100000000004
vt 0.898551 0.642857
vt 0.898551 0.678572
vt 0.884058 0.678572
vt 0.884058 0.642857
vt 0.898551 0.142857
vt 0.898551 0.17857100000000004
vt 0.884058 0.17857100000000004
vt 0.884058 0.142857
vt 0.898551 0.607143
vt 0.898551 0.642857
vt 0.884058 0.642857
vt 0.884058 0.607143
vt 0.884058 0.21428599999999998
vt 0.884058 0.25
vt 0.869565 0.25
vt 0.869565 0.21428599999999998
vt 0.884058 0.678572
vt 0.884058 0.714286
vt 0.869565 0.714286
vt 0.869565 0.678572
vt 0.884058 0.17857100000000004
vt 0.884058 0.21428599999999998
vt 0.869565 0.21428599999999998
vt 0.869565 0.17857100000000004
vt 0.884058 0.642857
vt 0.884058 0.678572
vt 0.869565 0.678572
vt 0.869565 0.642857
vt 0.884058 0.142857
vt 0.884058 0.17857100000000004
vt 0.869565 0.17857100000000004
vt 0.869565 0.142857
vt 0.884058 0.607143
vt 0.884058 0.642857
vt 0.869565 0.642857
vt 0.869565 0.607143
vt 0.884058 0.10714299999999999
vt 0.884058 0.142857
vt 0.869565 0.142857
vt 0.869565 0.10714299999999999
vt 0.884058 0.571429
vt 0.884058 0.607143
vt 0.869565 0.607143
vt 0.869565 0.571429
vt 0.884058 0.07142899999999996
vt 0.884058 0.10714299999999999
vt 0.869565 0.10714299999999999
vt 0.869565 0.07142899999999996
vt 0.884058 0.535714
vt 0.884058 0.571429
vt 0.869565 0.571429
vt 0.869565 0.535714
vt 0.884058 0.035714000000000024
vt 0.884058 0.07142899999999996
vt 0.869565 0.07142899999999996
vt 0.869565 0.035714000000000024
vt 0.884058 0.5
vt 0.884058 0.535714
vt 0.869565 0.535714
vt 0.869565 0.5
vt 0.884058 0.964286
vt 0.876812 1
vt 0.869565 0.964286
vt 0.876812 0
vt 0.884058 0.035714000000000024
vt 0.869565 0.035714000000000024
vt 0.884058 0.464286
vt 0.884058 0.5
vt 0.869565 0.5
vt 0.869565 0.464286
vt 0.884058 0.928572
vt 0.884058 0.964286
vt 0.869565 0.964286
vt 0.869565 0.928572
vt 0.884058 0.42857100000000004
vt 0.884058 0.464286
vt 0.869565 0.464286
vt 0.869565 0.42857100000000004
vt 0.884058 0.892857
vt 0.884058 0.928572
vt 0.869565 0.928572
vt 0.869565 0.892857
vt 0.884058 0.392857
vt 0.884058 0.42857100000000004
vt 0.869565 0.42857100000000004
vt 0.869565 0.392857
vt 0.884058 0.857143
vt 0.884058 0.892857
vt 0.869565 0.892857
vt 0.869565 0.857143
vt 0.884058 0.357143
vt 0.884058 0.392857
vt 0.869565 0.392857
vt 0.869565 0.357143
vt 0.884058 0.821429
vt 0.884058 0.857143
vt 0.869565 0.857143
vt 0.869565 0.821429
vt 0.884058 0.32142800000000005
vt 0.884058 0.357143
vt 0.869565 0.357143
vt 0.869565 0.32142800000000005
vt 0.884058 0.785714
vt 0.884058 0.821429
vt 0.869565 0.821429
vt 0.869565 0.785714
vt 0.884058 0.285714
vt 0.884058 0.32142800000000005
vt 0.869565 0.32142800000000005
vt 0.869565 0.285714
vt 0.884058 0.75
vt 0.884058 0.785714
vt 0.869565 0.785714
vt 0.869565 0.75
vt 0.884058 0.25
vt 0.884058 0.285714
vt 0.869565 0.285714
vt 0.869565 0.25
vt 0.884058 0.714286
vt 0.884058 0.75
vt 0.869565 0.75
vt 0.869565 0.714286
vt 0.869565 0.821429
vt 0.869565 0.857143
vt 0.855072 0.857143
vt 0.855072 0.821429
vt 0.869565 0.32142800000000005
vt 0.869565 0.357143
vt 0.855072 0.357143
vt 0.855072 0.32142800000000005
vt 0.869565 0.785714
vt 0.869565 0.821429
vt 0.855072 0.821429
vt 0.855072 0.785714
vt 0.869565 0.285714
vt 0.869565 0.32142800000000005
vt 0.855072 0.32142800000000005
vt 0.855072 0.285714
vt 0.869565 0.75
vt 0.869565 0.785714
vt 0.855072 0.785714
vt 0.855072 0.75
vt 0.869565 0.25
vt 0.869565 0.285714
vt 0.855072 0.285714
vt 0.855072 0.25
vt 0.869565 0.714286
vt 0.869565 0.75
vt 0.855072 0.75
vt 0.855072 0.714286
vt 0.869565 0.21428599999999998
vt 0.869565 0.25
vt 0.855072 0.25
vt 0.855072 0.21428599999999998
vt 0.869565 0.678572
vt 0.869565 0.714286
vt 0.855072 0.714286
vt 0.855072 0.678572
vt 0.869565 0.17857100000000004
vt 0.869565 0.21428599999999998
vt 0.855072 0.21428599999999998
vt 0.855072 0.17857100000000004
vt 0.869565 0.642857
vt 0.869565 0.678572
vt 0.855072 0.678572
vt 0.855072 0.642857
vt 0.869565 0.142857
vt 0.869565 0.17857100000000004
vt 0.855072 0.17857100000000004
vt 0.855072 0.142857
vt 0.869565 0.607143
vt 0.869565 0.642857
vt 0.855072 0.642857
vt 0.855072 0.607143
vt 0.869565 0.10714299999999999
vt 0.869565 0.142857
vt 0.855072 0.142857
vt 0.855072 0.10714299999999999
vt 0.869565 0.571429
vt 0.869565 0.607143
vt 0.855072 0.607143
vt 0.855072 0.571429
vt 0.869565 0.07142899999999996
vt 0.869565 0.10714299999999999
vt 0.855072 0.10714299999999999
vt 0.855073 0.07142899999999996
vt 0.869565 0.535714
vt 0.869565 0.571429
vt 0.855072 0.571429
vt 0.855072 0.535714
vt 0.869565 0.035714000000000024
vt 0.869565 0.07142899999999996
vt 0.855073 0.07142899999999996
vt 0.855072 0.035714000000000024
vt 0.869565 0.5
vt 0.869565 0.535714
vt 0.855072 0.535714
vt 0.855072 0.5
vt 0.869565 0.964286
vt 0.862319 1
vt 0.855072 0.964286
vt 0.862319 0
vt 0.869565 0.035714000000000024
vt 0.855072 0.035714000000000024
vt 0.869565 0.464286
vt 0.869565 0.5
vt 0.855072 0.5
vt 0.855072 0.464286
vt 0.869565 0.928572
vt 0.869565 0.964286
vt 0.855072 0.964286
vt 0.855073 0.928572
vt 0.869565 0.42857100000000004
vt 0.869565 0.464286
vt 0.855072 0.464286
vt 0.855072 0.42857100000000004
vt 0.869565 0.892857
vt 0.869565 0.928572
vt 0.855073 0.928572
vt 0.855072 0.892857
vt 0.869565 0.392857
vt 0.869565 0.42857100000000004
vt 0.855072 0.42857100000000004
vt 0.855072 0.392857
vt 0.869565 0.857143
vt 0.869565 0.892857
vt 0.855072 0.892857
vt 0.855072 0.857143
vt 0.869565 0.357143
vt 0.869565 0.392857
vt 0.855072 0.392857
vt 0.855072 0.357143
vt 0.855072 0.464286
vt 0.855072 0.5
vt 0.84058 0.5
vt 0.84058 0.464286
vt 0.855073 0.928572
vt 0.855072 0.964286
vt 0.84058 0.964286
vt 0.84058 0.928572
vt 0.855072 0.42857100000000004
vt 0.855072 0.464286
vt 0.84058 0.464286
vt 0.84058 0.42857100000000004
vt 0.855072 0.892857
vt 0.855073 0.928572
vt 0.84058 0.928572
vt 0.84058 0.892857
vt 0.855072 0.392857
vt 0.855072 0.42857100000000004
vt 0.84058 0.42857100000000004
vt 0.84058 0.392857
vt 0.855072 0.857143
vt 0.855072 0.892857
vt 0.84058 0.892857
vt 0.84058 0.857143
vt 0.855072 0.357143
vt 0.855072 0.392857
vt 0.84058 0.392857
vt 0.84058 0.357143
vt 0.855072 0.821429
vt 0.855072 0.857143
vt 0.84058 0.857143
vt 0.84058 0.821429
vt 0.855072 0.32142800000000005
vt 0.855072 0.357143
vt 0.84058 0.357143
vt 0.84058 0.32142800000000005
vt 0.855072 0.785714
vt 0.855072 0.821429
vt 0.84058 0.821429
vt 0.84058 0.785714
vt 0.855072 0.285714
vt 0.855072 0.32142800000000005
vt 0.84058 0.32142800000000005
vt 0.84058 0.285714
vt 0.855072 0.75
vt 0.855072 0.785714
vt 0.84058 0.785714
vt 0.84058 0.75
vt 0.855072 0.25
vt 0.855072 0.285714
vt 0.84058 0.285714
vt 0.84058 0.25
vt 0.855072 0.714286
vt 0.855072 0.75
vt 0.84058 0.75
vt 0.84058 0.714286
vt 0.855072 0.21428599999999998
vt 0.855072 0.25
vt 0.84058 0.25
vt 0.84058 0.21428599999999998
vt 0.855072 0.678572
vt 0.855072 0.714286
vt 0.84058 0.714286
vt 0.84058 0.678572
vt 0.855072 0.17857100000000004
vt 0.855072 0.21428599999999998
vt 0.84058 0.21428599999999998
vt 0.84058 0.17857100000000004
vt 0.855072 0.642857
vt 0.855072 0.678572
vt 0.84058 0.678572
vt 0.84058 0.642857
vt 0.855072 0.142857
vt 0.855072 0.17857100000000004
vt 0.84058 0.17857100000000004
vt 0.84058 0.142857
vt 0.855072 0.607143
vt 0.855072 0.642857
vt 0.84058 0.642857
vt 0.84058 0.607143
vt 0.855072 0.10714299999999999
vt 0.855072 0.142857
vt 0.84058 0.142857
vt 0.84058 0.10714299999999999
vt 0.855072 0.571429
vt 0.855072 0.607143
vt 0.84058 0.607143
vt 0.84058 0.571429
vt 0.855073 0.07142899999999996
vt 0.855072 0.10714299999999999
vt 0.84058 0.10714299999999999
vt 0.84058 0.07142899999999996
vt 0.855072 0.535714
vt 0.855072 0.571429
vt 0.84058 0.571429
vt 0.84058 0.535714
vt 0.855072 0.035714000000000024
vt 0.855073 0.07142899999999996
vt 0.84058 0.07142899999999996
vt 0.84058 0.035714000000000024
vt 0.855072 0.5
vt 0.855072 0.535714
vt 0.84058 0.535714
vt 0.84058 0.5
vt 0.855072 0.964286
vt 0.847826 1
vt 0.84058 0.964286
vt 0.847826 0
vt 0.855072 0.035714000000000024
vt 0.84058 0.035714000000000024
vt 0.84058 0.10714299999999999
vt 0.84058 0.142857
vt 0.826087 0.142857
vt 0.826087 0.10714299999999999
vt 0.84058 0.571429
vt 0.84058 0.607143
vt 0.826087 0.607143
vt 0.826087 0.571429
vt 0.84058 0.07142899999999996
vt 0.84058 0.10714299999999999
vt 0.826087 0.10714299999999999
vt 0.826087 0.07142899999999996
vt 0.84058 0.535714
vt 0.84058 0.571429
vt 0.826087 0.571429
vt 0.826087 0.535714
vt 0.84058 0.035714000000000024
vt 0.84058 0.07142899999999996
vt 0.826087 0.07142899999999996
vt 0.826087 0.035714000000000024
vt 0.84058 0.5
vt 0.84058 0.535714
vt 0.826087 0.535714
vt 0.826087 0.5
vt 0.84058 0.964286
vt 0.833333 1
vt 0.826087 0.964286
vt 0.833333 0
vt 0.84058 0.035714000000000024
vt 0.826087 0.035714000000000024
vt 0.84058 0.464286
vt 0.84058 0.5
vt 0.826087 0.5
vt 0.826087 0.464286
vt 0.84058 0.928572
vt 0.84058 0.964286
vt 0.826087 0.964286
vt 0.826087 0.928572
vt 0.84058 0.42857100000000004
vt 0.84058 0.464286
vt 0.826087 0.464286
vt 0.826087 0.42857100000000004
vt 0.84058 0.892857
vt 0.84058 0.928572
vt 0.826087 0.928572
vt 0.826087 0.892857
vt 0.84058 0.392857
vt 0.84058 0.42857100000000004
vt 0.826087 0.42857100000000004
vt 0.826087 0.392857
vt 0.84058 0.857143
vt 0.84058 0.892857
vt 0.826087 0.892857
vt 0.826087 0.857143
vt 0.84058 0.357143
vt 0.84058 0.392857
vt 0.826087 0.392857
vt 0.826087 0.357143
vt 0.84058 0.821429
vt 0.84058 0.857143
vt 0.826087 0.857143
vt 0.826087 0.821429
vt 0.84058 0.32142800000000005
vt 0.84058 0.357143
vt 0.826087 0.357143
vt 0.826087 0.32142800000000005
vt 0.84058 0.785714
vt 0.84058 0.821429
vt 0.826087 0.821429
vt 0.826087 0.785714
vt 0.84058 0.285714
vt 0.84058 0.32142800000000005
vt 0.826087 0.32142800000000005
vt 0.826087 0.285714
vt 0.84058 0.75
vt 0.84058 0.785714
vt 0.826087 0.785714
vt 0.826087 0.75
vt 0.84058 0.25
vt 0.84058 0.285714
vt 0.826087 0.285714
vt 0.826087 0.25
vt 0.84058 0.714286
vt 0.84058 0.75
vt 0.826087 0.75
vt 0.826087 0.714286
vt 0.84058 0.21428599999999998
vt 0.84058 0.25
vt 0.826087 0.25
vt 0.826087 0.21428599999999998
vt 0.84058 0.678572
vt 0.84058 0.714286
vt 0.826087 0.714286
vt 0.826087 0.678572
vt 0.84058 0.17857100000000004
vt 0.84058 0.21428599999999998
vt 0.826087 0.21428599999999998
vt 0.826087 0.17857100000000004
vt 0.84058 0.642857
vt 0.84058 0.678572
vt 0.826087 0.678572
vt 0.826087 0.642857
vt 0.84058 0.142857
vt 0.84058 0.17857100000000004
vt 0.826087 0.17857100000000004
vt 0.826087 0.142857
vt 0.84058 0.607143
vt 0.84058 0.642857
vt 0.826087 0.642857
vt 0.826087 0.607143
vt 0.826087 0.714286
vt 0.826087 0.75
vt 0.811594 0.75
vt 0.811594 0.714286
vt 0.826087 0.21428599999999998
vt 0.826087 0.25
vt 0.811594 0.25
vt 0.811594 0.21428599999999998
vt 0.826087 0.678572
vt 0.826087 0.714286
vt 0.811594 0.714286
vt 0.811594 0.678572
vt 0.826087 0.17857100000000004
vt 0.826087 0.21428599999999998
vt 0.811594 0.21428599999999998
vt 0.811594 0.17857100000000004
vt 0.826087 0.642857
vt 0.826087 0.678572
vt 0.811594 0.678572
vt 0.811594 0.642857
vt 0.826087 0.142857
vt 0.826087 0.17857100000000004
vt 0.811594 0.17857100000000004
vt 0.811594 0.142857
vt 0.826087 0.607143
vt 0.826087 0.642857
vt 0.811594 0.642857
vt 0.811594 0.607143
vt 0.826087 0.10714299999999999
vt 0.826087 0.142857
vt 0.811594 0.142857
vt 0.811594 0.10714299999999999
vt 0.826087 0.571429
vt 0.826087 0.607143
vt 0.811594 0.607143
vt 0.811594 0.571429
vt 0.826087 0.07142899999999996
vt 0.826087 0.10714299999999999
vt 0.811594 0.10714299999999999
vt 0.811594 0.07142899999999996
vt 0.826087 0.535714
vt 0.826087 0.571429
vt 0.811594 0.571429
vt 0.811594 0.535714
vt 0.826087 0.035714000000000024
vt 0.826087 0.07142899999999996
vt 0.811594 0.07142899999999996
vt 0.811594 0.035714000000000024
vt 0.826087 0.5
vt 0.826087 0.535714
vt 0.811594 0.535714
vt 0.811594 0.5
vt 0.826087 0.964286
vt 0.818841 1
vt 0.811594 0.964286
vt 0.818841 0
vt 0.826087 0.035714000000000024
vt 0.811594 0.035714000000000024
vt 0.826087 0.464286
vt 0.826087 0.5
vt 0.811594 0.5
vt 0.811594 0.464286
vt 0.826087 0.928572
vt 0.826087 0.964286
vt 0.811594 0.964286
vt 0.811594 0.928572
vt 0.826087 0.42857100000000004
vt 0.826087 0.464286
vt 0.811594 0.464286
vt 0.811594 0.42857100000000004
vt 0.826087 0.892857
vt 0.826087 0.928572
vt 0.811594 0.928572
vt 0.811594 0.892857
vt 0.826087 0.392857
vt 0.826087 0.42857100000000004
vt 0.811594 0.42857100000000004
vt 0.811594 0.392857
vt 0.826087 0.857143
vt 0.826087 0.892857
vt 0.811594 0.892857
vt 0.811594 0.857143
vt 0.826087 0.357143
vt 0.826087 0.392857
vt 0.811594 0.392857
vt 0.811594 0.357143
vt 0.826087 0.821429
vt 0.826087 0.857143
vt 0.811594 0.857143
vt 0.811594 0.821429
vt 0.826087 0.32142800000000005
vt 0.826087 0.357143
vt 0.811594 0.357143
vt 0.811594 0.32142800000000005
vt 0.826087 0.785714
vt 0.826087 0.821429
vt 0.811594 0.821429
vt 0.811594 0.785714
vt 0.826087 0.285714
vt 0.826087 0.32142800000000005
vt 0.811594 0.32142800000000005
vt 0.811594 0.285714
vt 0.826087 0.75
vt 0.826087 0.785714
vt 0.811594 0.785714
vt 0.811594 0.75
vt 0.826087 0.25
vt 0.826087 0.285714
vt 0.811594 0.285714
vt 0.811594 0.25
vt 0.811594 0.357143
vt 0.811594 0.392857
vt 0.797101 0.392857
vt 0.797101 0.357143
vt 0.811594 0.821429
vt 0.811594 0.857143
vt 0.797101 0.857143
vt 0.797101 0.821429
vt 0.811594 0.32142800000000005
vt 0.811594 0.357143
vt 0.797101 0.357143
vt 0.797101 0.32142800000000005
vt 0.811594 0.785714
vt 0.811594 0.821429
vt 0.797101 0.821429
vt 0.797101 0.785714
vt 0.811594 0.285714
vt 0.811594 0.32142800000000005
vt 0.797101 0.32142800000000005
vt 0.797101 0.285714
vt 0.811594 0.75
vt 0.811594 0.785714
vt 0.797101 0.785714
vt 0.797101 0.75
vt 0.811594 0.25
vt 0.811594 0.285714
vt 0.797101 0.285714
vt 0.797101 0.25
vt 0.811594 0.714286
vt 0.811594 0.75
vt 0.797101 0.75
vt 0.797101 0.714286
vt 0.811594 0.21428599999999998
vt 0.811594 0.25
vt 0.797101 0.25
vt 0.797101 0.21428599999999998
vt 0.811594 0.678572
vt 0.811594 0.714286
vt 0.797101 0.714286
vt 0.797101 0.678572
vt 0.811594 0.17857100000000004
vt 0.811594 0.21428599999999998
vt 0.797101 0.21428599999999998
vt 0.797101 0.17857100000000004
vt 0.811594 0.642857
vt 0.811594 0.678572
vt 0.797101 0.678572
vt 0.797101 0.642857
vt 0.811594 0.142857
vt 0.811594 0.17857100000000004
vt 0.797101 0.17857100000000004
vt 0.797101 0.142857
vt 0.811594 0.607143
vt 0.811594 0.642857
vt 0.797101 0.642857
vt 0.797101 0.607143
vt 0.811594 0.10714299999999999
vt 0.811594 0.142857
vt 0.797101 0.142857
vt 0.797101 0.10714299999999999
vt 0.811594 0.571429
vt 0.811594 0.607143
vt 0.797101 0.607143
vt 0.797101 0.571429
vt 0.811594 0.07142899999999996
vt 0.811594 0.10714299999999999
vt 0.797101 0.10714299999999999
vt 0.797101 0.07142899999999996
vt 0.811594 0.535714
vt 0.811594 0.571429
vt 0.797101 0.571429
vt 0.797101 0.535714
vt 0.811594 0.035714000000000024
vt 0.811594 0.07142899999999996
vt 0.797101 0.07142899999999996
vt 0.797101 0.035714000000000024
vt 0.811594 0.5
vt 0.811594 0.535714
vt 0.797101 0.535714
vt 0.797101 0.5
vt 0.811594 0.964286
vt 0.804348 1
vt 0.797101 0.964286
vt 0.804348 0
vt 0.811594 0.035714000000000024
vt 0.797101 0.035714000000000024
vt 0.811594 0.464286
vt 0.811594 0.5
vt 0.797101 0.5
vt 0.797101 0.464286
vt 0.811594 0.928572
vt 0.811594 0.964286
vt 0.797101 0.964286
vt 0.797101 0.928572
vt 0.811594 0.42857100000000004
vt 0.811594 0.464286
vt 0.797101 0.464286
vt 0.797101 0.42857100000000004
vt 0.811594 0.892857
vt 0.811594 0.928572
vt 0.797101 0.928572
vt 0.797101 0.892857
vt 0.811594 0.392857
vt 0.811594 0.42857100000000004
vt 0.797101 0.42857100000000004
vt 0.797101 0.392857
vt 0.811594 0.857143
vt 0.811594 0.892857
vt 0.797101 0.892857
vt 0.797101 0.857143
vt 0.789855 0
vt 0.797101 0.035714000000000024
vt 0.782609 0.035714000000000024
vt 0.797101 0.464286
vt 0.797101 0.5
vt 0.782609 0.5
vt 0.782609 0.464286
vt 0.797101 0.928572
vt 0.797101 0.964286
vt 0.782609 0.964286
vt 0.782609 0.928572
vt 0.797101 0.42857100000000004
vt 0.797101 0.464286
vt 0.782609 0.464286
vt 0.782609 0.42857100000000004
vt 0.797101 0.892857
vt 0.797101 0.928572
vt 0.782609 0.928572
vt 0.782609 0.892857
vt 0.797101 0.392857
vt 0.797101 0.42857100000000004
vt 0.782609 0.42857100000000004
vt 0.782609 0.392857
vt 0.797101 0.857143
vt 0.797101 0.892857
vt 0.782609 0.892857
vt 0.782609 0.857143
vt 0.797101 0.357143
vt 0.797101 0.392857
vt 0.782609 0.392857
vt 0.782609 0.357143
vt 0.797101 0.821429
vt 0.797101 0.857143
vt 0.782609 0.857143
vt 0.782609 0.821429
vt 0.797101 0.32142800000000005
vt 0.797101 0.357143
vt 0.782609 0.357143
vt 0.782609 0.32142800000000005
vt 0.797101 0.785714
vt 0.797101 0.821429
vt 0.782609 0.821429
vt 0.782609 0.785714
vt 0.797101 0.285714
vt 0.797101 0.32142800000000005
vt 0.782609 0.32142800000000005
vt 0.782609 0.285714
vt 0.797101 0.75
vt 0.797101 0.785714
vt 0.782609 0.785714
vt 0.782609 0.75
vt 0.797101 0.25
vt 0.797101 0.285714
vt 0.782609 0.285714
vt 0.782609 0.25
vt 0.797101 0.714286
vt 0.797101 0.75
vt 0.782609 0.75
vt 0.782609 0.714286
vt 0.797101 0.21428599999999998
vt 0.797101 0.25
vt 0.782609 0.25
vt 0.782609 0.21428599999999998
vt 0.797101 0.678572
vt 0.797101 0.714286
vt 0.782609 0.714286
vt 0.782609 0.678572
vt 0.797101 0.17857100000000004
vt 0.797101 0.21428599999999998
vt 0.782609 0.21428599999999998
vt 0.782609 0.17857100000000004
vt 0.797101 0.642857
vt 0.797101 0.678572
vt 0.782609 0.678572
vt 0.782609 0.642857
vt 0.797101 0.142857
vt 0.797101 0.17857100000000004
vt 0.782609 0.17857100000000004
vt 0.782609 0.142857
vt 0.797101 0.607143
vt 0.797101 0.642857
vt 0.782609 0.642857
vt 0.782609 0.607143
vt 0.797101 0.10714299999999999
vt 0.797101 0.142857
vt 0.782609 0.142857
vt 0.782609 0.10714299999999999
vt 0.797101 0.571429
vt 0.797101 0.607143
vt 0.782609 0.607143
vt 0.782609 0.571429
vt 0.797101 0.07142899999999996
vt 0.797101 0.10714299999999999
vt 0.782609 0.10714299999999999
vt 0.782609 0.07142899999999996
vt 0.797101 0.535714
vt 0.797101 0.571429
vt 0.782609 0.571429
vt 0.782609 0.535714
vt 0.797101 0.035714000000000024
vt 0.797101 0.07142899999999996
vt 0.782609 0.07142899999999996
vt 0.782609 0.035714000000000024
vt 0.797101 0.5
vt 0.797101 0.535714
vt 0.782609 0.535714
vt 0.782609 0.5
vt 0.797101 0.964286
vt 0.789855 1
vt 0.782609 0.964286
vt 0.782609 0.10714299999999999
vt 0.782609 0.142857
vt 0.768116 0.142857
vt 0.768116 0.10714299999999999
vt 0.782609 0.571429
vt 0.782609 0.607143
vt 0.768116 0.607143
vt 0.768116 0.571429
vt 0.782609 0.07142899999999996
vt 0.782609 0.10714299999999999
vt 0.768116 0.10714299999999999
vt 0.768116 0.07142899999999996
vt 0.782609 0.535714
vt 0.782609 0.571429
vt 0.768116 0.571429
vt 0.768116 0.535714
vt 0.782609 0.035714000000000024
vt 0.782609 0.07142899999999996
vt 0.768116 0.07142899999999996
vt 0.768116 0.035714000000000024
vt 0.782609 0.5
vt 0.782609 0.535714
vt 0.768116 0.535714
vt 0.768116 0.5
vt 0.782609 0.964286
vt 0.775362 1
vt 0.768116 0.964286
vt 0.775362 0
vt 0.782609 0.035714000000000024
vt 0.768116 0.035714000000000024
vt 0.782609 0.464286
vt 0.782609 0.5
vt 0.768116 0.5
vt 0.768116 0.464286
vt 0.782609 0.928572
vt 0.782609 0.964286
vt 0.768116 0.964286
vt 0.768116 0.928572
vt 0.782609 0.42857100000000004
vt 0.782609 0.464286
vt 0.768116 0.464286
vt 0.768116 0.42857100000000004
vt 0.782609 0.892857
vt 0.782609 0.928572
vt 0.768116 0.928572
vt 0.768116 0.892857
vt 0.782609 0.392857
vt 0.782609 0.42857100000000004
vt 0.768116 0.42857100000000004
vt 0.768116 0.392857
vt 0.782609 0.857143
vt 0.782609 0.892857
vt 0.768116 0.892857
vt 0.768116 0.857143
vt 0.782609 0.357143
vt 0.782609 0.392857
vt 0.768116 0.392857
vt 0.768116 0.357143
vt 0.782609 0.821429
vt 0.782609 0.857143
vt 0.768116 0.857143
vt 0.768116 0.821429
vt 0.782609 0.32142800000000005
vt 0.782609 0.357143
vt 0.768116 0.357143
vt 0.768116 0.32142800000000005
vt 0.782609 0.785714
vt 0.782609 0.821429
vt 0.768116 0.821429
vt 0.768116 0.785714
vt 0.782609 0.285714
vt 0.782609 0.32142800000000005
vt 0.768116 0.32142800000000005
vt 0.768116 0.285714
vt 0.782609 0.75
vt 0.782609 0.785714
vt 0.768116 0.785714
vt 0.768116 0.75
vt 0.782609 0.25
vt 0.782609 0.285714
vt 0.768116 0.285714
vt 0.768116 0.25
vt 0.782609 0.714286
vt 0.782609 0.75
vt 0.768116 0.75
vt 0.768116 0.714286
vt 0.782609 0.21428599999999998
vt 0.782609 0.25
vt 0.768116 0.25
vt 0.768116 0.21428599999999998
vt 0.782609 0.678572
vt 0.782609 0.714286
vt 0.768116 0.714286
vt 0.768116 0.678572
vt 0.782609 0.17857100000000004
vt 0.782609 0.21428599999999998
vt 0.768116 0.21428599999999998
vt 0.768116 0.17857100000000004
vt 0.782609 0.642857
vt 0.782609 0.678572
vt 0.768116 0.678572
vt 0.768116 0.642857
vt 0.782609 0.142857
vt 0.782609 0.17857100000000004
vt 0.768116 0.17857100000000004
vt 0.768116 0.142857
vt 0.782609 0.607143
vt 0.782609 0.642857
vt 0.768116 0.642857
vt 0.768116 0.607143
vt 0.768116 0.714286
vt 0.768116 0.75
vt 0.753623 0.75
vt 0.753623 0.714286
vt 0.768116 0.21428599999999998
vt 0.768116 0.25
vt 0.753623 0.25
vt 0.753623 0.21428599999999998
vt 0.768116 0.678572
vt 0.768116 0.714286
vt 0.753623 0.714286
vt 0.753623 0.678572
vt 0.768116 0.17857100000000004
vt 0.768116 0.21428599999999998
vt 0.753623 0.21428599999999998
vt 0.753623 0.17857100000000004
vt 0.768116 0.642857
vt 0.768116 0.678572
vt 0.753623 0.678572
vt 0.753623 0.642857
vt 0.768116 0.142857
vt 0.768116 0.17857100000000004
vt 0.753623 0.17857100000000004
vt 0.753623 0.142857
vt 0.768116 0.607143
vt 0.768116 0.642857
vt 0.753623 0.642857
vt 0.753623 0.607143
vt 0.768116 0.10714299999999999
vt 0.768116 0.142857
vt 0.753623 0.142857
vt 0.753623 0.10714299999999999
vt 0.768116 0.571429
vt 0.768116 0.607143
vt 0.753623 0.607143
vt 0.753623 0.571429
vt 0.768116 0.07142899999999996
vt 0.768116 0.10714299999999999
vt 0.753623 0.10714299999999999
vt 0.753623 0.07142899999999996
vt 0.768116 0.535714
vt 0.768116 0.571429
vt 0.753623 0.571429
vt 0.753623 0.535714
vt 0.768116 0.035714000000000024
vt 0.768116 0.07142899999999996
vt 0.753623 0.07142899999999996
vt 0.753623 0.035714000000000024
vt 0.768116 0.5
vt 0.768116 0.535714
vt 0.753623 0.535714
vt 0.753623 0.5
vt 0.768116 0.964286
vt 0.76087 1
vt 0.753623 0.964286
vt 0.76087 0
vt 0.768116 0.035714000000000024
vt 0.753623 0.035714000000000024
vt 0.768116 0.464286
vt 0.768116 0.5
vt 0.753623 0.5
vt 0.753623 0.464286
vt 0.768116 0.928572
vt 0.768116 0.964286
vt 0.753623 0.964286
vt 0.753623 0.928572
vt 0.768116 0.42857100000000004
vt 0.768116 0.464286
vt 0.753623 0.464286
vt 0.753623 0.42857100000000004
vt 0.768116 0.892857
vt 0.768116 0.928572
vt 0.753623 0.928572
vt 0.753623 0.892857
vt 0.768116 0.392857
vt 0.768116 0.42857100000000004
vt 0.753623 0.42857100000000004
vt 0.753623 0.392857
vt 0.768116 0.857143
vt 0.768116 0.892857
vt 0.753623 0.892857
vt 0.753623 0.857143
vt 0.768116 0.357143
vt 0.768116 0.392857
vt 0.753623 0.392857
vt 0.753623 0.357143
vt 0.768116 0.821429
vt 0.768116 0.857143
vt 0.753623 0.857143
vt 0.753623 0.821429
vt 0.768116 0.32142800000000005
vt 0.768116 0.357143
vt 0.753623 0.357143
vt 0.753623 0.32142800000000005
vt 0.768116 0.785714
vt 0.768116 0.821429
vt 0.753623 0.821429
vt 0.753623 0.785714
vt 0.768116 0.285714
vt 0.768116 0.32142800000000005
vt 0.753623 0.32142800000000005
vt 0.753623 0.285714
vt 0.768116 0.75
vt 0.768116 0.785714
vt 0.753623 0.785714
vt 0.753623 0.75
vt 0.768116 0.25
vt 0.768116 0.285714
vt 0.753623 0.285714
vt 0.753623 0.25
vt 0.753623 0.357143
vt 0.753623 0.392857
vt 0.73913 0.392857
vt 0.73913 0.357143
vt 0.753623 0.821429
vt 0.753623 0.857143
vt 0.73913 0.857143
vt 0.73913 0.821429
vt 0.753623 0.32142800000000005
vt 0.753623 0.357143
vt 0.73913 0.357143
vt 0.73913 0.32142800000000005
vt 0.753623 0.785714
vt 0.753623 0.821429
vt 0.73913 0.821429
vt 0.73913 0.785714
vt 0.753623 0.285714
vt 0.753623 0.32142800000000005
vt 0.73913 0.32142800000000005
vt 0.73913 0.285714
vt 0.753623 0.75
vt 0.753623 0.785714
vt 0.73913 0.785714
vt 0.73913 0.75
vt 0.753623 0.25
vt 0.753623 0.285714
vt 0.73913 0.285714
vt 0.73913 0.25
vt 0.753623 0.714286
vt 0.753623 0.75
vt 0.73913 0.75
vt 0.73913 0.714286
vt 0.753623 0.21428599999999998
vt 0.753623 0.25
vt 0.73913 0.25
vt 0.73913 0.21428599999999998
vt 0.753623 0.678572
vt 0.753623 0.714286
vt 0.73913 0.714286
vt 0.73913 0.678572
vt 0.753623 0.17857100000000004
vt 0.753623 0.21428599999999998
vt 0.73913 0.21428599999999998
vt 0.73913 0.17857100000000004
vt 0.753623 0.642857
vt 0.753623 0.678572
vt 0.73913 0.678572
vt 0.73913 0.642857
vt 0.753623 0.142857
vt 0.753623 0.17857100000000004
vt 0.73913 0.17857100000000004
vt 0.73913 0.142857
vt 0.753623 0.607143
vt 0.753623 0.642857
vt 0.73913 0.642857
vt 0.73913 0.607143
vt 0.753623 0.10714299999999999
vt 0.753623 0.142857
vt 0.73913 0.142857
vt 0.73913 0.10714299999999999
vt 0.753623 0.571429
vt 0.753623 0.607143
vt 0.73913 0.607143
vt 0.73913 0.571429
vt 0.753623 0.07142899999999996
vt 0.753623 0.10714299999999999
vt 0.73913 0.10714299999999999
vt 0.73913 0.07142899999999996
vt 0.753623 0.535714
vt 0.753623 0.571429
vt 0.73913 0.571429
vt 0.73913 0.535714
vt 0.753623 0.035714000000000024
vt 0.753623 0.07142899999999996
vt 0.73913 0.07142899999999996
vt 0.73913 0.035714000000000024
vt 0.753623 0.5
vt 0.753623 0.535714
vt 0.73913 0.535714
vt 0.73913 0.5
vt 0.753623 0.964286
vt 0.746377 1
vt 0.73913 0.964286
vt 0.746377 0
vt 0.753623 0.035714000000000024
vt 0.73913 0.035714000000000024
vt 0.753623 0.464286
vt 0.753623 0.5
vt 0.73913 0.5
vt 0.73913 0.464286
vt 0.753623 0.928572
vt 0.753623 0.964286
vt 0.73913 0.964286
vt 0.73913 0.928572
vt 0.753623 0.42857100000000004
vt 0.753623 0.464286
vt 0.73913 0.464286
vt 0.73913 0.42857100000000004
vt 0.753623 0.892857
vt 0.753623 0.928572
vt 0.73913 0.928572
vt 0.73913 0.892857
vt 0.753623 0.392857
vt 0.753623 0.42857100000000004
vt 0.73913 0.42857100000000004
vt 0.73913 0.392857
vt 0.753623 0.857143
vt 0.753623 0.892857
vt 0.73913 0.892857
vt 0.73913 0.857143
vn 0.04487182359394338 -0.16742005134174934 -0.9848639732755382
vn 0.012610299808389284 0.9608780481424413 -0.276684580229392
vn 0.04373502683482095 -0.27669874123235655 -0.9599609648460645
vn 0.01742470195686561 0.9238100399062164 -0.38245442856658024
vn 0.04205692889714524 -0.38251735752855986 -0.922990620711342
vn 0.022022850750099274 0.8751175345432887 -0.4834090346484174
vn 0.03984161615293978 -0.48353057317949066 -0.8744202824860795
vn 0.026350759977586534 0.8154160066429474 -0.5782753440698234
vn 0.03712409586168802 -0.5784725959551577 -0.8148565869129077
vn 0.030330635588726895 0.7454740619775165 -0.6658441825709117
vn 0.03394113052498983 -0.6661512858015078 -0.7450439343311798
vn 0.033946592777315696 0.6661511621479794 -0.7450437960332987
vn 0.030337996755872367 -0.7454738953628663 -0.6658440337536674
vn 0.037121510771294566 0.5784726515453561 -0.8148566652191918
vn 0.02634150131444913 -0.8154191892035099 -0.5782712781966535
vn 0.03983776764755942 0.4835306474338409 -0.8744204167681984
vn 0.02201808658457439 -0.8751155417807168 -0.48341285915560483
vn 0.04205465299203665 0.38251739420607767 -0.9229907092119138
vn 0.017423623378287685 -0.9238100572729547 -0.38245443575635496
vn 0.04374150470846999 0.27669866268478355 -0.9599606923381246
vn 0.012605806756590216 -0.9608781025835282 -0.27668459590568867
vn 0.044869603160555833 0.16741859625430044 -0.9848643217928315
vn 0.0076301111645346205 -0.985857246247787 -0.1674134744408212
vn 0.04544269331456982 0.05604361998886375 -0.9973936405867355
vn 0.0025493381746026634 0.9984250812431844 -0.05604335838805679
vn 0.0025493381746026574 -0.9984250812431844 -0.05604335838805679
vn 0.04544209920823967 -0.056043122534530976 -0.997393695606769
vn 0.007615418158630954 0.9858573566715285 -0.16741349319244297
vn 0.13598627966861898 -0.05604355751359771 -0.989124285114418
vn 0.02282688102680377 0.9858569066299464 -0.16602738675478043
vn 0.13427728977724349 -0.16741763308799648 -0.9766990045972667
vn 0.03772196099630714 0.9608780810291246 -0.27439090191983473
vn 0.130890618521969 -0.27670247511103735 -0.9519996776524465
vn 0.052146802865641835 0.9238096309774189 -0.3792841634767489
vn 0.12584723953559873 -0.38251484792443685 -0.9153386605069266
vn 0.06590945738310784 0.875115732647563 -0.47940421139178946
vn 0.11922431828471547 -0.4835263222127353 -0.8671723344624014
vn 0.07884683989411405 0.8154175681433873 -0.5734783042119694
vn 0.11109822784852458 -0.578469890538376 -0.8081025736312418
vn 0.09079247807711262 0.7454700727897206 -0.6603265074942137
vn 0.10158289532944498 -0.6661522673632119 -0.7388653950912432
vn 0.10158598423493309 0.6661521968808536 -0.7388650339526378
vn 0.09078785379263164 -0.7454701782457969 -0.6603270242462501
vn 0.11110190588220357 0.5784698107850197 -0.8081021250557913
vn 0.0788511053939597 -0.815417475797742 -0.573477849041957
vn 0.11921924774763612 0.48352642092518666 -0.8671729765356894
vn 0.06591266145625241 -0.8751156704575752 -0.4794038844015992
vn 0.12584654093205583 0.3825148592816737 -0.9153387518094915
vn 0.05214477864903526 -0.923809663773365 -0.3792843618956436
vn 0.13088770929817115 0.27670251072171087 -0.9520000672872765
vn 0.037725255519972786 -0.9608780408867034 -0.27439058955744794
vn 0.13428639787136154 0.16741609225174714 -0.9766980164830319
vn 0.02282468634529441 -0.985856923224337 -0.16602758994782404
vn 0.13598553652752504 0.056044058394866154 -0.9891243589023345
vn 0.0076414167473643005 0.9984250777797833 -0.05557852832278761
vn 0.007641416747364298 -0.9984250777797833 -0.05557852832278761
vn 0.08642901423379684 -0.9238086655086873 -0.3729712790948288
vn 0.21692682144463588 0.2766976656121801 -0.9361523145208248
vn 0.06253196242360462 -0.9608771797981509 -0.2698236442912389
vn 0.2225566387124164 0.1674218147042274 -0.9604366082809288
vn 0.03783684128651576 -0.9858566897055043 -0.16326347051427004
vn 0.22538862612594054 0.05604310822527737 -0.972655713617882
vn 0.012663563194078485 0.9984250545589176 -0.05465386167739625
vn 0.01266356319407844 -0.9984250545589176 -0.05465386167739626
vn 0.22539624395258248 -0.056042589301791734 -0.9726539782453053
vn 0.037829258867225296 0.9858567478394846 -0.1632648765439511
vn 0.2225570716318686 -0.16742328283235428 -0.9604362520398139
vn 0.0625324860059953 0.9608771733265061 -0.2698235459962192
vn 0.21692924612499495 -0.27669763540503534 -0.9361517615947232
vn 0.08643623438912551 0.9238085468325617 -0.37296989983608453
vn 0.20857296416693122 -0.3825119478217732 -0.900101065654415
vn 0.1092439591461126 0.8751134553764824 -0.4714257074122239
vn 0.19760518082466036 -0.48352033714155035 -0.8527369325189186
vn 0.13067595836810947 0.8154138948196155 -0.5639361435833682
vn 0.18414753601163927 -0.5784683743059588 -0.7946471071542783
vn 0.150464765482675 0.7454688260040134 -0.6493354940278884
vn 0.16836085327878825 -0.666150598906173 -0.7265658969840144
vn 0.16836327336381082 0.666150542815826 -0.7265653876206897
vn 0.1504670761146002 -0.7454687725003492 -0.6493350200261387
vn 0.1841372399224477 0.5784686012555383 -0.7946493278391443
vn 0.13067593129646998 -0.8154138954144079 -0.5639361489964102
vn 0.1976087961188353 0.4835202655996465 -0.8527361353026573
vn 0.1092395296732219 -0.8751135425811288 -0.47142657195779747
vn 0.20858050388222824 0.3825118231381504 -0.9000993714917062
vn 0.23375095192235773 0.6661474505705204 -0.7082429431867202
vn 0.2089053266971979 -0.745463814489223 -0.6329630840457557
vn 0.2556645603769134 0.5784575451338404 -0.7746111934674135
vn 0.1814328585288674 -0.8154106244003321 -0.5497159552542609
vn 0.2743399666037901 0.48351807758043697 -0.8312327299720279
vn 0.1516760532075957 -0.8751118647815108 -0.45953628692628123
vn 0.28957166753468977 0.3825137965868195 -0.8774003902335105
vn 0.11999533978531725 -0.9238076841074113 -0.3635663367446273
vn 0.3011827970815 0.2766922316919337 -0.9125405917894838
vn 0.08680371272165939 -0.9608763185085493 -0.2630243638661503
vn 0.30898922895521613 0.16741946238824218 -0.9362138537766322
vn 0.05252573247304475 -0.9858561971359124 -0.1591496339828875
vn 0.31293182166715006 0.056036660737040105 -0.9481210722484343
vn 0.01758668461035854 0.9984250110912021 -0.05327481348582179
vn 0.017586684610358602 -0.9984250110912021 -0.053274813485821776
vn 0.312920223441078 -0.05603619300205797 -0.9481249278631071
vn 0.05253630893649147 0.9858561141843641 -0.15914665679377457
vn 0.3090004808943186 -0.16742084430212104 -0.9362098929728552
vn 0.08680812646652979 0.9608762627657315 -0.26302311083388075
vn 0.3011767283030998 -0.27669230929974997 -0.9125425712277824
vn 0.11998565092697935 0.9238078469256974 -0.3635691207049034
vn 0.289583554876978 -0.3825135948943337 -0.8773965548518105
vn 0.151670799025432 0.8751119706584888 -0.45953781948083805
vn 0.2743352778075342 -0.48351817274325937 -0.8312342220922349
vn 0.1814403195270878 0.8154104565445435 -0.5497137416944636
vn 0.2556537207521537 -0.5784577901443262 -0.7746145880932805
vn 0.20890815610602195 0.7454637473754789 -0.6329622292532866
vn 0.23375858934125834 -0.6661472691618174 -0.7082405930878561
vn 0.36818789114079814 -0.3824999976921728 -0.8474263558462054
vn 0.1928333099639148 0.8751077992705505 -0.44384868392754606
vn 0.3488162734207666 -0.48351582312799873 -0.8028322715123645
vn 0.23067157183962167 0.8154083760897625 -0.5309423755434244
vn 0.3250553088060368 -0.5784572717187508 -0.7481485353943503
vn 0.2656170517838199 0.745459609753714 -0.6113407822381166
vn 0.29720557800785147 -0.6661378713264832 -0.6840534926346336
vn 0.29720556836497847 0.666137871563343 -0.6840534965935847
vn 0.2656140822719272 -0.745459682544157 -0.6113419836719924
vn 0.3250536977934305 0.5784573093927545 -0.7481492062155197
vn 0.23068329593944378 -0.8154081036862978 -0.5309377001280199
vn 0.3488145878874949 0.48351585853762147 -0.8028329825184715
vn 0.19283314574418733 -0.8751078026856254 -0.44384874854069134
vn 0.3681910252291461 0.38249994260618964 -0.8474250190116952
vn 0.1525619395198335 -0.9238045749516459 -0.3511551820895648
vn 0.38293323424888187 0.276692714865346 -0.8813644420148429
vn 0.11037396517579956 -0.9608754523896197 -0.2540392741416474
vn 0.39286444019181305 0.16740789937166092 -0.9042301293701406
vn 0.06678459606848686 -0.9858559426627818 -0.1537136234835643
vn 0.39786095056905457 0.05604548525468965 -0.9157322575921713
vn 0.022357358772535012 0.9984249501163458 -0.0514564621198224
vn 0.02235735877253498 -0.9984249501163457 -0.0514564621198224
vn 0.3978606006538296 -0.05604498727287305 -0.9157324400986118
vn 0.06678678884409381 0.9858559249338643 -0.1537127844672961
vn 0.3928636218985891 -0.1674093770790698 -0.9042302113149728
vn 0.11037356494458073 0.9608754576066824 -0.25403942829917875
vn 0.3829304206223136 -0.27669275213217076 -0.8813656527682158
vn 0.15256754794858401 0.9238044776796642 -0.3511530013141839
vn 0.02694172792159515 -0.9984248984515162 -0.049212452170955046
vn 0.4795049956887296 -0.05604400366977254 -0.8757476969779676
vn 0.08048122942071448 0.9858555177663074 -0.14700908067414248
vn 0.47347219367622156 -0.16740715421448532 -0.8647536796875942
vn 0.13302378262511796 0.9608740309646551 -0.2429521966845342
vn 0.4615090790354691 -0.2766905813682954 -0.8428829646812823
vn 0.18387178791063183 0.9238028466767547 -0.3358265416587439
vn 0.44373396028258116 -0.3824960601526209 -0.810430093505701
vn 0.23240944199369354 0.8751041185979134 -0.424474537381395
vn 0.4203846533010758 -0.4835074526994545 -0.7677872664045812
vn 0.2780266281443079 0.8153995919313165 -0.5077644134054191
vn 0.39175330925991025 -0.5784492439207317 -0.715489913899171
vn 0.3201103871705182 0.7454545477262845 -0.5846596080624533
vn 0.35818339918789555 -0.6661311104539591 -0.6541972150900522
vn 0.3581850180800548 0.6661310689503037 -0.6541963709790178
vn 0.32011188805271146 -0.7454545093447416 -0.5846588352406207
vn 0.3917446350206094 0.5784494557016983 -0.7154944920339908
vn 0.2780128798852522 -0.8153999250670103 -0.5077714060663739
vn 0.4203870576956247 0.4835073998927885 -0.7677859831821174
vn 0.23241867721094303 -0.8751039182935444 -0.4244698937154449
vn 0.4437330445824239 0.3824960769806108 -0.8104305869351525
vn 0.18387246740224142 -0.9238028343998231 -0.3358262033943524
vn 0.4615042756903594 0.2766906478704005 -0.8428855728392644
vn 0.13302176190892412 -0.9608740583962293 -0.24295319458654058
vn 0.4734814733339967 0.167405603614402 -0.8647488989804876
vn 0.08048970400155869 -0.9858554464637973 -0.1470049190585427
vn 0.4794947266990631 0.05604453262926842 -0.8757532857090276
vn 0.026941727921595136 0.998424898451516 -0.04921245217095506
vn 0.21366396685808464 -0.9237997754097855 -0.3177132106464843
vn 0.5362502212729781 0.27668097089389254 -0.7974229370477721
vn 0.1545703712141549 -0.9608726606024398 -0.2298515400198724
vn 0.550157777154545 0.1674103006459625 -0.8181077016346922
vn 0.09352526422836892 -0.9858547401046137 -0.13908075483070395
vn 0.5571564084027748 0.05603404310123545 -0.8285148897813783
vn 0.03131142197276024 0.9984248320673174 -0.04655587573435827
vn 0.031311421972760226 -0.9984248320673174 -0.04655587573435824
vn 0.557153831188383 -0.056033552211665956 -0.8285166560900569
vn 0.09353540366872709 0.985854650292021 -0.1390745726512406
vn 0.5501576698199387 -0.16741177217193015 -0.8181074726932576
vn 0.15456610476766483 0.9608727215253065 -0.2298541543794727
vn 0.5362485292459495 -0.2766809956674493 -0.7974240663022562
vn 0.21365799319646178 0.9237998890685465 -0.31771689741057507
vn 0.515602013724271 -0.3824886554672118 -0.7667183262987531
vn 0.2700664561611248 0.8750975456040032 -0.4015823638239369
vn 0.4884693799796391 -0.48350145491552754 -0.726377317870592
vn 0.32304457740284565 0.8153981078285951 -0.4803833123248184
vn 0.45519746512848386 -0.5784362686815837 -0.6769097065446245
vn 0.37196466958338 0.7454471032612631 -0.5531282860432277
vn 0.4162027552131992 -0.6661244651308422 -0.618913130824586
vn 0.41620379269993685 0.6661244370704752 -0.618912463341732
vn 0.371965258682547 -0.7454470873782765 -0.5531279112940065
vn 0.45520195756322945 0.5784361529058751 -0.6769067844556257
vn 0.32304524643735705 -0.8153980907484047 -0.4803828914085969
vn 0.48846471719080636 0.483501563030996 -0.726380381484997
vn 0.2700570456438702 -0.875097760518768 -0.4015882239721948
vn 0.5155989832900031 0.3824887143003369 -0.7667203348439318
vn 0.47077546877906584 0.6661165948020039 -0.5784973121158244
vn 0.42073801227200647 -0.7454393205276264 -0.5170103910374645
vn 0.5148830523887721 0.5784301361763984 -0.6327037378787755
vn 0.3654012454834456 -0.8153915877836297 -0.44901947437815876
vn 0.5525095354299862 0.4834894046190209 -0.6789486054776794
vn 0.3054581948109841 -0.875095214784987 -0.3753713578354537
vn 0.5831956725564438 0.3824791575980495 -0.7166536831095782
vn 0.24166677778629653 -0.9237960457661132 -0.2969815387213192
vn 0.6065482104860775 0.2766771933960072 -0.7453515942229182
vn 0.17483770274816088 -0.9608707275679136 -0.21484697484687595
vn 0.6222783921526669 0.16740640707956866 -0.7646860123793304
vn 0.10579244777491065 -0.9858542817045176 -0.129997281658743
vn 0.630195444688244 0.05603532026100743 -0.7744118699874332
vn 0.03541404810109704 0.9984247533450278 -0.043518468550876925
vn 0.03541404810109707 -0.9984247533450278 -0.04351846855087697
vn 0.6301940009651151 -0.05603482618927022 -0.7744130805981515
vn 0.1057896497237396 0.985854308065506 -0.1299993587676926
vn 0.6222796873178469 -0.16740786471256555 -0.7646846393017073
vn 0.17484134700894297 0.9608706721684003 -0.21484425694615475
vn 0.6065460480951842 -0.27667722724327404 -0.7453533413523336
vn 0.2416731163375747 0.9237959174563033 -0.29697677978379416
vn 0.5831950109448188 -0.38247917133025305 -0.7166542141839366
vn 0.3054568234139838 0.8750952481253153 -0.375372396079322
vn 0.5525111401434067 -0.48348936484004357 -0.6789473279305281
vn 0.3653938814535142 0.8153917881351098 -0.4490251031269449
vn 0.5148792107511525 -0.5784302419489092 -0.6327067674169423
vn 0.42073347153621954 0.7454394511008791 -0.5170138979481125
vn 0.47077263003854775 -0.6661166767601491 -0.5784995278724121
vn 0.6459450730849221 -0.38247226970403153 -0.6606587057359959
vn 0.33833743291333557 0.8750901975105041 -0.34604180052508293
vn 0.6119666954912228 -0.48347963792728094 -0.625894722233107
vn 0.4047311574024249 0.8153827512638374 -0.4139367816093523
vn 0.5702894447186685 -0.5784237125056554 -0.5832631979249573
vn 0.4660102582133994 0.7454296241341409 -0.47662261245466964
vn 0.5214340193312602 -0.6661090418788088 -0.5332966414776511
vn 0.521425384280867 0.6661093114803233 -0.5333047475756801
vn 0.4660079450885085 -0.7454296959842842 -0.476624761693267
vn 0.5702892774399669 0.5784237174894741 -0.5832633565403005
vn 0.4047253746609814 -0.8153829211361106 -0.4139421010540864
vn 0.6119697970227749 0.48347955468827963 -0.6258917540040984
vn 0.3383420194634404 -0.8750900771435622 -0.34603762042627007
vn 0.6459512500968733 0.3824721307454308 -0.660652746684169
vn 0.26767943615396617 -0.9237938409125326 -0.2737748325766364
vn 0.6718096589529663 0.27667357542201515 -0.6871124469842601
vn 0.19365373489781354 -0.9608691937713225 -0.19806217059644723
vn 0.6892432463489615 0.16740056215131494 -0.7049260948168741
vn 0.11717652882864965 -0.9858535599362446 -0.11984331209000394
vn 0.6980128670550997 0.05603541016228305 -0.7138893963587529
vn 0.03922299994488286 0.9984246887009058 -0.04012103273624701
vn 0.039222999944882826 -0.9984246887009058 -0.040121032736247016
vn 0.6980085242240496 -0.05603492690833624 -0.7138936805133814
vn 0.11716816248588564 0.9858536447667818 -0.1198507939053098
vn 0.6892459680697121 -0.16740200326614185 -0.7049230914093594
vn 0.19365432420851725 0.9608691841180729 -0.19806164123224765
vn 0.6718179946554271 -0.2766734339130025 -0.6871043538094835
vn 0.2676803706574736 0.9237938205121463 -0.2737739877129493
vn 0.042714079756902834 0.9984246164156309 -0.03638396248103958
vn 0.04271407975690286 -0.9984246164156309 -0.03638396248103959
vn 0.7600293140175187 -0.05603874472311709 -0.6474682238719652
vn 0.1275982692553949 0.9858526688149687 -0.1086885323915615
vn 0.7504863112306541 -0.16739498968072553 -0.6393349779929108
vn 0.21085969372019464 0.9608676260968033 -0.17964296446930383
vn 0.7315127795445497 -0.2766589249523739 -0.6231764538292537
vn 0.29147744503919754 0.9237906556976245 -0.24829765097393605
vn 0.7033521060161954 -0.38247040713733055 -0.5991762700798382
vn 0.368419013410662 0.8750839316560102 -0.3138399960409345
vn 0.6663488196415669 -0.4834733954793401 -0.5676554645433869
vn 0.44069917044098367 0.8153784438382948 -0.3754227410486338
vn 0.6209617003212986 -0.5784144855511038 -0.5290021263083297
vn 0.5074309766158633 0.7454229448693928 -0.4322712542292321
vn 0.5677693222038381 -0.6660953533899846 -0.48368892581541056
vn 0.5677781745156824 0.6660950499017758 -0.483678952446755
vn 0.5074314246959943 -0.7454229295912413 -0.4322707545862947
vn 0.6209607098145937 0.5784145179841319 -0.5290032535360631
vn 0.44069871196330646 -0.8153784586040596 -0.37542324717357434
vn 0.6663426697606867 0.48347357708668515 -0.5676625288982933
vn 0.36841452328468205 -0.8750840607430309 -0.3138449070263976
vn 0.7033511606453103 0.3824704305606079 -0.5991773648642597
vn 0.29147785903023815 -0.9237906458000437 -0.2482972018116334
vn 0.7315179751896577 0.2766588277596657 -0.623170398043
vn 0.21087019238610646 -0.9608674380292686 -0.17963164670546328
vn 0.7504840067238222 0.16739354704431628 -0.639338060856446
vn 0.12758816757643224 -0.9858527809175006 -0.1086993737411536
vn 0.7600310783277554 0.05603923660702863 -0.6474661102609548
vn 0.7549157403955691 0.3824624658153838 -0.5327519940323325
vn 0.31284727178109 -0.9237874553707461 -0.22077889808306073
vn 0.7851554264915975 0.2766584989380634 -0.5540677135658922
vn 0.226333234650901 -0.9608649388664713 -0.15972425034913398
vn 0.8055177672582298 0.1673871044374567 -0.5684388128016598
vn 0.13695111330899332 -0.9858523842814684 -0.09664092802726645
vn 0.8157529084369938 0.056039840559012 -0.5756793627069727
vn 0.04584255389860642 0.9984245472087855 -0.032355583490105415
vn 0.04584255389860639 -0.9984245472087855 -0.032355583490105436
vn 0.8157599318356308 -0.05603931045551612 -0.5756694618400366
vn 0.13694165056937266 0.9858525010895801 -0.09665314498119347
vn 0.8055092668435234 -0.1673886845893589 -0.5684503929989437
vn 0.22633819353444296 0.9608648399085162 -0.15971781858999473
vn 0.7851545854723063 -0.2766585166254997 -0.5540688965195476
vn 0.31284794437753644 0.9237874374647429 -0.22077801992289353
vn 0.7549270553187477 -0.3824621512082159 -0.5327361861568521
vn 0.3954263461952026 0.8750805444471217 -0.2790556314874171
vn 0.7152043982084143 -0.48345945048200073 -0.5047272813341693
vn 0.47301362831651717 0.815372096712566 -0.3338060085280037
vn 0.6665061302319346 -0.5784045980387016 -0.4703378565785872
vn 0.5446401817937991 0.7454151327322484 -0.3843479572852989
vn 0.6094038816741525 -0.6660930776670442 -0.43005455570720424
vn 0.6094006418353652 0.6660932019355478 -0.43005895417476725
vn 0.5446357806687621 -0.7454153004047442 -0.3843538686390877
vn 0.6664995887740804 0.578404838115833 -0.47034683097495084
vn 0.47301574271631613 -0.8153720206782483 -0.3338031980637725
vn 0.7152159673277106 0.4834590672929451 -0.5047112544135735
vn 0.395427837472328 -0.8750804966512549 -0.2790536681940436
vn 0.6459956080053177 -0.6660826707756546 -0.3728586194929799
vn 0.6459952112838535 0.6660826882205979 -0.3728592756673105
vn 0.5773383152523281 -0.7454107891536921 -0.3332314888405256
vn 0.7065197892042505 0.5783902488438276 -0.4077922357097504
vn 0.5014150759843503 -0.8153651083064652 -0.2894177978839491
vn 0.7581327181288439 0.48346373359513867 -0.43760438754749686
vn 0.4191724684167657 -0.8750756602051231 -0.2419442717610061
vn 0.8002439538419596 0.382441780672522 -0.46189598259285414
vn 0.33163169754200633 -0.9237848394665289 -0.1914209694814209
vn 0.8322735073955896 0.27665403318996196 -0.48039916195510896
vn 0.23992082235176543 -0.9608638144399352 -0.13848728859354012
vn 0.8538582427704416 0.167395194717525 -0.4928538830510068
vn 0.1451728712489847 -0.9858515411421783 -0.08379484638638347
vn 0.8647233725245062 0.056028168374973986 -0.4991135475604625
vn 0.04859813373661809 0.9984244859433666 -0.02804937193667436
vn 0.04859813373661813 -0.9984244859433666 -0.028049371936674363
vn 0.8647203706438713 -0.05602768508362501 -0.4991188025888185
vn 0.14517541695796768 0.9858515053607894 -0.08379085683382023
vn 0.8538630721022578 -0.16739659032028742 -0.49284504222852515
vn 0.23992232309323488 0.9608637803500715 -0.13848492514680125
vn 0.8322753206339276 -0.2766539893024298 -0.48039604584836454
vn 0.33162996697230374 0.9237848919665763 -0.19142371425779514
vn 0.8002372519573626 -0.3824419951114082 -0.46190741599906604
vn 0.41916968386752246 0.8750757620475239 -0.24194872763324574
vn 0.7581392254203391 -0.48346348592937294 -0.43759338734956604
vn 0.5014166715223802 0.8153650427582626 -0.2894152182716627
vn 0.706510688755302 -0.5783906319985289 -0.4078074588465138
vn 0.577334085713231 0.7454109735461001 -0.3332384041354224
vn 0.838922841352818 -0.3824444163453096 -0.3872269808042952
vn 0.43944116582320863 0.8750708433180955 -0.20283609381590972
vn 0.7947929449373381 -0.48344852460342835 -0.36685378386572737
vn 0.5256577143684311 0.8153605435633383 -0.24263378026370233
vn 0.7406672928551818 -0.5783925584123811 -0.34186840987104505
vn 0.6052500900369747 0.7454015918997705 -0.2793721448239288
vn 0.6772211608317673 -0.6660751964324798 -0.31259451693704887
vn 0.6772189354947348 0.6660753120496344 -0.3125990916259361
vn 0.6052474093911071 -0.745401729738631 -0.27937758451244915
vn 0.7406626411619978 0.5783927903907332 -0.34187809524881124
vn 0.5256577105113639 -0.8153605437498818 -0.2426337879930333
vn 0.7947939955364379 0.48344847714321526 -0.3668515702666827
vn 0.43944045413047855 -0.8750708739089519 -0.2028375037063461
vn 0.8389244216655345 0.38244435621236317 -0.3872236164472151
vn 0.3476697482050319 -0.9237819244491974 -0.16047648501879416
vn 0.8725106480034027 0.2766468124965548 -0.4027303195144096
vn 0.2515260139530375 -0.960862526246839 -0.11609422879471243
vn 0.8951355567866731 0.16738399690123118 -0.4131766360257818
vn 0.15219173830400995 -0.9858511069536038 -0.07025147479133677
vn 0.9065209904199579 0.05603189154814355 -0.41842576528884545
vn 0.050947796099069007 0.998424421372238 -0.02351588569796716
vn 0.050947796099068965 -0.998424421372238 -0.023515885697967188
vn 0.9065213512705315 -0.05603139062857674 -0.41842505058239265
vn 0.15219365676548122 0.985851075378485 -0.07024776164003878
vn 0.8951376503950641 -0.16738542679212437 -0.41317152097261317
vn 0.25152194509698883 0.9608626346035392 -0.11610214708339102
vn 0.8725094548843254 -0.2766468468630362 -0.40273288077607666
vn 0.3476723067577167 0.923781833306722 -0.16047146651738384
vn 0.05287609324907878 0.9984243640656807 -0.018785845808907204
vn 0.05287609324907879 -0.9984243640656807 -0.01878584580890726
vn 0.9408071652693054 -0.05602999447290904 -0.3342791011973375
vn 0.15795312089284289 0.9858507083180477 -0.05611766663907837
vn 0.9289924703268476 -0.16737783415978474 -0.33008733800011325
vn 0.2610461870552127 0.9608607196501124 -0.09274462602977664
vn 0.9055136959217722 -0.27664539388656356 -0.32173323194758846
vn 0.36081981450923384 0.923780513637449 -0.12821319776549173
vn 0.8706559820642846 -0.38244144174331524 -0.309348839553296
vn 0.4560703666530223 0.8750676423768077 -0.1620383964561277
vn 0.8248558949645561 -0.4834438411876803 -0.29307815503705176
vn 0.5455443240566281 0.8153562489043359 -0.19384421028817894
vn 0.7686854953147345 -0.578380465386253 -0.2731275280017061
vn 0.6281492970905644 0.7453982952728608 -0.2231811864135123
vn 0.7028455578952032 -0.6660671580696487 -0.24972517431769348
vn 0.7028465363632582 0.666067095253934 -0.24972258796944655
vn 0.6281488429422757 -0.7453983240478873 -0.22318236851705228
vn 0.7686884685797437 0.5783802816561289 -0.2731195490328465
vn 0.5455486176296634 -0.8153559938780547 -0.19383319903848514
vn 0.8248533901758456 0.483443981742119 -0.29308497271736794
vn 0.4560656194401094 -0.8750678923959853 -0.16205040716504743
vn 0.8706551890952309 0.38244147931590505 -0.30935102488954186
vn 0.36082563069765056 -0.923780260476152 -0.12819865282543186
vn 0.9055134588067332 0.2766454024086129 -0.3217338919760292
vn 0.26104083835603475 -0.9608608934833891 -0.09275787882806394
vn 0.9289965014616018 0.16737627729426705 -0.33007678208443675
vn 0.15795312058707492 -0.9858507083241859 -0.05611766739188599
vn 0.9408051803967958 0.056030508277827164 -0.33428460132150967
vn 0.8951759919330851 0.38243551129600695 -0.2289170661317738
vn 0.3709915650635756 -0.9237769561337827 -0.0948756763764136
vn 0.9310141940399367 0.27664152389462704 -0.23807989783563407
vn 0.26839680898094803 -0.9608606341068873 -0.06862940151680944
vn 0.9551569450621783 0.16738343382054785 -0.24424986465079024
vn 0.16240107961215303 -0.9858503470657707 -0.04153290901329963
vn 0.9673051257137204 0.05602478001936606 -0.2473499904826064
vn 0.05436489646475242 0.9984243242328548 -0.01390420125516269
vn 0.05436489646475242 -0.9984243242328548 -0.013904201255162627
vn 0.9673024038437132 -0.056024309591754556 -0.24736074113112835
vn 0.1624004319092764 0.9858503638758069 -0.04153504257395075
vn 0.9551582203831906 -0.16738485947702889 -0.24424390033790386
vn 0.2683936901474272 0.9608607655574091 -0.06863975744039724
vn 0.9310151052086775 -0.2766414798188524 -0.23807638588677965
vn 0.3709950689656331 0.9237767577822628 -0.094863905593625
vn 0.8951764229162553 -0.3824354839210832 -0.22891542650705093
vn 0.4689100359956829 0.8750676066800713 -0.11991689573091781
vn 0.8480894419049895 -0.48343471047797476 -0.216875953564152
vn 0.5609212386267179 0.8153492422050775 -0.14343283199140403
vn 0.7903365566559235 -0.5783798008595151 -0.2021012943327329
vn 0.645839861860901 0.7453943275287448 -0.16516104056181832
vn 0.7226427229827439 -0.6660633805196088 -0.1847892530719147
vn 0.7226409605877258 0.6660635301583981 -0.18479560566685985
vn 0.6458412364286429 -0.7453942129323392 -0.16515618261300616
vn 0.7903370239977575 0.5783797624753894 -0.2020995765885724
vn 0.5609180390631562 -0.8153494912090006 -0.14344392855317192
vn 0.8480910302790948 0.4834345914681818 -0.21687000745178234
vn 0.46891336309697884 -0.8750673780525505 -0.11990555357161614
vn 0.7364534402349825 -0.6660571635602647 -0.11833928019095749
vn 0.7364548695399373 0.6660569821082272 -0.11833140629517955
vn 0.658187024799645 -0.7453895640341296 -0.10575555878724295
vn 0.8054372821066152 0.578377187731198 -0.12942416043714272
vn 0.5716369790645581 -0.8153498058324234 -0.0918469286093735
vn 0.8642960963284178 0.483434458150951 -0.1388646194815487
vn 0.4778792391956872 -0.8750632847596813 -0.07678333420312
vn 0.9122833247990134 0.38243137897945645 -0.14657890593645992
vn 0.3780818195186109 -0.9237770060859595 -0.060746858160384
vn 0.9488054363995609 0.2766364539056798 -0.15244840513803182
vn 0.2735279262926078 -0.9608593650585142 -0.04395172485141773
vn 0.9734071841307891 0.16737682766816284 -0.1564079647662182
vn 0.1655068833506445 -0.9858500747911525 -0.026591382021916403
vn 0.9857848320378334 0.056033574563224754 -0.1583935082186401
vn 0.05540493309398494 0.998424295121982 -0.008900578578090807
vn 0.05540493309398493 -0.998424295121982 -0.008900578578090882
vn 0.9857845268568322 -0.05603308102379466 -0.15839558213735833
vn 0.1655075569900033 0.9858500496768097 -0.026588120118446707
vn 0.9734074532531021 -0.1673782749015674 -0.1564047411119158
vn 0.27352891476869956 0.9608593050695691 -0.043946884379696634
vn 0.9488043916491938 -0.2766365321236231 -0.15245476536277633
vn 0.3780808334227838 0.9237770868786437 -0.06075176669316191
vn 0.9122831055594345 -0.3824314003843644 -0.14658021459558615
vn 0.47787960255442485 0.8750632483804852 -0.07678148732746815
vn 0.8642954189872325 -0.48343453553654797 -0.13886856580323173
vn 0.5716368026000829 0.8153498259990846 -0.09184784785947059
vn 0.8054400713558098 -0.5783768418748533 -0.12940834686069896
vn 0.6581874472211473 0.7453895118663896 -0.10575329744313004
vn 0.38204282061548217 0.9237755182559408 -0.02611656729232461
vn 0.9218307991671302 -0.3824307945466291 -0.0630449449942194
vn 0.4828823460063775 0.8750625522007502 -0.03301771723312497
vn 0.8733404760631138 -0.48343502772376695 -0.05972425671010318
vn 0.5776221177048936 0.8153480237147817 -0.039500498256531735
vn 0.813876143466838 -0.5783665715403157 -0.055657272842353604
vn 0.6650770044593951 0.7453886308779363 -0.04547930405397113
vn 0.744161407842987 -0.6660584964213293 -0.05089084811733607
vn 0.7441621620146501 0.6660583030834133 -0.050882349781881615
vn 0.665077417686872 -0.745388530714727 -0.045474902549678
vn 0.8138760480753497 0.5783665961355567 -0.05565841215684145
vn 0.5776222685488496 -0.8153479907328405 -0.039498973206916255
vn 0.8733405145913989 0.4834350182947661 -0.059723769636301674
vn 0.48288193133351826 -0.875062629918447 -0.03302172181795715
vn 0.9218311450153341 0.3824307201295523 -0.0630403393146815
vn 0.38204216754741976 -0.9237756167217164 -0.026122637043028675
vn 0.9587340533384106 0.27664010547056445 -0.06556879604306494
vn 0.2763922010873563 -0.9608591770924108 -0.01889425773567091
vn 0.9835967235653672 0.16737295666812918 -0.06725904227420489
vn 0.16723981501627527 -0.9858499443393639 -0.01143378849704602
vn 0.9961024266803016 0.05603519582492593 -0.06811763641287687
vn 0.05598524501997824 0.998424266739221 -0.003825692917890472
vn 0.055985245019978244 -0.998424266739221 -0.003825692917890472
vn 0.996102497619444 -0.05603469532215413 -0.0681170107716061
vn 0.16724044678082364 0.9858499019622116 -0.011428200280376001
vn 0.9835962384459381 -0.1673744537390431 -0.06726241112655919
vn 0.276391978953091 0.9608592015677418 -0.01889626240810016
vn 0.9587347602255271 -0.27663998595816414 -0.06555896356996455
vn 0.9981702648808144 0.05603474889429205 0.02272067833755612
vn 0.05610147278032171 0.9984242555846967 0.0012769541977694563
vn 0.056101472780321716 -0.9984242555846967 0.0012769541977695458
vn 0.9981700507215584 -0.05603422272153584 0.022731381975472587
vn 0.1675865000445366 0.985849995905617 0.0038145216892850045
vn 0.985637724858611 -0.16737660463260592 0.0224354085588265
vn 0.2769664091665018 0.9608589243620409 0.006303623341846284
vn 0.9607268240801252 -0.27663292449243304 0.021867660590021362
vn 0.3828340953524266 0.9237760522799489 0.008709803084027787
vn 0.9237436602984835 -0.3824335621887996 0.021029041108565315
vn 0.4838834344180276 0.8750631485698498 0.011013987054452327
vn 0.8751536384198437 -0.48343480616208134 0.019922282789386087
vn 0.5788222614919588 0.8153473637428117 0.013170650666608613
vn 0.8155664069747494 -0.5783657798611158 0.01855964708556879
vn 0.6664597022916533 0.7453866733188572 0.01517143565942092
vn 0.7457033940703774 -0.6660618043170664 0.016974124478554207
vn 0.7457033992163492 0.6660618500235923 0.016972104770235984
vn 0.666459694887348 -0.745386739091417 0.015168529174809093
vn 0.8155663713518941 0.5783656780267077 0.0185643852742654
vn 0.5788223050347087 -0.8153472393156397 0.01317643861868298
vn 0.8751537186026161 0.4834349338422989 0.01991566109636314
vn 0.4838833908438942 -0.875063217926226 0.011010390456911543
vn 0.9237436705848056 0.38243357247835635 0.021028402125510378
vn 0.3828341619721455 -0.9237759856709599 0.008713938531569284
vn 0.9607267604387077 0.2766328845164721 0.021870962051134677
vn 0.2769663628503198 -0.9608589534658395 0.0063012216273604675
vn 0.9856379904318417 0.16737513864391856 0.022434678099085392
vn 0.16758649288663524 -0.985849998411048 0.003814188628568599
vn 0.48087547590161733 -0.8750645398032236 0.05496205832540632
vn 0.9180067659473907 0.382434455311642 0.1049164670835817
vn 0.3804566063610174 -0.923775983808516 0.043482208026578824
vn 0.9547593129755936 0.2766357805520901 0.10912057186758377
vn 0.27524465500343825 -0.9608593556078376 0.031459158172616034
vn 0.9795165887931354 0.16737519931908035 0.1119499661990023
vn 0.16654502142013855 -0.9858500629321557 0.019037049583127803
vn 0.9919718224396075 0.05602618542302323 0.11337093998370695
vn 0.05575308377336309 0.9984242751263864 0.0063687116523088935
vn 0.0557530837733631 -0.9984242751263865 0.0063687116523089
vn 0.9919717671040365 -0.05602568473642475 0.11337167158646855
vn 0.16654588584423907 0.9858501563242387 0.019024646746572702
vn 0.9795166212420268 -0.16737668961621927 0.11194745411897425
vn 0.2752444494047363 0.9608593209114964 0.031462016613395115
vn 0.9547593283303404 -0.27663578224036134 0.10912043323988753
vn 0.3804564442274467 0.923775948980843 0.0434843665051108
vn 0.9180063821138235 -0.38243439759622994 0.1049200359011452
vn 0.4808757130715878 0.8750645977327735 0.0549590608787248
vn 0.8697202854263013 -0.4834321824405999 0.09939793810090616
vn 0.575228211378193 0.8153465179920576 0.06574618188816868
vn 0.8104980867880787 -0.5783692288501938 0.09263847166321694
vn 0.6623183787761875 0.745389218136454 0.07569199839618843
vn 0.7410715546781943 -0.6660618180414066 0.08470304241419013
vn 0.7410718331972008 0.6660618854232471 0.08470007572705968
vn 0.6623177612357363 -0.7453890602381477 0.07569895659104817
vn 0.8104980976610189 0.5783692312231641 0.0926383617201625
vn 0.5752288039694651 -0.8153466705062989 0.06573910539512794
vn 0.86971931091467 0.48343200018591986 0.09940735092714396
vn 0.7303017001002751 -0.6660633383866758 0.15172032193429053
vn 0.7303017510445615 0.6660633446520722 0.15172004920953078
vn 0.6526935273794381 -0.7453889085274694 0.13559695557502255
vn 0.7987190113305338 0.5783717126788025 0.16593403180831676
vn 0.5668646027353895 -0.8153506980453833 0.11776145958060931
vn 0.8570786859982114 0.48344097594614693 0.1780476025781207
vn 0.4738856735135921 -0.8750653240377214 0.09845327371564143
vn 0.9046670902073977 0.38243455202881627 0.18793953631473892
vn 0.3749246812019848 -0.9237771391064226 0.07789275120281307
vn 0.9408851331951559 0.2766376433603155 0.19546554788091106
vn 0.2712424737739884 -0.9608600528550201 0.05635139082946562
vn 0.9652825611590178 0.16737863797038283 0.20053420823756368
vn 0.1641253867384329 -0.9858500612665451 0.03409566143527836
vn 0.9775563691098672 0.056025409543314836 0.2030879087937954
vn 0.054941685067235624 0.9984243025817079 0.011415921171897731
vn 0.05494168506723561 -0.9984243025817079 0.011415921171897677
vn 0.9775581120921939 -0.056024932251690744 0.20307965050427712
vn 0.1641243326251783 0.9858500117869468 0.03410216562062977
vn 0.965281562474463 -0.16738008154833017 0.20053781051894873
vn 0.271242960091433 0.960860089114572 0.05634843163366966
vn 0.9408850985975131 -0.27663764126905926 0.19546571737836646
vn 0.37492485751175764 0.9237771562533932 0.0778916991994814
vn 0.9046667351811729 -0.38243452306185766 0.18794130420715782
vn 0.47388580766092264 0.8750653392999009 0.09845249236816844
vn 0.8570776073104961 -0.48344086842406214 0.1780530869833595
vn 0.5668630918441703 0.8153505114691852 0.11777002399509803
vn 0.798720845400838 -0.5783719214039266 0.16592447575237645
vn 0.6526944444962731 0.7453890245108927 0.13559190338070065
vn 0.3662891173416625 0.9237785887873988 0.11164856208222197
vn 0.8838300315274088 -0.3824372142536586 0.26941835966422323
vn 0.4629694964703581 0.8750674143979447 0.14112499990036922
vn 0.8373398282886758 -0.4834416111793659 0.2552375766649377
vn 0.5538042690576934 0.8153561393200798 0.1688052062186731
vn 0.7803196790039559 -0.5783815309838253 0.23785710663330978
vn 0.6376596393500261 0.7453905273558316 0.19437887249438943
vn 0.7134808379037351 -0.6660676995905775 0.21748313384329448
vn 0.7134818248153003 0.6660677813647635 0.21747964568218978
vn 0.6376624360218401 -0.7453907634578444 0.19436879234698326
vn 0.7803197230368775 0.5783815343903522 0.23785695389437891
vn 0.5538012811478493 -0.8153558954017737 0.16881618652419875
vn 0.8373397161953045 0.4834416035213814 0.25523795890627815
vn 0.46297126593992827 -0.8750675461845507 0.14111837771363966
vn 0.8838326667162136 0.38243736253645255 0.2694095042522972
vn 0.36628771179696823 -0.9237785000461103 0.11165390740632355
vn 0.9192146002774975 0.2766403251413854 0.28020465581847337
vn 0.2649947749245052 -0.9608608043043932 0.08077304014474965
vn 0.9430517130258277 0.16737687621042427 0.28746903810513613
vn 0.160344812541191 -0.985850513388579 0.04887030123301419
vn 0.9550463671505189 0.05603348623063351 0.2911128389704543
vn 0.05367690654071097 0.9984243409210761 0.016359253055516287
vn 0.053676906540710986 -0.9984243409210761 0.016359253055516283
vn 0.9550447811343965 -0.05603297331954323 0.2911181408447854
vn 0.16034519123786017 0.9858505247816933 0.04886882886415607
vn 0.9430549053914128 -0.16737843641894948 0.2874576567759872
vn 0.26499652033370197 0.960860888180621 0.08076631584873845
vn 0.9192151101077942 -0.2766403465040734 0.280202962217786
vn 0.9246189115793066 0.05602925669441455 0.3767500374839664
vn 0.05196468601304628 0.9984243892920509 0.021175700091402815
vn 0.05196468601304628 -0.9984243892920509 0.021175700091402863
vn 0.9246189858852429 -0.056028758174271005 0.37674992926076833
vn 0.15523075206038758 0.9858508967506614 0.06325680193215082
vn 0.9130073988072089 -0.16739038013681853 0.37201875001261103
vn 0.2565484009269555 0.9608615410284248 0.10453715585524155
vn 0.8899340366069127 -0.27664527274691236 0.36260833354366334
vn 0.35461647243314676 0.9237799280923098 0.1444915289310698
vn 0.8556799604542633 -0.3824358112383416 0.34864689237029256
vn 0.4482168888882303 0.8750719710424508 0.18262164715946438
vn 0.8106627081516343 -0.4834470522482837 0.3303103408685589
vn 0.5361574668205572 0.8153567650516612 0.2184685708678786
vn 0.7554551358954914 -0.5783873835792792 0.3078239304625949
vn 0.6173383561271419 0.7453990263987259 0.2515425321850553
vn 0.6907482869139232 -0.6660717615469002 0.28145197209344586
vn 0.6907473096118228 0.6660717001046259 0.28145451601237803
vn 0.6173381943540434 -0.7453990160883738 0.25154295976268926
vn 0.7554573348141242 0.5783875131977347 0.3078182903150506
vn 0.5361588408435648 -0.8153568493364346 0.21846488419296972
vn 0.8106596727361622 0.48344689354411485 0.3303180227021283
vn 0.44821251109091365 -0.8750717272090597 0.18263355973350157
vn 0.8556778803854422 0.3824357213648645 0.3486520959971601
vn 0.3546185179119702 -0.9237800242570695 0.1444858939049956
vn 0.8899356352254068 0.27664532431075173 0.36260437075820084
vn 0.2565497506734461 -0.9608615892094857 0.10453340045753057
vn 0.9130107838234528 0.16738897126914182 0.3720110763398623
vn 0.15523202747865605 -0.9858509251995489 0.06325322859791153
vn 0.4297531422864529 -0.8750731220056234 0.22261910932858273
vn 0.8204303535625207 0.38244573676594773 0.42500505100860714
vn 0.3400032256417992 -0.9237831701411349 0.17613194235335908
vn 0.8532782292614669 0.27664674202787143 0.44202131576857256
vn 0.2459794454593198 -0.9608631495386877 0.12742103543025818
vn 0.8754080396130457 0.16738541117945294 0.4534786525351879
vn 0.14883697185569708 -0.9858514468981487 0.07710045692246661
vn 0.8865385946039736 0.05602973327663822 0.45924937590220044
vn 0.04982400479093852 0.998424438136716 0.025811041784004243
vn 0.0498240047909385 -0.998424438136716 0.0258110417840043
vn 0.8865419476320106 -0.05602925283722113 0.4592429617482931
vn 0.1488355936941735 0.9858514223450868 0.077103431245777
vn 0.8754058560890521 -0.1673868507998892 0.45348233626491985
vn 0.2459790253102216 0.9608631375432194 0.1274219369576292
vn 0.8532808021428339 -0.2766468099264412 0.44201630654536445
vn 0.3400051836382393 0.9237832439440156 0.1761277755136838
vn 0.8204302840888553 -0.38244573431403694 0.42500518732702225
vn 0.42975085561056914 0.875073019637984 0.22262392594607774
vn 0.7772674409722914 -0.4834583002013171 0.40264549813805084
vn 0.5140713389664425 0.815362743688769 0.26629730501372295
vn 0.7243412225661193 -0.5783913403295223 0.3752242672365931
vn 0.5919101852407823 0.7454047834881244 0.3066170924153531
vn 0.6622945400349156 -0.6660796660477244 0.3430799042755077
vn 0.6622940054194862 0.6660796388019639 0.34308098921225455
vn 0.5919087363784777 -0.7454047088737089 0.3066200707516307
vn 0.7243424594207709 0.57839139959431 0.3752217882207858
vn 0.514072006936277 -0.8153627766979442 0.2662959144634539
vn 0.77726916772706 0.4834583737820652 0.4026420764412042
vn 0.5615682519591305 0.7454101969940945 0.3591722937655294
vn 0.6283480377296891 -0.6660875404210226 0.40187825516830566
vn 0.6283511989986292 0.6660876768698962 0.4018730862337634
vn 0.5615732307927002 -0.7454104136932742 0.35916405946958374
vn 0.6872180228575527 0.5783982491625398 0.43953026565353237
vn 0.48771750408509235 -0.8153687312265256 0.3119382444443996
vn 0.7374393181469919 0.4834631919752264 0.4716424430180398
vn 0.4077218833573116 -0.8750782211288051 0.2607699613406672
vn 0.7783870812249897 0.38245209358588333 0.4978392791793512
vn 0.3225776216503517 -0.9237854383038295 0.20631078980073778
vn 0.8095535989925425 0.2766568426235435 0.5177682510426779
vn 0.2333670083636225 -0.9608647356599548 0.14926084273023005
vn 0.8305440403518256 0.16738546084322437 0.5312049552991449
vn 0.14120655423029688 -0.9858520537309341 0.09031299572545318
vn 0.8411101634525712 0.056036564588573305 0.5379531544343801
vn 0.04727226379185927 0.9984245091984842 0.03022966271328323
vn 0.04727226379185926 -0.9984245091984842 0.030229662713283176
vn 0.8411119549877043 -0.056036074007129136 0.5379504043930345
vn 0.1412125735972594 0.9858521435525329 0.09030260301295248
vn 0.8305481925644532 -0.16738699313945554 0.5311979803761041
vn 0.233368617550665 0.9608647742206124 0.1492580785232849
vn 0.8095484090834351 -0.2766567259635599 0.5177764279393214
vn 0.3225738283457728 0.923785318125731 0.2063172588071448
vn 0.7783890024644207 -0.38245215131070187 0.49783623090355783
vn 0.4077233872980486 0.8750782777948565 0.2607674197091991
vn 0.7374359496065171 -0.4834630699845307 0.4716478349246049
vn 0.48771959794371 0.8153688185089462 0.3119347425102742
vn 0.6872214554658888 -0.5783983886882961 0.43952471501626417
vn 0.7591231835408342 -0.2766549447768417 0.5892317317841528
vn 0.30247497125685147 0.9237892838765318 0.23478128281030328
vn 0.7298967184839622 -0.38246191677082614 0.5665453755581537
vn 0.38231480793688477 0.8750821771326034 0.29676012349546865
vn 0.6914927362604488 -0.4834675460443315 0.5367466139817834
vn 0.45733000453196365 0.8153736804400007 0.3549859549341659
vn 0.6443988850668662 -0.5784099906424202 0.5001919228152485
vn 0.526580253538731 0.745421018358831 0.40873064721399244
vn 0.5892048840705333 -0.6660937748995771 0.45733651464480857
vn 0.589196323197993 0.6660934523330927 0.4573480135399609
vn 0.5265740187382657 -0.7454207816967956 0.4087391111752958
vn 0.6444056425810154 0.5784102310036232 0.5001829390134015
vn 0.4573333690923453 -0.8153738025410981 0.3549813398536816
vn 0.691492616337296 0.4834675422419111 0.536746771904189
vn 0.38231574023757564 -0.8750822076813385 0.2967588323304792
vn 0.7298914540756055 0.382461778103988 0.5665522513916383
vn 0.30247238449823394 -0.9237892127129169 0.23478489536424982
vn 0.7591235656235653 0.2766549523185311 0.5892312359953399
vn 0.21882793604833695 -0.960866181407718 0.1698543959742447
vn 0.7788092218375966 0.16739589583145087 0.6045120429234667
vn 0.13241030110475444 -0.9858524980020411 0.1027733639834946
vn 0.7887097119399663 0.05603993253659969 0.6122062693674973
vn 0.0443220421626501 0.998424578787571 0.03440809572460697
vn 0.04432204216265009 -0.998424578787571 0.03440809572460696
vn 0.7887135340762599 -0.05603944934669846 0.6122013894805004
vn 0.13240142661058413 0.9858523830391825 0.10278589926369737
vn 0.7788045062947518 -0.16739731236951316 0.6045177257834973
vn 0.21883066538059776 0.9608662381357058 0.16985055872743549
vn 0.122510041818267 -0.9858533962477016 0.11438693439619174
vn 0.7297833325578194 0.05604623880209398 0.6813773599386332
vn 0.04101382926566259 0.9984246508932108 0.038289454132146114
vn 0.041013829265662584 -0.9984246508932108 0.03828945413214615
vn 0.729769360477136 -0.05604568781171893 0.681392369627444
vn 0.1225170368563214 0.985853476723917 0.11437874851261569
vn 0.7206186362416598 -0.16739560126224193 0.6728205509489605
vn 0.20247147770674517 0.960867696802928 0.1890464756505221
vn 0.7023948420620901 -0.276660146987327 0.6558205920169952
vn 0.27986941118516245 0.9237919188106324 0.2613074882643827
vn 0.6753463869855979 -0.3824752338262805 0.6305711324624931
vn 0.3537421818504293 0.8750871971235128 0.33028603695919734
vn 0.6398207410120311 -0.4834762043918759 0.5973944920717301
vn 0.42315311245525394 0.8153817448278861 0.39508739997735115
vn 0.5962447456695303 -0.5784131415151645 0.5567139669381715
vn 0.48722483472397293 0.7454247553415708 0.45492185543470703
vn 0.5451619936276876 -0.6661087726586229 0.5090162116191468
vn 0.5451641780496426 0.6661088462822041 0.5090137757232593
vn 0.4872274582213143 -0.7454248442771111 0.4549188999037543
vn 0.5962456948422389 0.5784131717348345 0.5567129189678864
vn 0.42314795457512866 -0.815381577817337 0.39509326885558915
vn 0.6398175848271276 0.4834761146985888 0.597397944976327
vn 0.353745003152274 -0.8750872794961233 0.3302827970222967
vn 0.6753496981293117 0.382475312070914 0.6305675387243659
vn 0.27986741376921326 -0.9237918698888077 0.2613098005002346
vn 0.7023920135995702 0.27666009686400134 0.6558236424792437
vn 0.20247320158391943 -0.9608677286856163 0.18904446728455834
vn 0.7206111197007107 0.16739404515087675 0.6728289885340215
vn 0.3222343009348786 -0.8750929387013244 0.3610781133440383
vn 0.6152059543096753 0.3824796085271804 0.6893699898043262
vn 0.2549417540955009 -0.9237947145559402 0.2856711875167288
vn 0.6398443397588822 0.27666937292414623 0.7169750895005208
vn 0.18443499259394908 -0.9608696095093078 0.20667202768710688
vn 0.6564404123680027 0.1674066656241485 0.7355684830895973
vn 0.11159660879452057 -0.985853867260745 0.1250533858501888
vn 0.6647825587280959 0.056030815289867156 0.7449326797428601
vn 0.03735540342276083 0.9984247229518025 0.04186462031046389
vn 0.037355403422760794 -0.9984247229518026 0.041864620310463875
vn 0.6647943836910315 -0.05603035656076435 0.7449221614078448
vn 0.11158983823835196 0.985853796484222 0.12505998544532446
vn 0.6564321717295474 -0.16740805637094142 0.73557552065069
vn 0.18443360898837213 0.9608695862753611 0.20667337043397863
vn 0.6398459187934331 -0.27666939849095096 0.7169736704663866
vn 0.25493768188332777 0.9237946239530026 0.2856751146170868
vn 0.6152076074005646 -0.3824796442099624 0.6893684947555214
vn 0.3222358723108634 0.8750929803986585 0.36107660995009133
vn 0.5828379728553319 -0.4834876319766365 0.6530999977978196
vn 0.38546390250902723 0.8153859682782506 0.43192974266360834
vn 0.5431496538059077 -0.5784216305211932 0.6086188223475567
vn 0.44383670766884176 0.7454341486982662 0.4973297767881734
vn 0.4966080427759889 -0.6661159733907821 0.5564799743421615
vn 0.4966124463491355 0.6661161086677366 0.5564758825901436
vn 0.4438325355943406 -0.7454340199412526 0.49733369306947484
vn 0.5431428416291315 0.5784214326858167 0.6086250896871731
vn 0.385467821831814 -0.8153860837123983 0.4319260270236038
vn 0.5828423913872067 0.48348774661395333 0.6530959697289548
vn 0.39676143861887875 0.7454397459877196 0.5356304191575025
vn 0.44394674684972407 -0.6661218408996663 0.5993271052088223
vn 0.44395106121882094 0.6661219635779345 0.5993237729990024
vn 0.3967668631713618 -0.7454399008466333 0.5356261854268511
vn 0.48554442649761964 0.5784353849801632 0.6554838787490872
vn 0.344580152226032 -0.8153938327909177 0.4651853567540812
vn 0.5210292623820579 0.48349246900017634 0.7033942992104233
vn 0.28805761786654166 -0.8750973326009356 0.3888797593907161
vn 0.5499678813174811 0.38248892976675575 0.7424537346697387
vn 0.22789573387175013 -0.9237982972629268 0.30766904370959
vn 0.5719961138908364 0.2766765605243379 0.7721855518916448
vn 0.16487857018680457 -0.9608714108053737 0.2225785007363599
vn 0.586828720164359 0.1674020545713528 0.792217523989182
vn 0.0997635460442472 -0.9858546443635953 0.1346768542378639
vn 0.5942960704210304 0.0560446399203779 0.8022912058712329
vn 0.03339929904733375 0.9984247957027941 0.04508230416672451
vn 0.03339929904733378 -0.9984247957027941 0.04508230416672445
vn 0.5942914416014488 -0.05604412626126649 0.8022946705237941
vn 0.09977105536037942 0.9858547166186731 0.13467076235394246
vn 0.5868319805528235 -0.16740355806406607 0.7922147911696307
vn 0.1648780746741605 0.9608714031332249 0.2225789009150002
vn 0.571992304405763 -0.2766765032490725 0.7721883942733478
vn 0.22790514910967483 0.923798490596811 0.3076614889458068
vn 0.5499707096144036 -0.38248898639107065 0.7424516104472809
vn 0.288052764220907 0.8750972136248792 0.38888362234821255
vn 0.5210328439104958 -0.48349255514813105 0.703391587014568
vn 0.3445800532725096 0.8153938300968753 0.4651854347748461
vn 0.4855417944478179 -0.5784353141549489 0.6554858909105967
vn 0.4993919631031 -0.2766788819074488 0.8210094174213083
vn 0.19897172677405434 0.9237998770143019 0.32711471867360514
vn 0.4801603260322526 -0.38249857161109885 0.7893927438354561
vn 0.251498912817103 0.87510287366925 0.41345284779238844
vn 0.4549035697934545 -0.4835034938417565 0.7478550084287637
vn 0.3008453679923519 0.8154000428067683 0.4945855181343941
vn 0.42391787550475407 -0.5784417531382766 0.6969209230994955
vn 0.3463985783748803 0.7454493593517655 0.5694850986126893
vn 0.3875974569785516 -0.6661277769009039 0.6372142466900906
vn 0.38759521517680656 0.666127717082933 0.6372156728345005
vn 0.346397558873403 -0.7454493320521113 0.5694857544746913
vn 0.4239159095820239 0.5784417034601513 0.6969221601451369
vn 0.3008412992058093 -0.815399939028741 0.4945881641568936
vn 0.4549007503352723 0.48350343012934094 0.7478567646264677
vn 0.251495523667795 -0.8751027958874518 0.4134550739863122
vn 0.48016739553910903 0.38249870469296987 0.7893883791704747
vn 0.19897787943796363 -0.9237999952421311 0.32711064226804093
vn 0.4993917393799271 0.2766788787457624 0.8210095545699082
vn 0.14394484311415057 -0.9608730890382635 0.23664908388351782
vn 0.5123449859807807 0.16740931061882824 0.8423044212507033
vn 0.08709500337896801 -0.9858550892132174 0.14319288899528865
vn 0.5188586957617716 0.056040544302747956 0.8530211669276707
vn 0.029155007871954346 0.9984248693657185 0.047935015886451014
vn 0.029155007871954297 -0.9984248693657185 0.04793501588645101
vn 0.5188638190850874 -0.05604006056499672 0.8530180823735856
vn 0.08709336482732515 0.985855074444301 0.14319398728814178
vn 0.5123413124759911 -0.167410751388209 0.8423063693514459
vn 0.14394024694348417 0.9608730224215905 0.23665214998441608
vn 0.16839859163461834 -0.9238036312085458 0.34384410028584494
vn 0.43913882506580904 0.05604605028964504 0.8966693552066735
vn 0.0246764548312911 0.9984249260571811 0.05038590680609019
vn 0.12182447342683217 -0.9608748125401804 0.2487536779630577
vn 0.07371462528860516 0.9858556531123505 0.1505150665049233
vn 0.07371982471713087 -0.9858556974221577 0.150512229748771
vn 0.12183499396151327 0.9608749568195026 0.24874796803897103
vn 0.024676454831291116 -0.9984249260571811 0.050385906806090223
vn 0.43913748444805195 -0.05604554746415105 0.8966700431943071
vn 0.16839495719367592 0.9238035650552017 0.3438460579722271
vn 0.4336229260756946 -0.16741090007250095 0.8854065442035471
vn 0.2128502841262666 0.8751062541498474 0.4346076397110274
vn 0.4226557876488188 -0.2766840035018503 0.8630226227470197
vn 0.2546153016986165 0.8154041844967388 0.5198913963955654
vn 0.4063767956940833 -0.38249918133996846 0.8297905013891538
vn 0.2931734746079909 0.7454555649637362 0.5986195072421835
vn 0.384993476359621 -0.4835130007287892 0.7861267081627337
vn 0.32804068111963824 0.6661361558452739 0.6698148500938487
vn 0.3587746919306506 -0.5784510248969614 0.7325811437825314
vn 0.35877386252731597 0.5784510049920354 0.732581565691449
vn 0.3280357812041875 -0.6661360316858703 0.6698173732739094
vn 0.3849972071135541 0.4835130808738853 0.7861248317783931
vn 0.2931730035851168 -0.7454555529998247 0.5986197528236158
vn 0.4063770790785549 0.38249918641469516 0.8297903602667834
vn 0.2546162052427981 -0.8154042063528851 0.519890919606968
vn 0.4226524982692354 0.27668395925687367 0.8630242478613883
vn 0.21284833803552042 -0.8751062118176264 0.43460867804695363
vn 0.43361911829070665 0.1674093956001248 0.8854086934956035
vn 0.26575314219989515 0.6661401223208221 0.6968734496630522
vn 0.23750495882191053 -0.7454611260037579 0.6227994092420225
vn 0.2906624612058915 0.5784578891070488 0.7621691440720695
vn 0.20626371998312426 -0.8154090915437071 0.5408912009328586
vn 0.3119021378642949 0.48351694298577813 0.817880444955967
vn 0.17243415741225365 -0.8751095331950668 0.45216121712132595
vn 0.3292249486728089 0.38250473626878245 0.8633082067855811
vn 0.1364200397033364 -0.9238063247513817 0.357730970306856
vn 0.3424149134623492 0.27669115643673553 0.8978830831396002
vn 0.09869281308266392 -0.9608755194019258 0.258801014024114
vn 0.3513018695439662 0.16741545611214476 0.9211726556458766
vn 0.059717041445161476 -0.9858563191326583 0.15659244230563324
vn 0.3557646906007528 0.056046102755255366 0.9328935198015356
vn 0.019990481107249575 0.9984249798750319 0.052420799561273705
vn 0.019990481107249547 -0.9984249798750319 0.0524207995612737
vn 0.3557590372339066 -0.056045588386606206 0.9328957066300622
vn 0.05971611137789552 0.9858563115410814 0.15659284478071564
vn 0.351295669879024 -0.16741687895042115 0.9211747613600515
vn 0.09869436150008007 0.9608755397395115 0.25880034802602975
vn 0.3424194097890832 -0.27669121456949375 0.8978813505022556
vn 0.1364194786132819 0.9238063149655283 0.35773120954802334
vn 0.32922891827414397 -0.3825048045656506 0.8633066626965359
vn 0.1724312983386831 0.8751094736045629 0.45216242276507335
vn 0.31190110266851345 -0.4835169216217086 0.8178808523615355
vn 0.20627071267455532 0.8154092537432728 0.5408882897628401
vn 0.29065719989291733 -0.5784577678110017 0.7621712425757892
vn 0.2374994926496016 0.7454609927859753 0.6228016531976532
vn 0.26576008390033057 -0.6661402910973937 0.6968706410676009
vn 0.249336236006995 -0.38251243932107737 0.8896716670651613
vn 0.13059035269416974 0.8751130048621405 0.465965007811067
vn 0.23622663791164855 -0.48352177082354314 0.8428544789467658
vn 0.15621265833939324 0.8154106239522291 0.5574074988017084
vn 0.22012726167064534 -0.5784599636840313 0.7854476806790205
vn 0.17987959736710687 0.7454678251813077 0.6418107603262031
vn 0.20126589506849207 -0.6661490823761703 0.7181486193899318
vn 0.20126508414966 0.6661490632676978 0.7181488643796625
vn 0.17987160851876283 -0.7454676366208635 0.641813218311821
vn 0.22012692925260222 0.5784599562525207 0.785447779314546
vn 0.1562230738795383 -0.815410857857746 0.5574042375828543
vn 0.23621673238135557 0.48352157252612366 0.8428573688619799
vn 0.1305863841862486 -0.8751129248088714 0.4659662703432776
vn 0.24934719775046243 0.3825126223587659 0.8896685161958988
vn 0.10331744702272432 -0.923808236580689 0.36865138975241146
vn 0.2593227833865544 0.27669812545672434 0.9253052692951581
vn 0.07474211025438939 -0.9608764198827537 0.2667023109536604
vn 0.2660464334064243 0.16741318507507075 0.949311392923703
vn 0.04522590255108641 -0.9858567049939875 0.1613727825776012
vn 0.2694392972833548 0.05604136668586976 0.9613853703377392
vn 0.015141111031249911 0.9984250275042666 0.054020470285292416
vn 0.015141111031249935 -0.9984250275042666 0.05402047028529243
vn 0.26944272053813106 -0.05604087677026546 0.96138443948289
vn 0.04522994862321711 0.9858567369166311 0.1613714535586561
vn 0.2660547010375905 -0.16741472177158592 0.9493088048627492
vn 0.0747450084231226 0.9608764567006437 0.26670136608994655
vn 0.25931897217051386 -0.2766980775932544 0.9253063517174329
vn 0.1033132550368207 0.9238081658677875 0.3686527417634261
vn 0.010164228044831584 -0.9984250664105899 0.0551731386751
vn 0.18086921991153945 -0.056044462621382046 0.9819090301540525
vn 0.03036303186964439 0.9858569320826773 0.1648156417340733
vn 0.17860218041814258 -0.16742356196368413 0.9695723861833513
vn 0.05016829799006443 0.9608768623955755 0.27239456160065756
vn 0.1740941750721202 -0.27669730472309645 0.9450554585657563
vn 0.06936647018295046 0.9238103039019301 0.3765140305738704
vn 0.16738991886213558 -0.38250838330701714 0.908662727178341
vn 0.08766236529475394 0.8751141780084086 0.47591016500973854
vn 0.15857430715815568 -0.4835317826523265 0.8608433099434383
vn 0.10486481213394488 0.8154161853244629 0.5692976513977673
vn 0.1477784574330994 -0.5784644710656557 0.802209687820725
vn 0.12074755401202894 0.7454682450730568 0.6555128708025566
vn 0.13511264002290865 -0.6661531058876798 0.733474344488093
vn 0.13511307464963335 0.6661531159069857 0.7334742553260727
vn 0.12075167154783618 -0.745468340081631 0.6555120042793582
vn 0.1477744621073661 0.5784643836996597 0.8022104868049603
vn 0.10486637454565229 -0.8154162196176334 0.5692973144799989
vn 0.15857942230803368 0.4835318829293512 0.8608423113504856
vn 0.08766278960678989 -0.8751141863692999 0.47591007147732667
vn 0.16738326518191204 0.3825082745009879 0.9086639986679999
vn 0.06935416633118655 -0.9238101013647828 0.37651679408612815
vn 0.17409403532406892 0.2766973030038402 0.9450554848129198
vn 0.05018354336234894 -0.9608770514330597 0.272391086500474
vn 0.17861034888265725 0.16742215199930272 0.9695711249268606
vn 0.030355267995524602 -0.9858568722855681 0.16481742951592562
vn 0.18087449427012228 0.056044975255038786 0.9819080293343108
vn 0.010164228044831516 0.9984250664105899 0.0551731386751
vn 0.034828066785719265 -0.9238097286321296 0.38126446339594877
vn 0.08740459297132659 0.2766992089787706 0.9569733459600845
vn 0.025193527146665562 -0.9608783979754694 0.27582238939942083
vn 0.08967265072449784 0.16741723147444196 0.9817995143192297
vn 0.015243890113987853 -0.9858568869648434 0.1668946441267093
vn 0.09081890017908832 0.056040305215715326 0.9942894003063647
vn 0.005098360504731793 0.9984250765335669 0.05586925155311426
vn 0.005098360504731782 -0.9984250765335669 0.05586925155311426
vn 0.09081835245132523 -0.05603980486043868 0.9942894785369253
vn 0.01523017679056012 0.9858567829281855 0.16689651065680583
vn 0.08967799945307554 -0.16741874382971492 0.98179876788911
vn 0.02519318054957257 0.9608783937447911 0.27582243579561627
vn 0.08740514802912294 -0.27669921572405604 0.956973293313716
vn 0.03482461302757487 0.9238096726322335 0.3812649145654571
vn 0.08403857200391128 -0.38251478370824854 0.920119534984545
vn 0.04402170254195104 0.8751154980002334 0.48190762067548965
vn 0.0796181977378843 -0.4835312206179955 0.8716986298467163
vn 0.05265282103264875 0.8154181390846639 0.576472843149621
vn 0.07419490014509948 -0.5784686676856962 0.8123232837352348
vn 0.06062572593344379 0.7454721328781282 0.663773922700476
vn 0.06784066441155356 -0.6661553523763092 0.7427211392929344
vn 0.06783586023949299 0.666155243116665 0.7427216760898696
vn 0.060625238718223604 -0.7454721217926251 0.6637739796499709
vn 0.0741981410074531 0.5784687376740978 0.8123229378792489
vn 0.052652098467575334 -0.8154181234549298 0.5764729312536726
vn 0.0796180476781999 0.4835312177135754 0.8716986451637624
vn 0.044015665691077094 -0.8751153808160178 0.4819083848959342
vn 0.0840407903056984 0.3825148195622616 0.9201193174692314
vn 0 0.6661583260669939 0.7458103543204672
vn 0 -0.7454725465919503 0.6665363323013326
vn 0 0.578468096474811 0.8157050087873733
vn 0 -0.8154184122056043 0.5788720178382187
vn 0 0.48353207441721385 0.8753266436078513
vn 0 -0.8751148062000356 0.4839153603363652
vn 0 0.38251341165566793 0.9239499390678813
vn 0 -0.9238105108651389 0.38285002287461245
vn 0 0.2767001253210296 0.9609563156810649
vn 0 -0.9608785576501109 0.27697002987370817
vn 0 0.1674226209120457 0.9858852194890344
vn 0 -0.9858571576509615 0.16758778209752476
vn 0 0.05603931807373112 0.9984285627073333
vn 0 0.9984250716792993 0.05610148163984957
vn 0 -0.9984250716792993 0.05610148163984957
vn 0 -0.056038819138043525 0.9984285907112305
vn 0 0.9858571576509615 0.16758778209752478
vn 0 -0.16742409283258408 0.9858849695269658
vn 0 0.9608785576501108 0.27697002987370817
vn 0 -0.2767001253210296 0.960956315681065
vn 0 0.923810510865139 0.38285002287461245
vn 0 -0.38251341165566793 0.9239499390678815
vn 0 0.8751148062000356 0.4839153603363653
vn 0 -0.4835320744172138 0.8753266436078512
vn 0 0.8154184122056044 0.5788720178382188
vn 0 -0.578468096474811 0.8157050087873734
vn 0 0.7454725465919504 0.6665363323013326
vn 0 -0.6661583260669939 0.7458103543204672
vn -0.08403865481922687 -0.38251258442289116 0.9201204417109183
vn -0.04402191176396616 0.8751142262170195 0.4819099110386014
vn -0.07961819317661215 -0.4835313113979248 0.8716985799076967
vn -0.05265284836101779 0.8154179257911949 0.5764731423560486
vn -0.0741959689752642 -0.5784669591815577 0.8123244027622608
vn -0.06062681125887697 0.7454719209666157 0.6637740615653226
vn -0.06784049623340807 -0.666157422339593 0.7427192980747667
vn -0.0678356743015945 0.6661575318321805 0.742719640291884
vn -0.060625255555822204 -0.7454719562752218 0.6637741640015716
vn -0.07419825892021972 0.5784669097644843 0.8123242287909035
vn -0.05265304820397789 -0.8154179214844086 0.5764731301950476
vn -0.07961907251851995 0.48353129437368764 0.8716985090342859
vn -0.04401583629024079 -0.8751143436641473 0.4819102527119959
vn -0.08404087582604289 0.3825125485007708 0.9201202537874259
vn -0.03482796219403885 -0.923810205113706 0.3812633184259707
vn -0.08740458186324616 0.2766996331136718 0.9569732243401957
vn -0.025192703589896236 -0.9608783633677396 0.2758225851839655
vn -0.08967257226437074 0.16742231114542072 0.9817986552823431
vn -0.015243777342067125 -0.9858570977221306 0.16689340946617087
vn -0.09081890659550483 0.05603904844907082 0.9942894705535807
vn -0.00509836050473179 0.9984250765335669 0.05586925155311426
vn -0.005098360504731778 -0.9984250765335669 0.05586925155311425
vn -0.09081835885318366 -0.05603855092644301 0.9942895486251874
vn -0.01522995286961712 0.9858572017880881 0.16689405686887143
vn -0.08967792223931059 -0.16742374246396008 0.9817979225493411
vn -0.025193192006557175 0.9608783574381276 0.27582256123008986
vn -0.08740513727465768 -0.2766996263544197 0.9569731755662344
vn -0.03482332625471643 0.9238102799240533 0.381263560618111
vn -0.010164228044831506 0.9984250664105899 0.0551731386751
vn -0.010164228044831572 -0.9984250664105899 0.05517313867509999
vn -0.18087793735797855 -0.05603850469179565 0.9819077643898285
vn -0.030363288859170768 0.9858566909534417 0.16481703671642872
vn -0.17860233046157145 -0.16741868473942378 0.9695732007196863
vn -0.05016756846918806 0.9608780233661179 0.272390600582898
vn -0.17409223917129413 -0.276697433258446 0.945055777554168
vn -0.06936721356179838 0.9238086035492249 0.37651806555742173
vn -0.1673877606226633 -0.38251161405757544 0.9086617647424142
vn -0.08766233554570933 0.8751142688188684 0.47591000350516777
vn -0.15857449712567623 -0.4835298843600766 0.860844341209298
vn -0.1048648308388462 0.8154161120224012 0.5692977529442841
vn -0.14777643366424442 -0.5784655469366327 0.8022092848258363
vn -0.12074708227952342 0.7454705733825566 0.6555103098667971
vn -0.13511267076535138 -0.6661529158977006 0.7334745113769426
vn -0.13511310864111095 0.6661529058384715 0.733474439852062
vn -0.12075123837601334 -0.7454704779956121 0.6555096527646659
vn -0.14777430669645908 0.5784655933890261 0.8022096431391627
vn -0.10486641078452927 -0.8154160776043424 0.5692975112131791
vn -0.15857760505017895 0.4835298234441502 0.8608438029146858
vn -0.08766276534536158 -0.8751142604281738 0.4759099397651351
vn -0.16738300887792018 0.3825116919269094 0.9086626072851173
vn -0.0693547321070563 -0.923808807017457 0.37651986562642553
vn -0.17409203573471715 0.27669743576785377 0.9450558142952385
vn -0.05018305171309389 -0.9608778336115699 0.2723884178791332
vn -0.17860852304153288 0.16741716579723329 0.9695723222603583
vn -0.030355397264361005 -0.9858567509633732 0.16481813139598586
vn -0.18087455490345244 0.05603901239927649 0.9819083584926813
vn -0.24934810014418649 0.3825045453907317 0.8896717359284347
vn -0.10331715263713256 -0.9238086886761369 0.36865033934262426
vn -0.25932301758004306 0.27669511149107845 0.9253061049350751
vn -0.07474225301101417 -0.9608762673887935 0.2667028203521992
vn -0.2660490053580185 0.16742005073940366 0.9493094613235585
vn -0.0452260055078801 -0.985856640137565 0.16137314994283553
vn -0.26943651525422707 0.056035686176267654 0.9613864811419047
vn -0.015141111031249925 0.9984250275042665 0.0540204702852924
vn -0.01514111103124995 -0.9984250275042665 0.054020470285292416
vn -0.2694326346972903 -0.05603519759136711 0.9613875971693068
vn -0.045230153263516114 0.9858566080175553 0.1613721836745086
vn -0.26605155827865284 -0.16742150211365062 0.9493084898848791
vn -0.07474522031513596 0.960876230364496 0.2667021221523328
vn -0.25932201524453713 -0.2766951241170891 0.9253063820699287
vn -0.10331286831317232 0.923808759793501 0.368651361817231
vn -0.24933709733348783 -0.38250472958997433 0.889674740416188
vn -0.13059077746962114 0.8751121344403355 0.4659665234704743
vn -0.23622571214242452 -0.4835279809456676 0.8428511758106593
vn -0.15622292863977316 0.8154127669937459 0.5574014854580274
vn -0.22012722730730833 -0.5784601432485349 0.785447558065388
vn -0.17987716654445496 0.7454657681998078 0.6418138307937972
vn -0.20127558150388528 -0.6661492160368292 0.7181457806488811
vn -0.2012680153552783 0.6661493933919264 0.7181477366660123
vn -0.17987484679629193 -0.7454658224974688 0.6418144178640606
vn -0.2201375669985122 0.5784599126859316 0.7854448300239555
vn -0.15621967031790956 -0.8154128393645056 0.5574022927879637
vn -0.23621574735138148 0.4835281804512393 0.8428538541246294
vn -0.13059608798381578 -0.8751120287598315 0.46596523359921965
vn -0.26575075474679133 -0.6661408504468785 0.6968736641009045
vn -0.2657490397562053 0.6661408918108529 0.6968742785654358
vn -0.23750124621091417 -0.7454617912307056 0.6228000287920439
vn -0.29065179507669126 0.5784604912089698 0.7621712367499673
vn -0.2062632679822628 -0.8154099921292366 0.5408900156381847
vn -0.31190607446276214 0.4835161522111494 0.8178794111995695
vn -0.17243507508316816 -0.8751081090353632 0.4521636234612568
vn -0.3292245037249968 0.3825077525912749 0.863307040023769
vn -0.13641998587406004 -0.9238063873607915 0.3577308291516466
vn -0.3424148385051887 0.27669188702750197 0.8978828865863442
vn -0.09869291731599522 -0.9608754350776113 0.2588012873539644
vn -0.3512981103375113 0.16741645956799855 0.9211739068921843
vn -0.05971981043161722 -0.985856312293148 0.1565914293751963
vn -0.3557685271631387 0.056038010260780875 0.9328925428398405
vn -0.01999048110724955 0.9984249798750319 0.052420799561273705
vn -0.019990481107249526 -0.9984249798750319 0.052420799561273705
vn -0.35575919826406677 -0.05603753692302931 0.9328961288943741
vn -0.05971604708528841 0.9858563422147809 0.15659267618698036
vn -0.3512992353311081 -0.16741792164711183 0.921173212141528
vn -0.09869914214318028 0.9608753552731912 0.2587992097530801
vn -0.3424157370201705 -0.27669187534582945 0.8978825475297654
vn -0.13641940789697982 0.9238063972167624 0.3577310241094882
vn -0.3292284935508758 -0.38250768375019073 0.8633055489838375
vn -0.17243213890542392 0.8751081690831121 0.452164626962906
vn -0.3119012344531305 -0.48351625206845317 0.8178811979329819
vn -0.20627042407418145 0.8154098287430747 0.5408875329876325
vn -0.29066008321588815 -0.5784603009419931 0.7621682204467936
vn -0.23749915439741534 0.7454618416085859 0.6228007661893558
vn -0.40637683465889324 -0.38249896733901617 0.8297905809523297
vn -0.21285214398813693 0.8751039157718264 0.43461143726375834
vn -0.3849933566083238 -0.4835134936405299 0.7861264636399066
vn -0.2546036656778967 0.8154074019506531 0.5198920486672824
vn -0.35877114443852226 -0.5784489964052997 0.7325844828250013
vn -0.293173574609605 0.745455361665734 0.5986197114315867
vn -0.32804088882034976 -0.6661335666138196 0.6698173233742967
vn -0.3280417063093762 0.6661335461190676 0.6698169433930953
vn -0.2931730917614871 -0.7454553737416268 0.5986199328678775
vn -0.3587790751485008 0.5784488071420768 0.7325807482806895
vn -0.25461438280305093 -0.8154071479757357 0.5198871984381788
vn -0.3849926172969244 0.4835135094944609 0.7861268159547885
vn -0.21284193084776734 -0.87510413243122 0.4346160027826822
vn -0.40637711989960884 0.3824989622191085 0.8297904436201974
vn -0.1683981418983908 -0.9238040549823316 0.3438431819934358
vn -0.42265214480676916 0.2766867504186448 0.8630235261179202
vn -0.12182492768527357 -0.9608745148196179 0.24875460551443443
vn -0.4336188589532568 0.16741286797848903 0.8854081639533786
vn -0.07371653720572591 -0.9858557049074719 0.15051379087574795
vn -0.4391388552217406 0.056044828871653934 0.8966694167815062
vn -0.02467867781809737 0.998424919847435 0.050384941091496604
vn -0.02467867781809736 -0.998424919847435 0.05038494109149662
vn -0.4391375144134214 -0.0560443337499962 0.8966701043802683
vn -0.07372108368705892 0.9858556674120902 0.15051180967441752
vn -0.4336226716321126 -0.16741430686319445 0.8854060246599552
vn -0.12183037771513831 0.9608744423946152 0.24875221610796663
vn -0.42265544543928285 -0.27668670578234184 0.8630219239879351
vn -0.16839436641573954 0.9238041217408645 0.34384485166137313
vn -0.029152631313984784 0.9984248620932619 0.04793661274560257
vn -0.029152631313984743 -0.9984248620932619 0.04793661274560261
vn -0.5188636785508377 -0.056044878327945365 0.8530178513336628
vn -0.08708528662081416 0.9858553289715238 0.14319714799052116
vn -0.5123495616392173 -0.16740744126611978 0.8423020095528877
vn -0.14393950732400673 0.9608734327056655 0.23665093397608528
vn -0.49939193418307937 -0.2766790751904704 0.8210093698762694
vn -0.19897047873206422 0.9238008723598932 0.32711266685995743
vn -0.48016632798921427 -0.38249286472543614 0.7893918582677959
vn -0.25149970937963867 0.8751020260455366 0.4134541573052016
vn -0.45490299588948424 -0.48350549312836943 0.7478540649387849
vn -0.3008464091712321 0.8153986204244051 0.4945872298177064
vn -0.42391629532068964 -0.5784460410915597 0.6969183252771327
vn -0.34639884802249776 0.7454488953879708 0.5694855419179146
vn -0.38759341581948126 -0.6661264594623552 0.6372180819919772
vn -0.38760103624653236 0.6661262590306377 0.6372136562648845
vn -0.34640246532007085 -0.7454488005296548 0.5694834657907778
vn -0.42390915663185164 0.5784462199176883 0.69692251906981
vn -0.3008421876558545 -0.815398725276612 0.49458962478373514
vn -0.45490013966710624 0.48350555750319724 0.7478557606880953
vn -0.2514961732706497 -0.8751021046343003 0.4134561419241921
vn -0.48016866140416153 0.38249282071154755 0.7893904602346418
vn -0.198976929389292 -0.9238007529063955 0.32710908043095616
vn -0.49939668550820987 0.27667900764104575 0.8210065025529215
vn -0.1439443447935871 -0.9608733654591795 0.23664826463148855
vn -0.5123452773709747 0.16740600850574386 0.842304900301449
vn -0.08709451332461239 -0.9858552495320123 0.14319208329695676
vn -0.5188666133193446 0.056045368490289675 0.8530160339954354
vn -0.5499683809814722 0.38248690194576573 0.7424544092134875
vn -0.2279022841653212 -0.9237969644797543 0.30766819349783436
vn -0.5719905304857804 0.2766779285717849 0.7721891975907341
vn -0.1648785043832829 -0.9608714426739646 0.22257841190462746
vn -0.5868290830138424 0.16739846440191386 0.7922180138352157
vn -0.0997640617360624 -0.9858544970753943 0.13467755040148469
vn -0.5942888592778132 0.05604712186225338 0.8022963740845608
vn -0.03339929904733375 0.9984247957027941 0.04508230416672451
vn -0.03339929904733378 -0.9984247957027941 0.04508230416672445
vn -0.5942966046439695 -0.05604659822373151 0.8022906733448901
vn -0.09977208035748998 0.9858544238891152 0.13467214589290352
vn -0.5868253044786803 -0.16739997023283665 0.7922204945528422
vn -0.16487797700389123 0.9608714504350021 0.22257876906398694
vn -0.5719920641115941 -0.2766779053943462 0.7721880698767338
vn -0.22790748732574326 0.9237968625045225 0.3076646454301607
vn -0.5499660688157796 -0.38248694831687574 0.7424560980411978
vn -0.28805738076313064 0.8750983689538185 0.3888776029064304
vn -0.5210319548746479 -0.48349525926061576 0.7033903868208697
vn -0.3445800223097549 0.8153938670285565 0.4651853929749144
vn -0.48554251869702364 -0.5784335982288117 0.6554868686536904
vn -0.39676125627142345 0.7454400199261626 0.5356301729872994
vn -0.443946417513482 -0.6661224604111745 0.5993266606056405
vn -0.44394523791539653 0.6661224933193869 0.5993274978058369
vn -0.3967618420406129 -0.7454400036403325 0.5356297617508207
vn -0.48554521086015834 0.5784335266408052 0.6554849376367434
vn -0.344580125805419 -0.8153938643048245 0.4651853210860887
vn -0.5210283163966762 0.48349534635164193 0.7033930221214532
vn -0.2880564795997696 -0.875098390155398 0.388878222722768
vn -0.49662081426158683 -0.6661130619555135 0.5564720617734632
vn -0.4966141391282883 0.6661132620105911 0.5564777794229333
vn -0.4438339736224518 -0.7454320886663436 0.4973353044426237
vn -0.5431526300005901 0.5784262751513793 0.6086117520537562
vn -0.3854665551062693 -0.8153874344266046 0.4319246076269619
vn -0.5828437997456615 0.48348391710192007 0.6530975478455135
vn -0.32223307181226396 -0.8750939595890201 0.36107673605653806
vn -0.6152055192116446 0.3824811871096949 0.6893695022545525
vn -0.2549372370996333 -0.9237945288156874 0.2856758191905781
vn -0.639844030130049 0.27667098810031154 0.7169747425471376
vn -0.1844347697660991 -0.960869705986422 0.20667177799325528
vn -0.6564413868447305 0.16739804636344424 0.7355695750308526
vn -0.11159604469926501 -0.9858540112973221 0.12505275373401228
vn -0.664793929757936 0.05603768623433985 0.7449220151656831
vn -0.03735824920138092 0.9984247135533997 0.041862305029938006
vn -0.03735824920138093 -0.9984247135533997 0.04186230502993807
vn -0.6647886796092362 -0.056037205441086195 0.7449267367129213
vn -0.11159720987249816 0.9858539999295538 0.12505180355186002
vn -0.6564446226906187 -0.1673994836237503 0.7355663601763427
vn -0.18443327826312958 0.960869729469605 0.20667299982852874
vn -0.6398456190208044 -0.27667096224844995 0.7169733345588248
vn -0.2549378555647957 0.9237945158373665 0.2856753092390537
vn -0.6152071920847323 -0.3824811510164571 0.6893680293749818
vn -0.3222284672035014 0.8750940756778437 0.3610805639150665
vn -0.5828392964082832 -0.48348403303438725 0.6531014809071413
vn -0.38546241804080583 0.8153875511888262 0.4319280792498032
vn -0.5431473901898548 -0.578426424955494 0.6086162858839351
vn -0.4438383385690883 0.7454319584167118 0.49733160425138584
vn -0.27987013798452215 0.9237915066706703 0.2613081668598542
vn -0.6753527885253531 -0.38247180294236927 0.6305663573209749
vn -0.3537409947510533 0.8750880953303712 0.33028492857470576
vn -0.6398196042056714 -0.48347902032504564 0.5973934306465314
vn -0.4231554701211217 0.8153794546555819 0.39508960127057047
vn -0.5962407759053989 -0.5784208011033101 0.5567102603677544
vn -0.48722359825185724 0.7454262680924282 0.45492070094062353
vn -0.5451674883614724 -0.6661003550404135 0.5090213420365388
vn -0.5451697694783496 0.6661002805679633 0.509018996378528
vn -0.48722636795741003 -0.7454261781434476 0.4549178819363816
vn -0.5962417565756807 0.5784207705366948 0.5567092418195365
vn -0.4231499663758211 -0.8153796235844205 0.3950951472740083
vn -0.6398163751989273 0.483479111030489 0.5973968155459767
vn -0.35374403504403135 -0.8750880119994675 0.33028189312402073
vn -0.6753507453015707 0.3824718510834823 0.6305685164590661
vn -0.2798679670248682 -0.9237915561564704 0.2613103170702876
vn -0.7023969467785505 0.2766631623728124 0.6558170657599915
vn -0.20247286576532555 -0.9608678611370143 0.1890441537386333
vn -0.7206170735054657 0.16739071609403824 0.6728234400925278
vn -0.12251428302150796 -0.9858533696853923 0.11438262077642436
vn -0.7297728509852238 0.056042221355953645 0.6813889163982554
vn -0.0410112162991473 0.9984246406883023 0.03829251890512083
vn -0.04101121629914728 -0.9984246406883023 0.03829251890512081
vn -0.7297749939791055 -0.05604171442679307 0.6813866629212099
vn -0.12250905709880995 0.9858534250359261 0.11438774092399322
vn -0.7206085356942802 -0.1673922801797371 0.6728321951428704
vn -0.20247810911871436 0.9608677714468808 0.18903899365584598
vn -0.7023996181184189 -0.2766631148526088 0.6558142247215684
vn -0.7887098005360145 0.05603793432581035 0.6122063381368547
vn -0.04432204216265006 0.998424578787571 0.034408095724607
vn -0.04432204216265009 -0.998424578787571 0.03440809572460702
vn -0.788713624075477 -0.05603741948029288 0.6122014593381144
vn -0.13240018623930305 0.9858526500170807 0.10278493633844211
vn -0.77880436039307 -0.16739840014282845 0.6045176125328053
vn -0.21882315750658793 0.9608665611089577 0.16985840421213425
vn -0.7591180206702025 -0.2766545878352389 0.5892385507784331
vn -0.3024761135404064 0.923788684518865 0.23478216945159266
vn -0.7298915182890561 -0.38246189298534616 0.5665520911123376
vn -0.38232053499242263 0.8750823223145175 0.2967523170857113
vn -0.6914926841806585 -0.48346766541286795 0.5367465735567015
vn -0.4573281419379643 0.8153753545736744 0.354984509162617
vn -0.6444027069802728 -0.5784123180798216 0.5001843075607472
vn -0.5265838084093535 0.7454169941271072 0.4087334064981841
vn -0.5892002575098416 -0.6660931385204727 0.45734340201459445
vn -0.5892022061880663 0.6660930680238671 0.4573409941757546
vn -0.5265823331046593 -0.745417047168457 0.4087352104391204
vn -0.6443988478062348 0.5784124515274804 0.5001891250956653
vn -0.4573317796932444 -0.8153752311112532 0.35498010616495174
vn -0.6914981369596099 0.483467495330782 0.536739701848083
vn -0.38231535236536085 -0.875082479238939 0.2967585312586345
vn -0.7298914156321249 0.38246189567310995 0.5665522215512564
vn -0.3024781856327333 -0.9237886323696464 0.2347797050874459
vn -0.7591182329562792 0.276654583638915 0.5892382792596854
vn -0.21882709929919855 -0.9608664867794877 0.16985374648898266
vn -0.7788037018865971 0.16739693896648203 0.6045188655057709
vn -0.1324058969732552 -0.9858525833916668 0.10277821883397449
vn -0.407719968003138 -0.8750794785894821 0.2607687363222069
vn -0.7783913575160577 0.3824544921981171 0.49783075029751755
vn -0.3225736284382988 -0.9237852382552407 0.2063179289782117
vn -0.8095521212564006 0.2766495470346271 0.5177744596779545
vn -0.23337032812544367 -0.9608645150575305 0.1492570723747453
vn -0.8305481687581237 0.16739184502624324 0.5311964886849666
vn -0.14120746093920436 -0.9858518707343393 0.0903135756390285
vn -0.8411103917907276 0.0560317350347995 0.5379533004737856
vn -0.04727226379185935 0.9984245091984842 0.0302296627132831
vn -0.04727226379185935 -0.9984245091984842 0.03022966271328305
vn -0.8411121841136161 -0.056031227758540046 0.5379505509352074
vn -0.14121437566937992 0.9858517798658318 0.09030375540185863
vn -0.8305472867407478 -0.16739332609918206 0.5311974010337728
vn -0.2333693118107898 0.9608645366275889 0.14925852255870564
vn -0.8095550804025511 -0.2766494805439561 0.5177698684832658
vn -0.32257793653507266 0.9237851161767582 0.20631173982851356
vn -0.7783849981561635 -0.3824546812559822 0.4978405481987324
vn -0.40771577947016113 0.8750796214977503 0.2607748055514434
vn -0.7374399756601286 -0.4834648273431091 0.4716397385934381
vn -0.48772101703468707 0.8153676224383796 0.311935650129694
vn -0.6872155942369714 -0.5784001601884263 0.43953154805034106
vn -0.5615679285305695 0.7454105403296495 0.35917208690451613
vn -0.6283506248194853 -0.6660863791238627 0.40187613494038726
vn -0.6283467987406891 0.6660865357101444 0.4018818575875086
vn -0.5615684308238859 -0.7454105199281671 0.35917134390485306
vn -0.6872188310739709 0.5784000333735791 0.43952665403905555
vn -0.4877187150017337 -0.8153677106095949 0.31193901893210735
vn -0.737433293180167 0.4834650637725168 0.47164994457848736
vn -0.6622931768178032 -0.6660759880911924 0.34308967636599597
vn -0.662297046165681 0.6660758039898075 0.3430825643770686
vn -0.5919098464722328 -0.7454035908268112 0.30662064580147524
vn -0.7243353000903515 0.578395336946002 0.37522953940507053
vn -0.5140715243523429 -0.8153631626029418 0.26629566447876535
vn -0.7772733483849855 0.48344984867596086 0.4026442421115489
vn -0.4297516825451729 -0.8750740312604526 0.2226183531588844
vn -0.8204266202173582 0.38245589464557955 0.42500311703512483
vn -0.34000294867623126 -0.9237832994354687 0.17613179887682778
vn -0.8532823549186411 0.27663985986678125 0.44201765882980937
vn -0.24597815408896492 -0.9608629358262569 0.1274251398521188
vn -0.8754028443525732 0.16738978241252586 0.45348706800008276
vn -0.1488348096658718 -0.9858515256375707 0.07710362397318327
vn -0.8865410316142368 0.056027693631875576 0.45924492028835523
vn -0.049824004790938445 0.998424438136716 0.02581104178400439
vn -0.04982400479093848 -0.998424438136716 0.025811041784004347
vn -0.8865375704757409 -0.05602721422151156 0.459251660205543
vn -0.14883507527205184 0.9858515216164556 0.07710316268015127
vn -0.8754075103844587 -0.167391174003876 0.4534775469944331
vn -0.2459766384325214 0.9608629729406388 0.12742778573417063
vn -0.8532781286799163 -0.2766399709681355 0.44202574764288305
vn -0.3400023263414235 0.9237833198091081 0.17613289336431057
vn -0.8204288536962249 -0.3824558170860222 0.424998875292349
vn -0.4297490656704922 0.8750741345759246 0.22262299870304406
vn -0.7772715491270415 -0.4834499229231035 0.4026476262730165
vn -0.5140707734264534 0.8153631959313611 0.26629701205481987
vn -0.724338807139408 -0.5783951769684461 0.37522301599382124
vn -0.5919114442111706 0.7454035155012458 0.30661774457821306
vn -0.35461466552726695 0.9237807368744473 0.14449079269174228
vn -0.8556758046320944 -0.38244665317612314 0.34864519908009695
vn -0.44822133265097774 0.8750693170510279 0.18262345772772326
vn -0.8106634028015384 -0.4834456940456805 0.33031062390864974
vn -0.5361559624992019 0.8153579184917861 0.21846795790068724
vn -0.7554625951265038 -0.5783839497743355 0.3078120757997767
vn -0.6173385373683381 0.7453988513738649 0.2515426060341351
vn -0.6907511653399997 -0.6660727084071119 0.28144266680204527
vn -0.6907504922258411 0.6660727470392894 0.28144422740801295
vn -0.6173421980545765 -0.7453986437794509 0.2515342369398241
vn -0.7554637197638874 0.5783838877406327 0.30780943215330847
vn -0.5361575571916437 -0.8153578335752947 0.21846436115232032
vn -0.8106659359138498 0.48344556738675476 0.33030459234322
vn -0.448216135046285 -0.8750695628160269 0.18263503638989428
vn -0.8556736553968605 0.38244674377501603 0.3486503744952277
vn -0.35461714247224024 -0.9237806399083938 0.1444853334953466
vn -0.8899365020571749 0.2766420728598348 0.36260472394889454
vn -0.25654993957196687 -0.9608615304001292 0.10453347742585607
vn -0.9130162403543496 0.16737895082130178 0.372002193099945
vn -0.1552325039260351 -0.9858510540726674 0.06325005066135911
vn -0.9246210170974642 0.05603270129242099 0.37674435779122845
vn -0.05196468601304628 0.9984243892920509 0.021175700091402815
vn -0.05196468601304628 -0.9984243892920509 0.021175700091402863
vn -0.9246226393646085 -0.056032191584834336 0.37674045214261953
vn -0.15522961064446666 0.9858511063205291 0.06325633680317426
vn -0.9130112052566836 -0.1673805181258342 0.37201384547845157
vn -0.25655042843208925 0.9608615161058282 0.10453240903241995
vn -0.8899386912792455 -0.27664200287773794 0.3625994043127724
vn -0.9550435288750462 0.05602902588279426 0.29112300873088687
vn -0.05367690654071106 0.9984243409210763 0.016359253055516068
vn -0.053676906540711083 -0.9984243409210763 0.016359253055516065
vn -0.9550450205002161 -0.056028514228212485 0.2911182138086192
vn -0.16034545027497543 0.9858504787367192 0.04886890781158342
vn -0.9430503553835924 -0.1673877401945344 0.2874671662006765
vn -0.2649982327601284 0.9608603720370712 0.08076683776643674
vn -0.9192169210658729 -0.2766337698627066 0.2802035142494187
vn -0.366290838140838 0.9237778430746822 0.11164908659890697
vn -0.8838326850239043 -0.3824380860465156 0.26940841713746466
vn -0.4629670174536013 0.875068847828537 0.1411242442323559
vn -0.8373386483437535 -0.48344384477485847 0.2552372169946193
vn -0.5538087633396347 0.8153528030897212 0.1688065761217821
vn -0.7803199642544106 -0.5783797835767999 0.2378604198593147
vn -0.6376629607460595 0.7453904841331789 0.19436814208165562
vn -0.7134821644334333 -0.6660661466019537 0.21748353819590108
vn -0.7134798452838997 0.6660663159836729 0.21749062758105364
vn -0.6376595874706975 -0.7453907267116796 0.194378278207556
vn -0.780320957895411 0.5783797135878304 0.23785733030379352
vn -0.553808244215681 -0.8153528380340797 0.16880811043464852
vn -0.8373375286998224 0.48344391656223684 0.2552407541319355
vn -0.46296924423280633 -0.8750687151820307 0.14111776147662836
vn -0.8838323735816443 0.38243810293005553 0.26940941489914033
vn -0.36628902168625604 -0.9237779323997484 0.11165430669423998
vn -0.9192195539430926 0.27663366135707423 0.2801949839894381
vn -0.26499592867189464 -0.960860456549997 0.08077339181841671
vn -0.9430501860036702 0.16738627910087656 0.2874685726252639
vn -0.16034494287453505 -0.9858504902211962 0.048870340956344176
vn -0.4738882376381728 -0.8750649995750353 0.09844381517866233
vn -0.9046676078341181 0.3824332747103482 0.1879396438487996
vn -0.3749249399624602 -0.9237770295527655 0.07789280496178479
vn -0.9408851702972332 0.27663751172452183 0.19546555558873194
vn -0.2712434421807156 -0.9608598799493443 0.05634967770705201
vn -0.9652816434597913 0.16738415871678086 0.20053401758863723
vn -0.16412480852749076 -0.985850161681848 0.03409554131684372
vn -0.9775586705390463 0.056023520040570145 0.20307735190364318
vn -0.05494168506723558 0.9984243025817079 0.011415921171897967
vn -0.05494168506723557 -0.9984243025817079 0.011415921171897912
vn -0.97755557731229 -0.05602306054915465 0.20309236803075925
vn -0.16412318352284133 0.9858502113480271 0.03410192685726404
vn -0.9652828188178223 -0.16738557807444912 0.20052717508557727
vn -0.2712437167263738 0.9608598663044795 0.0563485888181816
vn -0.9408851345180892 -0.2766375138251458 0.1954657248407493
vn -0.37492582328623103 0.923776970473694 0.07788925378757879
vn -0.9046672292717344 -0.3824333038217587 0.1879414068527149
vn -0.4738861011478066 0.8750651735039057 0.09845255334175056
vn -0.8570794269011558 -0.48343750328942897 0.1780534649931584
vn -0.5668663426847336 0.8153498800168042 0.11775874781865449
vn -0.7987150838783775 -0.5783771856492209 0.16593386003357782
vn -0.6526923461387756 0.7453909412132461 0.13559146746418857
vn -0.7303060535330222 -0.6660583590381526 0.1517212263608024
vn -0.7303061154600332 0.6660583527421667 0.15172095591601092
vn -0.6526911745297223 -0.7453910576940457 0.13559646677094356
vn -0.7987152215996565 0.5783771720579118 0.16593324449098318
vn -0.5668656411907602 -0.8153499449103395 0.11776167531117471
vn -0.8570782447449333 0.48343761012907294 0.17805886525987574
vn -0.6623151694377725 0.745390778195847 0.0757047165849303
vn -0.7410770629868437 -0.6660556092879701 0.08470367200319398
vn -0.7410789997620286 0.6660552807253062 0.08468930941768742
vn -0.6623174314252168 -0.7453904085721895 0.07568856478285023
vn -0.8104939860451544 0.5783750682670937 0.09263789177043912
vn -0.5752246957648613 -0.8153486903451048 0.06575000026422163
vn -0.8697211118517295 0.48343105252841023 0.09939620239558908
vn -0.4808801283938577 -0.8750619496966849 0.054962590085834546
vn -0.9180064666172822 0.38243209312459675 0.10492769604443249
vn -0.3804557172136484 -0.9237763547861119 0.04348210640634101
vn -0.9547592826208066 0.2766358866847087 0.10912056839829919
vn -0.2752442661786904 -0.9608594339612404 0.031460166932787505
vn -0.9795161084862422 0.1673771976495076 0.11195118098066834
vn -0.1665461285169086 -0.9858498734599508 0.01903717613062736
vn -0.9919700602156575 0.05603546304011519 0.11338177330428706
vn -0.05575308377336309 0.9984242751263864 0.0063687116523088935
vn -0.0557530837733631 -0.9984242751263865 0.0063687116523089
vn -0.9919713927785082 -0.0560349348341133 0.11337037526269217
vn -0.16654808618988728 0.9858497797529894 0.019024898093512342
vn -0.979515049052606 -0.1673787224038448 0.11195817060816896
vn -0.2752439838205862 0.9608594560235846 0.03146196339446034
vn -0.9547591550549662 -0.27663589990634746 0.10912165102184207
vn -0.3804551677125742 0.923776413051276 0.0434856763879279
vn -0.9180073801560173 -0.3824319705642541 0.10492014996856874
vn -0.48088057393366573 0.8750618916257942 0.05495961642438394
vn -0.8697195699081663 -0.4834312923954278 0.09940852705699292
vn -0.5752252982650563 0.8153486000381389 0.0657458489315029
vn -0.8104953249795813 -0.5783748443430361 0.09262757482203464
vn -0.9607260764754162 -0.27663554168616417 0.021867397105170137
vn -0.3828354412485651 0.9237754942197046 0.008709833704315509
vn -0.9237469896626542 -0.3824255160570788 0.021029116901600784
vn -0.48388583681099046 0.8750618159157106 0.011014320679315369
vn -0.8751520661846859 -0.4834376538160899 0.019922246998508426
vn -0.5788197103002228 0.815348982643409 0.013182544152171878
vn -0.8155642650523225 -0.5783684621396252 0.018570179641300873
vn -0.6664629910374209 0.7453837312725842 0.015171510525153729
vn -0.7457041665389683 -0.6660609390346236 0.016974142061920525
vn -0.7457037555686153 0.6660611555518908 0.016983697940753342
vn -0.6664626330481307 -0.7453838998974384 0.015178950037414903
vn -0.8155644870144197 0.5783683365406809 0.018564342381901914
vn -0.5788200373176644 -0.8153488500177778 0.013176386995871136
vn -0.8751519081567916 0.48343774505603265 0.01992697429779648
vn -0.48388548422814404 -0.8750619339731558 0.011020429413373074
vn -0.92374700846693 0.38242550576127743 0.021028478110143415
vn -0.38283517287536295 -0.9237755644297599 0.008714182231825681
vn -0.9607259833425358 0.2766355847017821 0.021870944360526286
vn -0.27696594590837936 -0.9608590737109286 0.006301212141574245
vn -0.9856366582743655 0.16738302121300833 0.022434394918237587
vn -0.16758646303471633 -0.9858500034882601 0.0038141879491528008
vn -0.9981707519270395 0.05602606776771689 0.022720689423865657
vn -0.05610147278032171 0.9984242555846967 0.0012769541977694563
vn -0.056101472780321716 -0.9984242555846967 0.0012769541977695458
vn -0.9981707857926827 -0.056025568294427376 0.02272043325522194
vn -0.1675864407215432 0.9858500059952671 0.0038145203390041343
vn -0.9856363847238512 -0.16738450023840284 0.022435378054244236
vn -0.2769657903013681 0.9608591028413461 0.006303609256770593
vn -0.16723931216732693 -0.9858500300413638 -0.01143375411845834
vn -0.996102951906994 0.05602581475093854 -0.06811767233006763
vn -0.05598524501997824 0.998424266739221 -0.003825692917890472
vn -0.055985245019978244 -0.998424266739221 -0.003825692917890472
vn -0.9961030226572947 -0.05602531753772033 -0.06811704667554684
vn -0.1672394473590101 0.9858500722961708 -0.011428131985936056
vn -0.9835943245597493 -0.16738575312677892 -0.06726228024704316
vn -0.27639249750159006 0.9608590517094685 -0.01889629786002659
vn -0.9587368459630847 -0.2766327236387214 -0.06555910619417758
vn -0.3820410530780058 0.9237762526646799 -0.026116446462906527
vn -0.9218333076583124 -0.38242649186224054 -0.06303436533887885
vn -0.48288016121941685 0.8750633011046829 -0.03302981926207642
vn -0.8733403139892961 -0.4834353218843459 -0.059724245626520345
vn -0.5776230358063702 0.8153473702559609 -0.039500561040596766
vn -0.8138723724564728 -0.5783719028772021 -0.05565701496017153
vn -0.665078625236132 0.7453872269710278 -0.04547861170328723
vn -0.7441625294879042 -0.666057182623866 -0.05089164156639219
vn -0.7441624182870427 0.6660571302851775 -0.05089395254305595
vn -0.6650783367132876 -0.7453870751164998 -0.04548531943337711
vn -0.8138722703660657 0.5783718615075978 -0.05565893769577238
vn -0.5776231204939087 -0.8153474181538733 -0.039498333897675174
vn -0.8733403421351651 0.48343533129920013 -0.05972375784280326
vn -0.4828804354412678 -0.8750634592486453 -0.033021619521856706
vn -0.9218329315545061 0.3824263935934442 -0.06304046148893494
vn -0.3820405886176792 -0.9237759986164331 -0.02613222204232448
vn -0.9587369299825569 0.2766327393548567 -0.06555781116426737
vn -0.2763925504574861 -0.9608590761260044 -0.018894281618722624
vn -0.9835948010643107 0.16738430701715568 -0.06725891081221579
vn -0.47787438904011326 -0.87506600183188 -0.07678255490348473
vn -0.912280977726838 0.38243211138642086 -0.14659160227751386
vn -0.3780868019206062 -0.9237750166784559 -0.060746100896824334
vn -0.9488060786785313 0.2766332038030321 -0.15245030539929677
vn -0.27352707943515386 -0.9608596123575366 -0.043951588774468586
vn -0.9734061794483088 0.16738282130619325 -0.15640780333291
vn -0.1655065886123914 -0.9858501255497687 -0.02659133466740615
vn -0.9857849467439015 0.0560264906608811 -0.1583953001744356
vn -0.05540493309398494 0.998424295121982 -0.008900578578090807
vn -0.05540493309398493 -0.998424295121982 -0.008900578578090882
vn -0.9857849196959864 -0.05602599096021771 -0.15839564525864766
vn -0.16550697122950045 0.985850150553766 -0.02658802601838907
vn -0.9734061682888586 -0.1673843041259242 -0.15640628590143846
vn -0.27352765779281774 0.9608596721301831 -0.04394668242600706
vn -0.9488053536908746 -0.2766331473129062 -0.1524549199445215
vn -0.378086014976148 0.9237749114146198 -0.060752599288981246
vn -0.9122824794803127 -0.3824322701629439 -0.1465818418879701
vn -0.4778748643065985 0.8750660755187668 -0.07677875708901533
vn -0.8642922928952227 -0.4834367106986497 -0.13888044927486576
vn -0.5716371841869443 0.8153495515640735 -0.09184790917100835
vn -0.8054396310969135 -0.5783751032183708 -0.12941885734160471
vn -0.6581905482462207 0.7453864351627042 -0.10575568294316547
vn -0.7364527778303549 -0.6660600756094011 -0.11832701173085076
vn -0.7364522219951107 0.66605998504548 -0.1183309808954497
vn -0.6581904899077169 -0.7453864252981004 -0.10575611555063466
vn -0.8054407117206147 0.5783752646908159 -0.1294114102265278
vn -0.5716370962649936 -0.8153495369040834 -0.09184858651075208
vn -0.8642930369149584 0.48343680740250755 -0.1388754823170357
vn -0.6458457029492154 0.7453896011068387 -0.16515953058731392
vn -0.7226386888986911 -0.6660651364589059 -0.18479869940224122
vn -0.7226388461571189 0.6660651520210722 -0.18479802836571033
vn -0.6458456071780883 -0.7453895914216893 -0.16515994880410298
vn -0.7903377020850753 0.5783747709430663 -0.20211120948487363
vn -0.5609156607494147 -0.8153516933052193 -0.14344071162107114
vn -0.8480891590390227 0.48343678596092127 -0.21687243324188948
vn -0.4689112743784059 -0.8750672013994589 -0.1199150107190011
vn -0.8951761478976727 0.3824418641391962 -0.22890584262709626
vn -0.37099355428256603 -0.9237771004850933 -0.09486649197763447
vn -0.931016620498523 0.2766328236963803 -0.23808051833209082
vn -0.2683963070427034 -0.9608599571319368 -0.06864084167790921
vn -0.9551560359672826 0.1673848152599663 -0.24425247301850272
vn -0.16240127321446257 -0.985850313087349 -0.04153295852569899
vn -0.9673030153326164 0.056027341212905875 -0.24735766324300706
vn -0.05436489646475242 0.9984243242328548 -0.01390420125516269
vn -0.05436489646475242 -0.9984243242328548 -0.013904201255162627
vn -0.967301593706424 -0.05602682754710183 -0.24736333885202075
vn -0.16240081667997655 0.9858502963459026 -0.041535140981739556
vn -0.9551560379822286 -0.16738629430083155 -0.2442514515541864
vn -0.26839639030557777 0.9608599619981868 -0.06864044798643952
vn -0.9310168515590729 -0.27663283511134146 -0.23807960150187768
vn -0.3709909037352252 0.9237768977152269 -0.09487883111291236
vn -0.8951739238175531 -0.3824417160962996 -0.22891478743498203
vn -0.46891335828694625 0.8750673888131031 -0.11990549385193089
vn -0.8480908206744195 -0.4834369205559023 -0.2168656352011904
vn -0.560915100759165 0.815351638295895 -0.14344321409023122
vn -0.790339263361382 -0.5783749146126181 -0.20210469300893258
vn -0.9055171435592014 -0.2766371588395344 -0.32173060946943605
vn -0.3608256701293784 0.9237803329645417 -0.12819801949954548
vn -0.8706565951218412 -0.38243986987684747 -0.309349057376004
vn -0.4560656348647123 0.8750681511165171 -0.1620489666642995
vn -0.8248548182722758 -0.48344591016117444 -0.29307777247932826
vn -0.5455486318426402 0.8153558440764003 -0.19383378917279703
vn -0.7686882078769076 -0.5783831776971391 -0.27311414981276266
vn -0.6281541224722518 0.745393715549393 -0.2231829008696365
vn -0.7028431622510916 -0.6660700051147387 -0.24972432313120357
vn -0.7028440353974198 0.6660700674621618 -0.24972169937196492
vn -0.6281537287324314 -0.7453936869881944 -0.22318410444673006
vn -0.7686866053558054 0.5783830705513486 -0.2731188870183861
vn -0.5455488007411222 -0.8153558558930408 -0.19383326409791002
vn -0.8248571694694576 0.48344604927628554 -0.2930709255691972
vn -0.4560680669956382 -0.8750683059602001 -0.1620412853898907
vn -0.87065583135317 0.3824398325788167 -0.30935125308911743
vn -0.3608227637547222 -0.923780176471357 -0.1282073270720218
vn -0.9055157091416743 0.2766371066256797 -0.3217346915323604
vn -0.26104483414704277 -0.9608608761698734 -0.09274681240455741
vn -0.9289958398584601 0.16738819664662022 -0.3300725998156569
vn -0.15795312051845423 -0.9858507083365681 -0.0561176673675063
vn -0.9408078317504318 0.056022806194924904 -0.33427843020915565
vn -0.05287555471499744 0.9984243593770858 -0.018787610705926838
vn -0.05287555471499744 -0.9984243593770858 -0.018787610705926893
vn -0.9408088008469097 -0.05602231457602042 -0.33427578512142553
vn -0.1579515061664306 0.9858506670282887 -0.05612293666260117
vn -0.9289928030756379 -0.16738960539880693 -0.3300804323768693
vn -0.26104557627011715 0.9608609065330574 -0.09274440902972801
vn -0.15219083682183637 -0.9858512757730848 -0.07025105866853773
vn -0.9065189852676122 0.056026883243002264 -0.41843078006219125
vn -0.05094885862752173 0.9984244154527306 -0.02351383491534823
vn -0.05094885862752173 -0.9984244154527306 -0.02351383491534815
vn -0.9065196796611579 -0.056026388454583916 -0.4184293419249751
vn -0.15219503208252555 0.9858513587147016 -0.07024080530415415
vn -0.8951354358099193 -0.16738531414193616 -0.4131763644825188
vn -0.2515240278408682 0.9608619732413162 -0.11610310847479662
vn -0.8725099631564591 -0.27664490229455957 -0.4027331153843049
vn -0.34767324482116174 0.923781405046537 -0.16047189948950652
vn -0.8389218968791433 -0.38244692951360965 -0.3872265448575448
vn -0.43943551734518616 0.8750729730078544 -0.2028391431818907
vn -0.7947915067018662 -0.483447033858198 -0.36685886431744824
vn -0.525657711130273 0.8153605460957409 -0.2426337787690278
vn -0.7406635117777948 -0.5783921774174404 -0.3418772461327261
vn -0.6052530757733475 0.745398651006526 -0.27937352298411106
vn -0.6772212405739679 -0.6660750980817085 -0.31259455374478046
vn -0.6772234181209897 0.6660752205326314 -0.31258957522753344
vn -0.6052543985672464 -0.7453987262862537 -0.27937045632248186
vn -0.7406630514208181 0.578392153099281 -0.3418782846177577
vn -0.5256577077482242 -0.815360545910796 -0.24263378671761965
vn -0.7947904241362477 0.4834469830686402 -0.3668612765926022
vn -0.4394368960282109 -0.8750730413847485 -0.20283586135281326
vn -0.8389211582532241 0.38244690084451405 -0.38722817339327953
vn -0.347669523711122 -0.9237812494884865 -0.16048085672743728
vn -0.8725111383875248 0.2766449363673054 -0.40273054586414864
vn -0.25152741719144833 -0.9608620806639061 -0.11609487647277408
vn -0.8951355808072612 0.1673838410753605 -0.41317664711319996
vn -0.7581414601263644 0.4834557353778317 -0.4375980785695296
vn -0.41916939941107006 -0.875077620056431 -0.24194250034612655
vn -0.800236806085173 0.38245386536706866 -0.4618983600884397
vn -0.3316383896744496 -0.9237827962474404 -0.19141923584477655
vn -0.8322777216017515 0.2766483421534545 -0.4803951383071469
vn -0.23992040142919543 -0.9608639545592317 -0.1384870456282783
vn -0.8538642192552552 0.16738725387198045 -0.4928462258319633
vn -0.14517250392586536 -0.9858516132540266 -0.08379463436478407
vn -0.8647205922853501 0.05602861538866737 -0.49911831416539115
vn -0.04859686555420035 0.9984244789511029 -0.028051817936201803
vn -0.048596865554200314 -0.9984244789511029 -0.02805181793620179
vn -0.8647250963753019 -0.05602813934454745 -0.49911056420427846
vn -0.14517089050533832 0.9858515870634008 -0.08379773764524319
vn -0.8538615102564168 -0.16738868811391117 -0.4928504320725862
vn -0.23992169832475072 0.9608639883256389 -0.1384845645258484
vn -0.8322813937011292 -0.27664843117947735 -0.4803887251225199
vn -0.33163461692512675 0.9237826664795292 -0.19142639830727545
vn -0.8002356972089072 -0.382453829394744 -0.46190031099131146
vn -0.4191698105512189 0.8750776368591128 -0.2419417272640792
vn -0.758140287241131 -0.4834556895126264 -0.4376001612657458
vn -0.5014155869551226 0.8153659319242128 -0.28941459226481675
vn -0.7065095080221846 -0.5784000154653178 -0.4077961956467606
vn -0.5773362040559821 0.7454057551870725 -0.3332464067626532
vn -0.6459947395243294 -0.6660804072323211 -0.37286416777174924
vn -0.6459920562962062 0.6660802819984489 -0.3728690401938272
vn -0.5773385982236527 -0.7454058680630787 -0.3332420064431793
vn -0.7065108898748441 0.5784000762008091 -0.4077937154238086
vn -0.5014117342612344 -0.8153657578817468 -0.28942175733532244
vn -0.3128534714129807 -0.9237866267796071 -0.22077357995920227
vn -0.7851499247178221 0.27665949322549643 -0.5540750134447594
vn -0.2263320827660637 -0.960865345319988 -0.1597234374594918
vn -0.8055089485361703 0.16738633184168925 -0.5684515368443801
vn -0.13695154972169885 -0.9858522934678757 -0.09664123598627347
vn -0.8157566956436805 0.05603727908634641 -0.5756742454419017
vn -0.04584450280703262 0.9984245390686588 -0.03235307323751962
vn -0.04584450280703263 -0.9984245390686588 -0.03235307323751963
vn -0.8157548821105773 -0.05603677209778428 -0.5756768646433685
vn -0.13694833083340202 0.9858522488844631 -0.09664625213318813
vn -0.8055130050490265 -0.16738785886665483 -0.5684453389736996
vn -0.22633648383806215 0.9608654431786744 -0.159716612125579
vn -0.7851456764883346 -0.2766594040106946 -0.5540810778795128
vn -0.31284975769004636 0.9237865175397383 -0.22077929958463527
vn -0.7549228930537076 -0.3824594817229424 -0.5327440007955403
vn -0.39543007241164 0.8750819290197995 -0.27904600935242213
vn -0.7152117752722431 -0.4834621070013778 -0.5047142831401888
vn -0.4730167996166421 0.8153693407518098 -0.3338082465164529
vn -0.6664963480623407 -0.5784068048914196 -0.47034900454328843
vn -0.5446405640317245 0.7454147143651833 -0.384348227027363
vn -0.6094055890657387 -0.666090737649819 -0.43005576060850553
vn -0.6094078320298656 0.6660908278115487 -0.4300524425764666
vn -0.5446411714868047 -0.7454147389662781 -0.3843473185197427
vn -0.6664984042310167 0.5784068828267676 -0.47034599504633856
vn -0.47301873998632 -0.8153694159663637 -0.33380531321179646
vn -0.7152055651547812 0.4834618972470337 -0.5047232840695273
vn -0.3954259354257736 -0.8750817841733768 -0.2790523259186197
vn -0.7549257742840552 0.38245956249518215 -0.5327398599481868
vn -0.5074266571552947 -0.7454225256074056 -0.4322770476503233
vn -0.6209714556670368 0.5784140215713174 -0.5289911822483028
vn -0.4407006087730274 -0.8153766894171882 -0.37542486303140504
vn -0.6663466758589723 0.4834773812226982 -0.5676545863619351
vn -0.36841296160484277 -0.8750851953433103 -0.31384357666281626
vn -0.703348608799397 0.3824634918436975 -0.5991847894486965
vn -0.2914695142468409 -0.9237903640680487 -0.24830804562021858
vn -0.7315186287847828 0.27665957066654534 -0.6231693009924621
vn -0.21087223225372753 -0.9608666655050464 -0.17963338438481757
vn -0.7504891497724234 0.16739617796216563 -0.6393313348159341
vn -0.12758715684403152 -0.9858530066687072 -0.10869851264265944
vn -0.7600320349038467 0.056035704303885214 -0.6474652930953795
vn -0.042714079756902834 0.9984246164156309 -0.03638396248103958
vn -0.042714079756902903 -0.9984246164156309 -0.036383962481039624
vn -0.7600294656644301 -0.056035195260174454 -0.6474683530598198
vn -0.12759626038622005 0.9858531174703513 -0.10868682123165573
vn -0.7504867662412655 -0.16739762434701325 -0.6393337540437736
vn -0.21086272128076267 0.9608664794661297 -0.1796455438145828
vn -0.7315179851526642 -0.2766595586612447 -0.6231700618607668
vn -0.2914775963660757 0.9237905733020815 -0.24829777988308105
vn -0.7033550197547853 -0.3824636513674605 -0.5991771620884888
vn -0.3684063531411613 0.8750849914809817 -0.31385190241570987
vn -0.6663427049073466 -0.4834772623311601 -0.5676593489281467
vn -0.4407010357728078 0.8153767040131444 -0.37542433008721726
vn -0.6209672506632485 -0.5784138804785006 -0.5289962726461587
vn -0.5074311953060825 0.745422687966062 -0.432271440527467
vn -0.5677773620651397 -0.6660976194416698 -0.48367636752325605
vn -0.5677708653957781 0.6660973884983895 -0.4836843117606304
vn -0.33833533606178423 0.8750918562635905 -0.3460396559255933
vn -0.6119656976698474 -0.4834822220572275 -0.6258937017018648
vn -0.40472506376460515 0.8153827324686299 -0.41394277666451335
vn -0.5702916087034284 -0.5784193471964604 -0.5832654111391111
vn -0.46601148029295625 0.7454280609555968 -0.47662386236438775
vn -0.5214275503912821 -0.6661108202577626 -0.5333007451977523
vn -0.5214359895253818 0.6661110912037251 -0.5332921553923968
vn -0.46601949246366325 -0.7454283194783375 -0.47661562412872227
vn -0.570285672516292 0.5784191670355654 -0.5832713938884054
vn -0.4047255458015965 -0.8153827473274946 -0.41394227609205
vn -0.6119687352781781 0.48348230435101536 -0.6258906681054284
vn -0.3383346838101711 -0.8750918381453209 -0.34604033947289337
vn -0.6459494909234927 0.3824782095476182 -0.6606509474729669
vn -0.26768233922049256 -0.9237921197642824 -0.27377780174962896
vn -0.6718171375235266 0.2766648323891826 -0.6871086553440879
vn -0.19365363877287906 -0.9608692334094575 -0.19806207228327405
vn -0.6892380829081421 0.16739728538250243 -0.7049319214758812
vn -0.11717723192268292 -0.9858533889519981 -0.11984403118553029
vn -0.698007400965959 0.05603412036238493 -0.7138948420824741
vn -0.03922299994488283 0.9984246887009058 -0.040121032736247036
vn -0.039222999944882826 -0.9984246887009058 -0.04012103273624707
vn -0.6980085752832202 -0.05603362556020897 -0.7138937327345488
vn -0.11716955969894903 0.985853304957659 -0.11985222310835748
vn -0.6892409022805339 -0.16739878844154674 -0.7049288079315654
vn -0.1936541815308257 0.9608692429525584 -0.19806149530740022
vn -0.6718143234857027 -0.2766647848221854 -0.6871114258973879
vn -0.26768320529976103 0.9237921399363942 -0.273776886884528
vn -0.6459488568807048 -0.3824781952592648 -0.6606515756779261
vn -0.6301939471982536 -0.056036343975854004 -0.7744130145268121
vn -0.1057900414061391 0.9858542025659708 -0.12999984008567556
vn -0.6222798438548708 -0.1674064041759312 -0.7646848316612818
vn -0.17484060774876098 0.9608710097964945 -0.21484334854658388
vn -0.6065477821814343 -0.27666768490380467 -0.7453554722820196
vn -0.24166687001646195 0.9237949872558856 -0.2969847562709989
vn -0.5831868817662972 -0.38248551963917654 -0.7166574413218997
vn -0.30546872144234416 0.8750965384947572 -0.3753597055290747
vn -0.5525115705694599 -0.4834881302151852 -0.6789478568549229
vn -0.36540331265914255 0.8153892699100453 -0.4490220012574976
vn -0.5148729598263113 -0.5784326330773364 -0.6327096681977551
vn -0.4207328504654728 0.7454403309677123 -0.5170131347518607
vn -0.47076888506733783 -0.6661142195536928 -0.5785054047810018
vn -0.47076424067861916 0.666114082511378 -0.5785093419974375
vn -0.42072613905305545 -0.7454401321065092 -0.517018882984499
vn -0.5148762825409664 0.5784327258132578 -0.6327068795145503
vn -0.36540330628467665 -0.8153892697298759 -0.4490220067720584
vn -0.5525044819835998 0.48348795341573214 -0.6789537512157223
vn -0.30546286675056944 -0.8750963894825892 -0.37536481741242167
vn -0.5831939718045196 0.38248566675566464 -0.7166515931590078
vn -0.241678587630598 -0.9237952372292061 -0.296974443266612
vn -0.6065432217416855 0.27666761386660266 -0.7453592097751104
vn -0.1748318497440202 -0.9608708688500796 -0.21485110590913378
vn -0.6222785517019368 0.16740491842084554 -0.7646862084412468
vn -0.10579264485171234 -0.9858542286232956 -0.1299975238258256
vn -0.6301953905801599 0.056036847662812944 -0.7744118034970375
vn -0.03541404810109704 0.9984247533450278 -0.043518468550876925
vn -0.03541404810109704 -0.9984247533450278 -0.043518468550876925
vn -0.21365697228039493 -0.9238000117229019 -0.3177172273213103
vn -0.5362532294275741 0.2766779584952354 -0.797421959323548
vn -0.15457812277590052 -0.9608719341101138 -0.22984936414653842
vn -0.5501577800710109 0.16741026986784446 -0.8181077059715993
vn -0.09352467050311403 -0.9858549209888167 -0.13907987190610313
vn -0.5571563290725129 0.05603657609538985 -0.8285147718139657
vn -0.031311421972760295 0.9984248320673174 -0.04655587573435824
vn -0.03131142197276029 -0.9984248320673174 -0.04655587573435821
vn -0.557153752358533 -0.056036069262073794 -0.8285165388659798
vn -0.09353422359101311 0.9858550097763997 -0.1390728180343001
vn -0.5501576726813229 -0.16741174197534953 -0.8181074769482611
vn -0.15456792425174345 0.9608717815857045 -0.22985686012129777
vn -0.5362490270486088 -0.27667789734459197 -0.7974248065557005
vn -0.21366634847862892 0.9238001976091671 -0.3177103813618198
vn -0.5156049976125854 -0.38248624461198905 -0.7667175223767512
vn -0.2700558758053452 0.8750996678907403 -0.40158485429672774
vn -0.4884692393290467 -0.4835019112289613 -0.7263771087164328
vn -0.3230467104472805 0.815395394028014 -0.48038648426770997
vn -0.4552084319299595 -0.5784393583266542 -0.6768996914155863
vn -0.3719662169703255 0.7454446237461051 -0.5531305870776021
vn -0.4162024918907177 -0.6661249934779486 -0.6189127392516333
vn -0.41620879423499246 0.6661251668194946 -0.6189083144789334
vn -0.3719715001537828 -0.7454447695477915 -0.5531268377390348
vn -0.4552007680946315 0.578439158858378 -0.6769050156597083
vn -0.3230473527760733 -0.8153954109300454 -0.4803860236295326
vn -0.4884776299050111 0.48350210655518383 -0.7263713361904385
vn -0.2700551385952157 -0.8750996504318301 -0.40158538809623995
vn -0.515599578078589 0.38248613952018484 -0.7667212193229862
vn -0.3581856696007054 0.6661295499875023 -0.6541975609295269
vn -0.32011219402537366 -0.7454539396607822 -0.5846593940752859
vn -0.39174855165331884 0.5784521313279428 -0.7154901844467803
vn -0.278019764776771 -0.8154013501488424 -0.5077653479402806
vn -0.42037949703143374 0.4835029570341766 -0.7677929206594744
vn -0.23241107211597586 -0.8751038214557703 -0.42447425744255723
vn -0.44373258981213926 0.38249836439806806 -0.810429756346233
vn -0.18386989097080128 -0.9238015340694122 -0.3358311909953966
vn -0.4615019620015622 0.27667920916982064 -0.8428905944912847
vn -0.13301464710971486 -0.9608740735694408 -0.242957029938109
vn -0.47348079633974566 0.16741390510687118 -0.8647476625434427
vn -0.08049011020447146 -0.9858553026742003 -0.14700566094009213
vn -0.479494982194396 0.05603505419799492 -0.8757537523478983
vn -0.026941727921595073 0.9984248984515162 -0.0492124521709551
vn -0.026941727921595056 -0.998424898451516 -0.04921245217095509
vn -0.4794968100850774 -0.056034560551031475 -0.8757527831198073
vn -0.08048203667951924 0.9858552319797079 -0.1470105552338087
vn -0.4734715294775556 -0.1674152988876729 -0.8647524665894488
vn -0.1330235038101056 0.9608741983181217 -0.24295168746191023
vn -0.461510635051998 -0.2766793286118496 -0.8428858065318205
vn -0.18386364446503717 0.923801417331491 -0.3358349320430539
vn -0.44372976705807166 -0.38249831267471995 -0.8104313262871702
vn -0.2324046632279617 0.8751036784362087 -0.42447806126738086
vn -0.4203858090255485 -0.48350309596962904 -0.7677893772107809
vn -0.2780162988917015 0.8154012641705212 -0.5077673836902843
vn -0.3917442182710234 -0.5784520247271709 -0.715492643246778
vn -0.32011964693274003 0.7454541337480028 -0.5846550659368929
vn -0.3581884517710674 -0.6661296222237508 -0.6541959640764292
vn -0.36818751117931364 -0.38250230093224163 -0.8474254813215871
vn -0.19284724706876719 0.8751089786178782 -0.4438403033078138
vn -0.34881651577839684 -0.4835147220980864 -0.8028328293204194
vn -0.23068203353784814 0.8154076553642137 -0.5309389371446394
vn -0.32505556419219406 -0.5784563679782542 -0.7481491231920954
vn -0.26561812622606545 0.7454571988986833 -0.6113432551605381
vn -0.2972055795966248 -0.6661378668625372 -0.6840534962913816
vn -0.2972055701216496 0.6661378666276575 -0.6840535006367692
vn -0.2656152213086867 -0.7454571267224042 -0.6113446052987749
vn -0.3250539743794793 0.578456330626918 -0.7481498428107477
vn -0.23068352775008988 -0.8154076907059024 -0.5309382336604146
vn -0.3488148457668577 0.4835146869869069 -0.8028335760545874
vn -0.19284080448969157 -0.8751088416211668 -0.4438433726442568
vn -0.36819062716694806 0.3825023555481941 -0.8474241028354648
vn -0.15257334890302815 -0.9238048760126291 -0.35114943294814793
vn -0.38293334350256053 0.27669176267161305 -0.8813646934746284
vn -0.11037486314115284 -0.9608748028179295 -0.25404134091949887
vn -0.39286845578628815 0.16740855553394735 -0.9042282632068822
vn -0.06678451224529966 -0.9858559784226474 -0.15371343055335868
vn -0.3978611258864063 0.05603764704084191 -0.9157326611094131
vn -0.022357358772535033 0.9984249501163457 -0.05145646211982239
vn -0.022357358772535016 -0.9984249501163457 -0.05145646211982242
vn -0.39786077601282255 -0.056037147120280614 -0.9157328437121248
vn -0.06678662226032032 0.9858559959979895 -0.1537124010672837
vn -0.3928635805384324 -0.16740998832286597 -0.9042301161188234
vn -0.11037447727101403 0.9608747976440999 -0.254041528139713
vn -0.38293448975330896 -0.27669177776390896 -0.8813641907152916
vn -0.15256726893286585 0.9238047678655975 -0.35115235912514686
vn -0.017581793414903433 -0.9984249977996089 -0.05327667697188749
vn -0.31293335572174624 -0.05603762866760939 -0.9481205087171346
vn -0.05252107899846362 0.985856329613001 -0.15915034911309234
vn -0.308994536826673 -0.16740876694375595 -0.9362140145082433
vn -0.08680846312570578 0.960875953127882 -0.2630241308898058
vn -0.30117630402826046 -0.2766970107744618 -0.9125412857073122
vn -0.11999707853540148 0.9238079243044592 -0.3635651525315031
vn -0.28958465042931447 -0.3825051515444773 -0.8773998742179464
vn -0.151660522677954 0.8751106029160248 -0.45954381567485114
vn -0.2743379303669689 -0.48352119842634717 -0.831231586643769
vn -0.1814251169576415 0.8154124134882229 -0.5497158564806162
vn -0.2556524133845688 -0.5784636724101001 -0.7746106268522698
vn -0.20890907946821324 0.7454611131534948 -0.63296502691041
vn -0.23375644907314144 -0.6661437731789398 -0.7082445876755015
vn -0.23375201104936574 0.6661436670627331 -0.7082461522398775
vn -0.20890629693856524 -0.7454610464903891 -0.6329660237839548
vn -0.25565975034499683 0.5784638387156086 -0.774608081130023
vn -0.18143199942057084 -0.8154125703680497 -0.5497133522773704
vn -0.274339421069996 0.48352122870798575 -0.8312310770391705
vn -0.15166473301065997 -0.8751106891849503 -0.4595422618596103
vn -0.2895761606651084 0.38250500777444474 -0.8774027388844462
vn -0.11998655103348865 -0.9238077439894974 -0.3635690852040686
vn -0.3011823588424643 0.2766970878090154 -0.9125392639881854
vn -0.08681236491816105 -0.9608760034690095 -0.2630226592039936
vn -0.30898987849209064 0.16740725777559184 -0.936215821823953
vn -0.05252542399527677 -0.9858563644570701 -0.1591486993148386
vn -0.31292512560057645 0.056038105594249404 -0.9481231968944074
vn -0.017581793414903357 0.9984249977996089 -0.05327667697188752
vn -0.08642929754963405 -0.923808145395874 -0.3729725017012818
vn -0.21692694441453594 0.2766957737494959 -0.9361528452000456
vn -0.06252328130230082 -0.9608770979010135 -0.2698259476487013
vn -0.22255697787975065 0.1674129670925453 -0.9604380719475372
vn -0.03783667287491472 -0.9858568165119481 -0.16326274382933736
vn -0.22538859659458046 0.05604543875131906 -0.9726555861764726
vn -0.012668843546839451 0.9984250408324145 -0.05465288868831637
vn -0.01266884354683939 -0.9984250408324143 -0.05465288868831639
vn -0.2253858024805315 -0.056044932440206696 -0.9726562628122948
vn -0.037844693749051216 0.9858568788821748 -0.16326050813267082
vn -0.2225574105162766 -0.16741444270041325 -0.9604377144820999
vn -0.06253245502611429 0.9608772128801661 -0.2698234123200781
vn -0.21692936518049769 -0.2766958037849332 -0.936152275375217
vn -0.08642440904269562 0.9238080640163934 -0.3729738360527506
vn -0.20857263665137554 -0.3825154523054011 -0.9000996522540644
vn -0.10924376665235391 0.8751139268937024 -0.4714248767346609
vn -0.19760236919788954 -0.4835240619229193 -0.8527354720128288
vn -0.13067481470626527 0.8154174914485512 -0.5639312080752715
vn -0.18414819471807853 -0.5784642598279448 -0.7946499496531669
vn -0.15046596859374664 0.7454640606230482 -0.6493406860920868
vn -0.1683631594076307 -0.6661505910672315 -0.7265653697879214
vn -0.16836326314795477 0.666150593482198 -0.7265653435345564
vn -0.1504682522944581 -0.7454641138618566 -0.6493400957861823
vn -0.18414048269906547 0.5784640894960533 -0.7946518607508934
vn -0.13067478801224436 -0.8154174908565318 -0.5639312151168729
vn -0.197608308045988 0.4835241794856182 -0.8527340291345019
vn -0.10923940821476678 -0.8751138401079562 -0.47142604780007014
vn -0.20857767941201255 0.3825155355461211 -0.9000984483471596
vn -0.10158580509964735 0.6661536693161557 -0.7388637310484786
vn -0.09078821300234687 -0.7454678202517776 -0.6603296368851725
vn -0.11110170516481867 0.5784718887899483 -0.8081006651335337
vn -0.07884069351105681 -0.8154195563498775 -0.5734763222390833
vn -0.11921949399738978 0.4835231478609333 -0.8671747676989113
vn -0.06591420862154684 -0.8751148630988916 -0.4794051454513225
vn -0.1258480878203223 0.3825143850298764 -0.9153387373192419
vn -0.05214471004100375 -0.923809872531439 -0.37928386286287763
vn -0.13088779686970456 0.27670027787172724 -0.9520007042309916
vn -0.03772565430021795 -0.9608771969558939 -0.2743934900426851
vn -0.1342755243046771 0.16741470315955015 -0.9766997495334501
vn -0.022824659452057416 -0.9858569567916023 -0.1660273943254495
vn -0.13599637658669878 0.05604348125854338 -0.9891229012431734
vn -0.007636784747192248 0.998425065783719 -0.05557938047065043
vn -0.007636784747192258 -0.998425065783719 -0.05557938047065042
vn -0.135986284264667 -0.05604295634025693 -0.9891243185447083
vn -0.022812988445800254 0.9858568676534669 -0.16602952767103324
vn -0.13428802083610483 -0.16741626997073414 -0.9766977628770368
vn -0.0377223976201968 0.9608771569303179 -0.2743940779377227
vn -0.130880078471842 -0.27670018365282706 -0.9520017927639087
vn -0.05214671273313427 0.9238099052188145 -0.37928350790765136
vn -0.12584726639013624 -0.3825143716883545 -0.9153388558309942
vn -0.06590969328154583 0.8751147749052782 -0.47940592724122294
vn -0.11922598776518421 -0.4835232742431509 -0.8671738044398015
vn -0.07884804061209659 0.8154197162291511 -0.5734750847913135
vn -0.11109804251992436 -0.5784718092883032 -0.808101225594268
vn -0.09078131617042415 0.7454676623911841 -0.6603307633022931
vn -0.1015827333208194 -0.6661535990631481 -0.738864216717988
vn -0.04206769514511781 -0.3825156442257657 -0.9229908401212469
vn -0.022035148231444316 0.8751167143259266 -0.4834099590925005
vn -0.03985182981830782 -0.4835287629096025 -0.8744208180843146
vn -0.02636250414570448 0.8154189204273127 -0.5782707000915089
vn -0.03713469554236621 -0.5784714838725228 -0.8148568934072397
vn -0.030342488133725386 0.7454715100244326 -0.6658464996947473
vn -0.03395148616660659 -0.6661538624551487 -0.7450411586772676
vn -0.03395804271854208 0.6661540110415828 -0.7450407270129175
vn -0.03034844767630104 -0.7454716451438141 -0.6658460768152157
vn -0.037132990231563114 0.5784714471734657 -0.8148569971728165
vn -0.02635171429159652 -0.8154186880094512 -0.5782715196158632
vn -0.03984915229982934 0.48352871123260843 -0.874420968684259
vn -0.022027975360472112 -0.8751165756817795 -0.48341053698540204
vn -0.042065419603532724 0.38251560757340025 -0.9229909590219894
vn -0.017433269929499402 -0.9238103239436963 -0.38245335202428016
vn -0.043752710076128305 0.27669549943709004 -0.9599610934575702
vn -0.01261505737093157 -0.960877754807776 -0.27668538205531507
vn -0.04489172623414859 0.16742564899547524 -0.9848621147014247
vn -0.007630107067329393 -0.9858572615454363 -0.16741338454339408
vn -0.045453732330443156 0.05603524647279113 -0.9973936080454727
vn -0.002554593352581635 0.9984250678531843 -0.05604335763645251
vn -0.002554593352581613 -0.9984250678531843 -0.056043357636452504
vn -0.04546401716489091 -0.056034773817286485 -0.9973931658410721
vn -0.007631107544306647 0.9858572690921019 -0.16741329450169176
vn -0.044882648676927615 -0.16742705275703262 -0.9848622897912366
vn -0.012610355164319135 0.9608776976790994 -0.27668579480259387
vn -0.04375668553180378 -0.27669554761360216 -0.9599608983714285
vn -0.017437374401251746 0.9238103901948252 -0.38245300488043715
usemtl none
f 1/1/1 2/2/1 3/3/1 4/4/1
f 5/5/2 6/6/2 7/7/2 8/8/2
f 9/9/3 1/10/3 4/11/3 10/12/3
f 11/13/4 5/14/4 8/15/4 12/16/4
f 13/17/5 9/18/5 10/19/5 14/20/5
f 15/21/6 11/22/6 12/23/6 16/24/6
f 17/25/7 13/26/7 14/27/7 18/28/7
f 19/29/8 15/30/8 16/31/8 20/32/8
f 21/33/9 17/34/9 18/35/9 22/36/9
f 23/37/10 19/38/10 20/39/10 24/40/10
f 25/41/11 21/42/11 22/43/11 26/44/11
f 27/45/12 23/46/12 24/47/12 28/48/12
f 29/49/13 25/50/13 26/51/13 30/52/13
f 31/53/14 27/54/14 28/55/14 32/56/14
f 33/57/15 29/58/15 30/59/15 34/60/15
f 35/61/16 31/62/16 32/63/16 36/64/16
f 37/65/17 33/66/17 34/67/17 38/68/17
f 39/69/18 35/70/18 36/71/18 40/72/18
f 41/73/19 37/74/19 38/75/19 42/76/19
f 43/77/20 39/78/20 40/79/20 44/80/20
f 45/81/21 41/82/21 42/83/21 46/84/21
f 47/85/22 43/86/22 44/87/22 48/88/22
f 49/89/23 45/90/23 46/91/23 50/92/23
f 51/93/24 47/94/24 48/95/24 52/96/24
f 53/97/25 54/98/25 55/99/25
f 56/100/26 49/101/26 50/102/26
f 2/103/27 51/104/27 52/105/27 3/106/27
f 6/107/28 53/108/28 55/109/28 7/110/28
f 3/111/29 52/112/29 57/113/29 58/114/29
f 7/115/30 55/116/30 59/117/30 60/118/30
f 4/119/31 3/120/31 58/121/31 61/122/31
f 8/123/32 7/124/32 60/125/32 62/126/32
f 10/127/33 4/128/33 61/129/33 63/130/33
f 12/131/34 8/132/34 62/133/34 64/134/34
f 14/135/35 10/136/35 63/137/35 65/138/35
f 16/139/36 12/140/36 64/141/36 66/142/36
f 18/143/37 14/144/37 65/145/37 67/146/37
f 20/147/38 16/148/38 66/149/38 68/150/38
f 22/151/39 18/152/39 67/153/39 69/154/39
f 24/155/40 20/156/40 68/157/40 70/158/40
f 26/159/41 22/160/41 69/161/41 71/162/41
f 28/163/42 24/164/42 70/165/42 72/166/42
f 30/167/43 26/168/43 71/169/43 73/170/43
f 32/171/44 28/172/44 72/173/44 74/174/44
f 34/175/45 30/176/45 73/177/45 75/178/45
f 36/179/46 32/180/46 74/181/46 76/182/46
f 38/183/47 34/184/47 75/185/47 77/186/47
f 40/187/48 36/188/48 76/189/48 78/190/48
f 42/191/49 38/192/49 77/193/49 79/194/49
f 44/195/50 40/196/50 78/197/50 80/198/50
f 46/199/51 42/200/51 79/201/51 81/202/51
f 48/203/52 44/204/52 80/205/52 82/206/52
f 50/207/53 46/208/53 81/209/53 83/210/53
f 52/211/54 48/212/54 82/213/54 57/214/54
f 55/215/55 54/216/55 59/217/55
f 56/218/56 50/219/56 83/220/56
f 79/221/57 77/222/57 84/223/57 85/224/57
f 80/225/58 78/226/58 86/227/58 87/228/58
f 81/229/59 79/230/59 85/231/59 88/232/59
f 82/233/60 80/234/60 87/235/60 89/236/60
f 83/237/61 81/238/61 88/239/61 90/240/61
f 57/241/62 82/242/62 89/243/62 91/244/62
f 59/245/63 54/246/63 92/247/63
f 56/248/64 83/249/64 90/250/64
f 58/251/65 57/252/65 91/253/65 93/254/65
f 60/255/66 59/256/66 92/257/66 94/258/66
f 61/259/67 58/260/67 93/261/67 95/262/67
f 62/263/68 60/264/68 94/265/68 96/266/68
f 63/267/69 61/268/69 95/269/69 97/270/69
f 64/271/70 62/272/70 96/273/70 98/274/70
f 65/275/71 63/276/71 97/277/71 99/278/71
f 66/279/72 64/280/72 98/281/72 100/282/72
f 67/283/73 65/284/73 99/285/73 101/286/73
f 68/287/74 66/288/74 100/289/74 102/290/74
f 69/291/75 67/292/75 101/293/75 103/294/75
f 70/295/76 68/296/76 102/297/76 104/298/76
f 71/299/77 69/300/77 103/301/77 105/302/77
f 72/303/78 70/304/78 104/305/78 106/306/78
f 73/307/79 71/308/79 105/309/79 107/310/79
f 74/311/80 72/312/80 106/313/80 108/314/80
f 75/315/81 73/316/81 107/317/81 109/318/81
f 76/319/82 74/320/82 108/321/82 110/322/82
f 77/323/83 75/324/83 109/325/83 84/326/83
f 78/327/84 76/328/84 110/329/84 86/330/84
f 106/331/85 104/332/85 111/333/85 112/334/85
f 107/335/86 105/336/86 113/337/86 114/338/86
f 108/339/87 106/340/87 112/341/87 115/342/87
f 109/343/88 107/344/88 114/345/88 116/346/88
f 110/347/89 108/348/89 115/349/89 117/350/89
f 84/351/90 109/352/90 116/353/90 118/354/90
f 86/355/91 110/356/91 117/357/91 119/358/91
f 85/359/92 84/360/92 118/361/92 120/362/92
f 87/363/93 86/364/93 119/365/93 121/366/93
f 88/367/94 85/368/94 120/369/94 122/370/94
f 89/371/95 87/372/95 121/373/95 123/374/95
f 90/375/96 88/376/96 122/377/96 124/378/96
f 91/379/97 89/380/97 123/381/97 125/382/97
f 92/383/98 54/384/98 126/385/98
f 56/386/99 90/387/99 124/388/99
f 93/389/100 91/390/100 125/391/100 127/392/100
f 94/393/101 92/394/101 126/395/101 128/396/101
f 95/397/102 93/398/102 127/399/102 129/400/102
f 96/401/103 94/402/103 128/403/103 130/404/103
f 97/405/104 95/406/104 129/407/104 131/408/104
f 98/409/105 96/410/105 130/411/105 132/412/105
f 99/413/106 97/414/106 131/415/106 133/416/106
f 100/417/107 98/418/107 132/419/107 134/420/107
f 101/421/108 99/422/108 133/423/108 135/424/108
f 102/425/109 100/426/109 134/427/109 136/428/109
f 103/429/110 101/430/110 135/431/110 137/432/110
f 104/433/111 102/434/111 136/435/111 111/436/111
f 105/437/112 103/438/112 137/439/112 113/440/112
f 133/441/113 131/442/113 138/443/113 139/444/113
f 134/445/114 132/446/114 140/447/114 141/448/114
f 135/449/115 133/450/115 139/451/115 142/452/115
f 136/453/116 134/454/116 141/455/116 143/456/116
f 137/457/117 135/458/117 142/459/117 144/460/117
f 111/461/118 136/462/118 143/463/118 145/464/118
f 113/465/119 137/466/119 144/467/119 146/468/119
f 112/469/120 111/470/120 145/471/120 147/472/120
f 114/473/121 113/474/121 146/475/121 148/476/121
f 115/477/122 112/478/122 147/479/122 149/480/122
f 116/481/123 114/482/123 148/483/123 150/484/123
f 117/485/124 115/486/124 149/487/124 151/488/124
f 118/489/125 116/490/125 150/491/125 152/492/125
f 119/493/126 117/494/126 151/495/126 153/496/126
f 120/497/127 118/498/127 152/499/127 154/500/127
f 121/501/128 119/502/128 153/503/128 155/504/128
f 122/505/129 120/506/129 154/507/129 156/508/129
f 123/509/130 121/510/130 155/511/130 157/512/130
f 124/513/131 122/514/131 156/515/131 158/516/131
f 125/517/132 123/518/132 157/519/132 159/520/132
f 126/521/133 54/522/133 160/523/133
f 56/524/134 124/525/134 158/526/134
f 127/527/135 125/528/135 159/529/135 161/530/135
f 128/531/136 126/532/136 160/533/136 162/534/136
f 129/535/137 127/536/137 161/537/137 163/538/137
f 130/539/138 128/540/138 162/541/138 164/542/138
f 131/543/139 129/544/139 163/545/139 138/546/139
f 132/547/140 130/548/140 164/549/140 140/550/140
f 56/551/141 158/552/141 165/553/141
f 161/554/142 159/555/142 166/556/142 167/557/142
f 162/558/143 160/559/143 168/560/143 169/561/143
f 163/562/144 161/563/144 167/564/144 170/565/144
f 164/566/145 162/567/145 169/568/145 171/569/145
f 138/570/146 163/571/146 170/572/146 172/573/146
f 140/574/147 164/575/147 171/576/147 173/577/147
f 139/578/148 138/579/148 172/580/148 174/581/148
f 141/582/149 140/583/149 173/584/149 175/585/149
f 142/586/150 139/587/150 174/588/150 176/589/150
f 143/590/151 141/591/151 175/592/151 177/593/151
f 144/594/152 142/595/152 176/596/152 178/597/152
f 145/598/153 143/599/153 177/600/153 179/601/153
f 146/602/154 144/603/154 178/604/154 180/605/154
f 147/606/155 145/607/155 179/608/155 181/609/155
f 148/610/156 146/611/156 180/612/156 182/613/156
f 149/614/157 147/615/157 181/616/157 183/617/157
f 150/618/158 148/619/158 182/620/158 184/621/158
f 151/622/159 149/623/159 183/624/159 185/625/159
f 152/626/160 150/627/160 184/628/160 186/629/160
f 153/630/161 151/631/161 185/632/161 187/633/161
f 154/634/162 152/635/162 186/636/162 188/637/162
f 155/638/163 153/639/163 187/640/163 189/641/163
f 156/642/164 154/643/164 188/644/164 190/645/164
f 157/646/165 155/647/165 189/648/165 191/649/165
f 158/650/166 156/651/166 190/652/166 165/653/166
f 159/654/167 157/655/167 191/656/167 166/657/167
f 160/658/168 54/659/168 168/660/168
f 188/661/169 186/662/169 192/663/169 193/664/169
f 189/665/170 187/666/170 194/667/170 195/668/170
f 190/669/171 188/670/171 193/671/171 196/672/171
f 191/673/172 189/674/172 195/675/172 197/676/172
f 165/677/173 190/678/173 196/679/173 198/680/173
f 166/681/174 191/682/174 197/683/174 199/684/174
f 168/685/175 54/686/175 200/687/175
f 56/688/176 165/689/176 198/690/176
f 167/691/177 166/692/177 199/693/177 201/694/177
f 169/695/178 168/696/178 200/697/178 202/698/178
f 170/699/179 167/700/179 201/701/179 203/702/179
f 171/703/180 169/704/180 202/705/180 204/706/180
f 172/707/181 170/708/181 203/709/181 205/710/181
f 173/711/182 171/712/182 204/713/182 206/714/182
f 174/715/183 172/716/183 205/717/183 207/718/183
f 175/719/184 173/720/184 206/721/184 208/722/184
f 176/723/185 174/724/185 207/725/185 209/726/185
f 177/727/186 175/728/186 208/729/186 210/730/186
f 178/731/187 176/732/187 209/733/187 211/734/187
f 179/735/188 177/736/188 210/737/188 212/738/188
f 180/739/189 178/740/189 211/741/189 213/742/189
f 181/743/190 179/744/190 212/745/190 214/746/190
f 182/747/191 180/748/191 213/749/191 215/750/191
f 183/751/192 181/752/192 214/753/192 216/754/192
f 184/755/193 182/756/193 215/757/193 217/758/193
f 185/759/194 183/760/194 216/761/194 218/762/194
f 186/763/195 184/764/195 217/765/195 192/766/195
f 187/767/196 185/768/196 218/769/196 194/770/196
f 214/771/197 212/772/197 219/773/197 220/774/197
f 215/775/198 213/776/198 221/777/198 222/778/198
f 216/779/199 214/780/199 220/781/199 223/782/199
f 217/783/200 215/784/200 222/785/200 224/786/200
f 218/787/201 216/788/201 223/789/201 225/790/201
f 192/791/202 217/792/202 224/793/202 226/794/202
f 194/795/203 218/796/203 225/797/203 227/798/203
f 193/799/204 192/800/204 226/801/204 228/802/204
f 195/803/205 194/804/205 227/805/205 229/806/205
f 196/807/206 193/808/206 228/809/206 230/810/206
f 197/811/207 195/812/207 229/813/207 231/814/207
f 198/815/208 196/816/208 230/817/208 232/818/208
f 199/819/209 197/820/209 231/821/209 233/822/209
f 200/823/210 54/824/210 234/825/210
f 56/826/211 198/827/211 232/828/211
f 201/829/212 199/830/212 233/831/212 235/832/212
f 202/833/213 200/834/213 234/835/213 236/836/213
f 203/837/214 201/838/214 235/839/214 237/840/214
f 204/841/215 202/842/215 236/843/215 238/844/215
f 205/845/216 203/846/216 237/847/216 239/848/216
f 206/849/217 204/850/217 238/851/217 240/852/217
f 207/853/218 205/854/218 239/855/218 241/856/218
f 208/857/219 206/858/219 240/859/219 242/860/219
f 209/861/220 207/862/220 241/863/220 243/864/220
f 210/865/221 208/866/221 242/867/221 244/868/221
f 211/869/222 209/870/222 243/871/222 245/872/222
f 212/873/223 210/874/223 244/875/223 219/876/223
f 213/877/224 211/878/224 245/879/224 221/880/224
f 241/881/225 239/882/225 246/883/225 247/884/225
f 242/885/226 240/886/226 248/887/226 249/888/226
f 243/889/227 241/890/227 247/891/227 250/892/227
f 244/893/228 242/894/228 249/895/228 251/896/228
f 245/897/229 243/898/229 250/899/229 252/900/229
f 219/901/230 244/902/230 251/903/230 253/904/230
f 221/905/231 245/906/231 252/907/231 254/908/231
f 220/909/232 219/910/232 253/911/232 255/912/232
f 222/913/233 221/914/233 254/915/233 256/916/233
f 223/917/234 220/918/234 255/919/234 257/920/234
f 224/921/235 222/922/235 256/923/235 258/924/235
f 225/925/236 223/926/236 257/927/236 259/928/236
f 226/929/237 224/930/237 258/931/237 260/932/237
f 227/933/238 225/934/238 259/935/238 261/936/238
f 228/937/239 226/938/239 260/939/239 262/940/239
f 229/941/240 227/942/240 261/943/240 263/944/240
f 230/945/241 228/946/241 262/947/241 264/948/241
f 231/949/242 229/950/242 263/951/242 265/952/242
f 232/953/243 230/954/243 264/955/243 266/956/243
f 233/957/244 231/958/244 265/959/244 267/960/244
f 234/961/245 54/962/245 268/963/245
f 56/964/246 232/965/246 266/966/246
f 235/967/247 233/968/247 267/969/247 269/970/247
f 236/971/248 234/972/248 268/973/248 270/974/248
f 237/975/249 235/976/249 269/977/249 271/978/249
f 238/979/250 236/980/250 270/981/250 272/982/250
f 239/983/251 237/984/251 271/985/251 246/986/251
f 240/987/252 238/988/252 272/989/252 248/990/252
f 268/991/253 54/992/253 273/993/253
f 56/994/254 266/995/254 274/996/254
f 269/997/255 267/998/255 275/999/255 276/1000/255
f 270/1001/256 268/1002/256 273/1003/256 277/1004/256
f 271/1005/257 269/1006/257 276/1007/257 278/1008/257
f 272/1009/258 270/1010/258 277/1011/258 279/1012/258
f 246/1013/259 271/1014/259 278/1015/259 280/1016/259
f 248/1017/260 272/1018/260 279/1019/260 281/1020/260
f 247/1021/261 246/1022/261 280/1023/261 282/1024/261
f 249/1025/262 248/1026/262 281/1027/262 283/1028/262
f 250/1029/263 247/1030/263 282/1031/263 284/1032/263
f 251/1033/264 249/1034/264 283/1035/264 285/1036/264
f 252/1037/265 250/1038/265 284/1039/265 286/1040/265
f 253/1041/266 251/1042/266 285/1043/266 287/1044/266
f 254/1045/267 252/1046/267 286/1047/267 288/1048/267
f 255/1049/268 253/1050/268 287/1051/268 289/1052/268
f 256/1053/269 254/1054/269 288/1055/269 290/1056/269
f 257/1057/270 255/1058/270 289/1059/270 291/1060/270
f 258/1061/271 256/1062/271 290/1063/271 292/1064/271
f 259/1065/272 257/1066/272 291/1067/272 293/1068/272
f 260/1069/273 258/1070/273 292/1071/273 294/1072/273
f 261/1073/274 259/1074/274 293/1075/274 295/1076/274
f 262/1077/275 260/1078/275 294/1079/275 296/1080/275
f 263/1081/276 261/1082/276 295/1083/276 297/1084/276
f 264/1085/277 262/1086/277 296/1087/277 298/1088/277
f 265/1089/278 263/1090/278 297/1091/278 299/1092/278
f 266/1093/279 264/1094/279 298/1095/279 274/1096/279
f 267/1097/280 265/1098/280 299/1099/280 275/1100/280
f 295/1101/281 293/1102/281 300/1103/281 301/1104/281
f 296/1105/282 294/1106/282 302/1107/282 303/1108/282
f 297/1109/283 295/1110/283 301/1111/283 304/1112/283
f 298/1113/284 296/1114/284 303/1115/284 305/1116/284
f 299/1117/285 297/1118/285 304/1119/285 306/1120/285
f 274/1121/286 298/1122/286 305/1123/286 307/1124/286
f 275/1125/287 299/1126/287 306/1127/287 308/1128/287
f 273/1129/288 54/1130/288 309/1131/288
f 56/1132/289 274/1133/289 307/1134/289
f 276/1135/290 275/1136/290 308/1137/290 310/1138/290
f 277/1139/291 273/1140/291 309/1141/291 311/1142/291
f 278/1143/292 276/1144/292 310/1145/292 312/1146/292
f 279/1147/293 277/1148/293 311/1149/293 313/1150/293
f 280/1151/294 278/1152/294 312/1153/294 314/1154/294
f 281/1155/295 279/1156/295 313/1157/295 315/1158/295
f 282/1159/296 280/1160/296 314/1161/296 316/1162/296
f 283/1163/297 281/1164/297 315/1165/297 317/1166/297
f 284/1167/298 282/1168/298 316/1169/298 318/1170/298
f 285/1171/299 283/1172/299 317/1173/299 319/1174/299
f 286/1175/300 284/1176/300 318/1177/300 320/1178/300
f 287/1179/301 285/1180/301 319/1181/301 321/1182/301
f 288/1183/302 286/1184/302 320/1185/302 322/1186/302
f 289/1187/303 287/1188/303 321/1189/303 323/1190/303
f 290/1191/304 288/1192/304 322/1193/304 324/1194/304
f 291/1195/305 289/1196/305 323/1197/305 325/1198/305
f 292/1199/306 290/1200/306 324/1201/306 326/1202/306
f 293/1203/307 291/1204/307 325/1205/307 300/1206/307
f 294/1207/308 292/1208/308 326/1209/308 302/1210/308
f 322/1211/309 320/1212/309 327/1213/309 328/1214/309
f 323/1215/310 321/1216/310 329/1217/310 330/1218/310
f 324/1219/311 322/1220/311 328/1221/311 331/1222/311
f 325/1223/312 323/1224/312 330/1225/312 332/1226/312
f 326/1227/313 324/1228/313 331/1229/313 333/1230/313
f 300/1231/314 325/1232/314 332/1233/314 334/1234/314
f 302/1235/315 326/1236/315 333/1237/315 335/1238/315
f 301/1239/316 300/1240/316 334/1241/316 336/1242/316
f 303/1243/317 302/1244/317 335/1245/317 337/1246/317
f 304/1247/318 301/1248/318 336/1249/318 338/1250/318
f 305/1251/319 303/1252/319 337/1253/319 339/1254/319
f 306/1255/320 304/1256/320 338/1257/320 340/1258/320
f 307/1259/321 305/1260/321 339/1261/321 341/1262/321
f 308/1263/322 306/1264/322 340/1265/322 342/1266/322
f 309/1267/323 54/1268/323 343/1269/323
f 56/1270/324 307/1271/324 341/1272/324
f 310/1273/325 308/1274/325 342/1275/325 344/1276/325
f 311/1277/326 309/1278/326 343/1279/326 345/1280/326
f 312/1281/327 310/1282/327 344/1283/327 346/1284/327
f 313/1285/328 311/1286/328 345/1287/328 347/1288/328
f 314/1289/329 312/1290/329 346/1291/329 348/1292/329
f 315/1293/330 313/1294/330 347/1295/330 349/1296/330
f 316/1297/331 314/1298/331 348/1299/331 350/1300/331
f 317/1301/332 315/1302/332 349/1303/332 351/1304/332
f 318/1305/333 316/1306/333 350/1307/333 352/1308/333
f 319/1309/334 317/1310/334 351/1311/334 353/1312/334
f 320/1313/335 318/1314/335 352/1315/335 327/1316/335
f 321/1317/336 319/1318/336 353/1319/336 329/1320/336
f 350/1321/337 348/1322/337 354/1323/337 355/1324/337
f 351/1325/338 349/1326/338 356/1327/338 357/1328/338
f 352/1329/339 350/1330/339 355/1331/339 358/1332/339
f 353/1333/340 351/1334/340 357/1335/340 359/1336/340
f 327/1337/341 352/1338/341 358/1339/341 360/1340/341
f 329/1341/342 353/1342/342 359/1343/342 361/1344/342
f 328/1345/343 327/1346/343 360/1347/343 362/1348/343
f 330/1349/344 329/1350/344 361/1351/344 363/1352/344
f 331/1353/345 328/1354/345 362/1355/345 364/1356/345
f 332/1357/346 330/1358/346 363/1359/346 365/1360/346
f 333/1361/347 331/1362/347 364/1363/347 366/1364/347
f 334/1365/348 332/1366/348 365/1367/348 367/1368/348
f 335/1369/349 333/1370/349 366/1371/349 368/1372/349
f 336/1373/350 334/1374/350 367/1375/350 369/1376/350
f 337/1377/351 335/1378/351 368/1379/351 370/1380/351
f 338/1381/352 336/1382/352 369/1383/352 371/1384/352
f 339/1385/353 337/1386/353 370/1387/353 372/1388/353
f 340/1389/354 338/1390/354 371/1391/354 373/1392/354
f 341/1393/355 339/1394/355 372/1395/355 374/1396/355
f 342/1397/356 340/1398/356 373/1399/356 375/1400/356
f 343/1401/357 54/1402/357 376/1403/357
f 56/1404/358 341/1405/358 374/1406/358
f 344/1407/359 342/1408/359 375/1409/359 377/1410/359
f 345/1411/360 343/1412/360 376/1413/360 378/1414/360
f 346/1415/361 344/1416/361 377/1417/361 379/1418/361
f 347/1419/362 345/1420/362 378/1421/362 380/1422/362
f 348/1423/363 346/1424/363 379/1425/363 354/1426/363
f 349/1427/364 347/1428/364 380/1429/364 356/1430/364
f 376/1431/365 54/1432/365 381/1433/365
f 56/1434/366 374/1435/366 382/1436/366
f 377/1437/367 375/1438/367 383/1439/367 384/1440/367
f 378/1441/368 376/1442/368 381/1443/368 385/1444/368
f 379/1445/369 377/1446/369 384/1447/369 386/1448/369
f 380/1449/370 378/1450/370 385/1451/370 387/1452/370
f 354/1453/371 379/1454/371 386/1455/371 388/1456/371
f 356/1457/372 380/1458/372 387/1459/372 389/1460/372
f 355/1461/373 354/1462/373 388/1463/373 390/1464/373
f 357/1465/374 356/1466/374 389/1467/374 391/1468/374
f 358/1469/375 355/1470/375 390/1471/375 392/1472/375
f 359/1473/376 357/1474/376 391/1475/376 393/1476/376
f 360/1477/377 358/1478/377 392/1479/377 394/1480/377
f 361/1481/378 359/1482/378 393/1483/378 395/1484/378
f 362/1485/379 360/1486/379 394/1487/379 396/1488/379
f 363/1489/380 361/1490/380 395/1491/380 397/1492/380
f 364/1493/381 362/1494/381 396/1495/381 398/1496/381
f 365/1497/382 363/1498/382 397/1499/382 399/1500/382
f 366/1501/383 364/1502/383 398/1503/383 400/1504/383
f 367/1505/384 365/1506/384 399/1507/384 401/1508/384
f 368/1509/385 366/1510/385 400/1511/385 402/1512/385
f 369/1513/386 367/1514/386 401/1515/386 403/1516/386
f 370/1517/387 368/1518/387 402/1519/387 404/1520/387
f 371/1521/388 369/1522/388 403/1523/388 405/1524/388
f 372/1525/389 370/1526/389 404/1527/389 406/1528/389
f 373/1529/390 371/1530/390 405/1531/390 407/1532/390
f 374/1533/391 372/1534/391 406/1535/391 382/1536/391
f 375/1537/392 373/1538/392 407/1539/392 383/1540/392
f 403/1541/393 401/1542/393 408/1543/393 409/1544/393
f 404/1545/394 402/1546/394 410/1547/394 411/1548/394
f 405/1549/395 403/1550/395 409/1551/395 412/1552/395
f 406/1553/396 404/1554/396 411/1555/396 413/1556/396
f 407/1557/397 405/1558/397 412/1559/397 414/1560/397
f 382/1561/398 406/1562/398 413/1563/398 415/1564/398
f 383/1565/399 407/1566/399 414/1567/399 416/1568/399
f 381/1569/400 54/1570/400 417/1571/400
f 56/1572/401 382/1573/401 415/1574/401
f 384/1575/402 383/1576/402 416/1577/402 418/1578/402
f 385/1579/403 381/1580/403 417/1581/403 419/1582/403
f 386/1583/404 384/1584/404 418/1585/404 420/1586/404
f 387/1587/405 385/1588/405 419/1589/405 421/1590/405
f 388/1591/406 386/1592/406 420/1593/406 422/1594/406
f 389/1595/407 387/1596/407 421/1597/407 423/1598/407
f 390/1599/408 388/1600/408 422/1601/408 424/1602/408
f 391/1603/409 389/1604/409 423/1605/409 425/1606/409
f 392/1607/410 390/1608/410 424/1609/410 426/1610/410
f 393/1611/411 391/1612/411 425/1613/411 427/1614/411
f 394/1615/412 392/1616/412 426/1617/412 428/1618/412
f 395/1619/413 393/1620/413 427/1621/413 429/1622/413
f 396/1623/414 394/1624/414 428/1625/414 430/1626/414
f 397/1627/415 395/1628/415 429/1629/415 431/1630/415
f 398/1631/416 396/1632/416 430/1633/416 432/1634/416
f 399/1635/417 397/1636/417 431/1637/417 433/1638/417
f 400/1639/418 398/1640/418 432/1641/418 434/1642/418
f 401/1643/419 399/1644/419 433/1645/419 408/1646/419
f 402/1647/420 400/1648/420 434/1649/420 410/1650/420
f 430/1651/421 428/1652/421 435/1653/421 436/1654/421
f 431/1655/422 429/1656/422 437/1657/422 438/1658/422
f 432/1659/423 430/1660/423 436/1661/423 439/1662/423
f 433/1663/424 431/1664/424 438/1665/424 440/1666/424
f 434/1667/425 432/1668/425 439/1669/425 441/1670/425
f 408/1671/426 433/1672/426 440/1673/426 442/1674/426
f 410/1675/427 434/1676/427 441/1677/427 443/1678/427
f 409/1679/428 408/1680/428 442/1681/428 444/1682/428
f 411/1683/429 410/1684/429 443/1685/429 445/1686/429
f 412/1687/430 409/1688/430 444/1689/430 446/1690/430
f 413/1691/431 411/1692/431 445/1693/431 447/1694/431
f 414/1695/432 412/1696/432 446/1697/432 448/1698/432
f 415/1699/433 413/1700/433 447/1701/433 449/1702/433
f 416/1703/434 414/1704/434 448/1705/434 450/1706/434
f 417/1707/435 54/1708/435 451/1709/435
f 56/1710/436 415/1711/436 449/1712/436
f 418/1713/437 416/1714/437 450/1715/437 452/1716/437
f 419/1717/438 417/1718/438 451/1719/438 453/1720/438
f 420/1721/439 418/1722/439 452/1723/439 454/1724/439
f 421/1725/440 419/1726/440 453/1727/440 455/1728/440
f 422/1729/441 420/1730/441 454/1731/441 456/1732/441
f 423/1733/442 421/1734/442 455/1735/442 457/1736/442
f 424/1737/443 422/1738/443 456/1739/443 458/1740/443
f 425/1741/444 423/1742/444 457/1743/444 459/1744/444
f 426/1745/445 424/1746/445 458/1747/445 460/1748/445
f 427/1749/446 425/1750/446 459/1751/446 461/1752/446
f 428/1753/447 426/1754/447 460/1755/447 435/1756/447
f 429/1757/448 427/1758/448 461/1759/448 437/1760/448
f 457/1761/449 455/1762/449 462/1763/449 463/1764/449
f 458/1765/450 456/1766/450 464/1767/450 465/1768/450
f 459/1769/451 457/1770/451 463/1771/451 466/1772/451
f 460/1773/452 458/1774/452 465/1775/452 467/1776/452
f 461/1777/453 459/1778/453 466/1779/453 468/1780/453
f 435/1781/454 460/1782/454 467/1783/454 469/1784/454
f 437/1785/455 461/1786/455 468/1787/455 470/1788/455
f 436/1789/456 435/1790/456 469/1791/456 471/1792/456
f 438/1793/457 437/1794/457 470/1795/457 472/1796/457
f 439/1797/458 436/1798/458 471/1799/458 473/1800/458
f 440/1801/459 438/1802/459 472/1803/459 474/1804/459
f 441/1805/460 439/1806/460 473/1807/460 475/1808/460
f 442/1809/461 440/1810/461 474/1811/461 476/1812/461
f 443/1813/462 441/1814/462 475/1815/462 477/1816/462
f 444/1817/463 442/1818/463 476/1819/463 478/1820/463
f 445/1821/464 443/1822/464 477/1823/464 479/1824/464
f 446/1825/465 444/1826/465 478/1827/465 480/1828/465
f 447/1829/466 445/1830/466 479/1831/466 481/1832/466
f 448/1833/467 446/1834/467 480/1835/467 482/1836/467
f 449/1837/468 447/1838/468 481/1839/468 483/1840/468
f 450/1841/469 448/1842/469 482/1843/469 484/1844/469
f 451/1845/470 54/1846/470 485/1847/470
f 56/1848/471 449/1849/471 483/1850/471
f 452/1851/472 450/1852/472 484/1853/472 486/1854/472
f 453/1855/473 451/1856/473 485/1857/473 487/1858/473
f 454/1859/474 452/1860/474 486/1861/474 488/1862/474
f 455/1863/475 453/1864/475 487/1865/475 462/1866/475
f 456/1867/476 454/1868/476 488/1869/476 464/1870/476
f 484/1871/477 482/1872/477 489/1873/477 490/1874/477
f 485/1875/478 54/1876/478 491/1877/478
f 56/1878/479 483/1879/479 492/1880/479
f 486/1881/480 484/1882/480 490/1883/480 493/1884/480
f 487/1885/481 485/1886/481 491/1887/481 494/1888/481
f 488/1889/482 486/1890/482 493/1891/482 495/1892/482
f 462/1893/483 487/1894/483 494/1895/483 496/1896/483
f 464/1897/484 488/1898/484 495/1899/484 497/1900/484
f 463/1901/485 462/1902/485 496/1903/485 498/1904/485
f 465/1905/486 464/1906/486 497/1907/486 499/1908/486
f 466/1909/487 463/1910/487 498/1911/487 500/1912/487
f 467/1913/488 465/1914/488 499/1915/488 501/1916/488
f 468/1917/489 466/1918/489 500/1919/489 502/1920/489
f 469/1921/490 467/1922/490 501/1923/490 503/1924/490
f 470/1925/491 468/1926/491 502/1927/491 504/1928/491
f 471/1929/492 469/1930/492 503/1931/492 505/1932/492
f 472/1933/493 470/1934/493 504/1935/493 506/1936/493
f 473/1937/494 471/1938/494 505/1939/494 507/1940/494
f 474/1941/495 472/1942/495 506/1943/495 508/1944/495
f 475/1945/496 473/1946/496 507/1947/496 509/1948/496
f 476/1949/497 474/1950/497 508/1951/497 510/1952/497
f 477/1953/498 475/1954/498 509/1955/498 511/1956/498
f 478/1957/499 476/1958/499 510/1959/499 512/1960/499
f 479/1961/500 477/1962/500 511/1963/500 513/1964/500
f 480/1965/501 478/1966/501 512/1967/501 514/1968/501
f 481/1969/502 479/1970/502 513/1971/502 515/1972/502
f 482/1973/503 480/1974/503 514/1975/503 489/1976/503
f 483/1977/504 481/1978/504 515/1979/504 492/1980/504
f 511/1981/505 509/1982/505 516/1983/505 517/1984/505
f 512/1985/506 510/1986/506 518/1987/506 519/1988/506
f 513/1989/507 511/1990/507 517/1991/507 520/1992/507
f 514/1993/508 512/1994/508 519/1995/508 521/1996/508
f 515/1997/509 513/1998/509 520/1999/509 522/2000/509
f 489/2001/510 514/2002/510 521/2003/510 523/2004/510
f 492/2005/511 515/2006/511 522/2007/511 524/2008/511
f 490/2009/512 489/2010/512 523/2011/512 525/2012/512
f 491/2013/513 54/2014/513 526/2015/513
f 56/2016/514 492/2017/514 524/2018/514
f 493/2019/515 490/2020/515 525/2021/515 527/2022/515
f 494/2023/516 491/2024/516 526/2025/516 528/2026/516
f 495/2027/517 493/2028/517 527/2029/517 529/2030/517
f 496/2031/518 494/2032/518 528/2033/518 530/2034/518
f 497/2035/519 495/2036/519 529/2037/519 531/2038/519
f 498/2039/520 496/2040/520 530/2041/520 532/2042/520
f 499/2043/521 497/2044/521 531/2045/521 533/2046/521
f 500/2047/522 498/2048/522 532/2049/522 534/2050/522
f 501/2051/523 499/2052/523 533/2053/523 535/2054/523
f 502/2055/524 500/2056/524 534/2057/524 536/2058/524
f 503/2059/525 501/2060/525 535/2061/525 537/2062/525
f 504/2063/526 502/2064/526 536/2065/526 538/2066/526
f 505/2067/527 503/2068/527 537/2069/527 539/2070/527
f 506/2071/528 504/2072/528 538/2073/528 540/2074/528
f 507/2075/529 505/2076/529 539/2077/529 541/2078/529
f 508/2079/530 506/2080/530 540/2081/530 542/2082/530
f 509/2083/531 507/2084/531 541/2085/531 516/2086/531
f 510/2087/532 508/2088/532 542/2089/532 518/2090/532
f 539/2091/533 537/2092/533 543/2093/533 544/2094/533
f 540/2095/534 538/2096/534 545/2097/534 546/2098/534
f 541/2099/535 539/2100/535 544/2101/535 547/2102/535
f 542/2103/536 540/2104/536 546/2105/536 548/2106/536
f 516/2107/537 541/2108/537 547/2109/537 549/2110/537
f 518/2111/538 542/2112/538 548/2113/538 550/2114/538
f 517/2115/539 516/2116/539 549/2117/539 551/2118/539
f 519/2119/540 518/2120/540 550/2121/540 552/2122/540
f 520/2123/541 517/2124/541 551/2125/541 553/2126/541
f 521/2127/542 519/2128/542 552/2129/542 554/2130/542
f 522/2131/543 520/2132/543 553/2133/543 555/2134/543
f 523/2135/544 521/2136/544 554/2137/544 556/2138/544
f 524/2139/545 522/2140/545 555/2141/545 557/2142/545
f 525/2143/546 523/2144/546 556/2145/546 558/2146/546
f 526/2147/547 54/2148/547 559/2149/547
f 56/2150/548 524/2151/548 557/2152/548
f 527/2153/549 525/2154/549 558/2155/549 560/2156/549
f 528/2157/550 526/2158/550 559/2159/550 561/2160/550
f 529/2161/551 527/2162/551 560/2163/551 562/2164/551
f 530/2165/552 528/2166/552 561/2167/552 563/2168/552
f 531/2169/553 529/2170/553 562/2171/553 564/2172/553
f 532/2173/554 530/2174/554 563/2175/554 565/2176/554
f 533/2177/555 531/2178/555 564/2179/555 566/2180/555
f 534/2181/556 532/2182/556 565/2183/556 567/2184/556
f 535/2185/557 533/2186/557 566/2187/557 568/2188/557
f 536/2189/558 534/2190/558 567/2191/558 569/2192/558
f 537/2193/559 535/2194/559 568/2195/559 543/2196/559
f 538/2197/560 536/2198/560 569/2199/560 545/2200/560
f 565/2201/561 563/2202/561 570/2203/561 571/2204/561
f 566/2205/562 564/2206/562 572/2207/562 573/2208/562
f 567/2209/563 565/2210/563 571/2211/563 574/2212/563
f 568/2213/564 566/2214/564 573/2215/564 575/2216/564
f 569/2217/565 567/2218/565 574/2219/565 576/2220/565
f 543/2221/566 568/2222/566 575/2223/566 577/2224/566
f 545/2225/567 569/2226/567 576/2227/567 578/2228/567
f 544/2229/568 543/2230/568 577/2231/568 579/2232/568
f 546/2233/569 545/2234/569 578/2235/569 580/2236/569
f 547/2237/570 544/2238/570 579/2239/570 581/2240/570
f 548/2241/571 546/2242/571 580/2243/571 582/2244/571
f 549/2245/572 547/2246/572 581/2247/572 583/2248/572
f 550/2249/573 548/2250/573 582/2251/573 584/2252/573
f 551/2253/574 549/2254/574 583/2255/574 585/2256/574
f 552/2257/575 550/2258/575 584/2259/575 586/2260/575
f 553/2261/576 551/2262/576 585/2263/576 587/2264/576
f 554/2265/577 552/2266/577 586/2267/577 588/2268/577
f 555/2269/578 553/2270/578 587/2271/578 589/2272/578
f 556/2273/579 554/2274/579 588/2275/579 590/2276/579
f 557/2277/580 555/2278/580 589/2279/580 591/2280/580
f 558/2281/581 556/2282/581 590/2283/581 592/2284/581
f 559/2285/582 54/2286/582 593/2287/582
f 56/2288/583 557/2289/583 591/2290/583
f 560/2291/584 558/2292/584 592/2293/584 594/2294/584
f 561/2295/585 559/2296/585 593/2297/585 595/2298/585
f 562/2299/586 560/2300/586 594/2301/586 596/2302/586
f 563/2303/587 561/2304/587 595/2305/587 570/2306/587
f 564/2307/588 562/2308/588 596/2309/588 572/2310/588
f 592/2311/589 590/2312/589 597/2313/589 598/2314/589
f 593/2315/590 54/2316/590 599/2317/590
f 56/2318/591 591/2319/591 600/2320/591
f 594/2321/592 592/2322/592 598/2323/592 601/2324/592
f 595/2325/593 593/2326/593 599/2327/593 602/2328/593
f 596/2329/594 594/2330/594 601/2331/594 603/2332/594
f 570/2333/595 595/2334/595 602/2335/595 604/2336/595
f 572/2337/596 596/2338/596 603/2339/596 605/2340/596
f 571/2341/597 570/2342/597 604/2343/597 606/2344/597
f 573/2345/598 572/2346/598 605/2347/598 607/2348/598
f 574/2349/599 571/2350/599 606/2351/599 608/2352/599
f 575/2353/600 573/2354/600 607/2355/600 609/2356/600
f 576/2357/601 574/2358/601 608/2359/601 610/2360/601
f 577/2361/602 575/2362/602 609/2363/602 611/2364/602
f 578/2365/603 576/2366/603 610/2367/603 612/2368/603
f 579/2369/604 577/2370/604 611/2371/604 613/2372/604
f 580/2373/605 578/2374/605 612/2375/605 614/2376/605
f 581/2377/606 579/2378/606 613/2379/606 615/2380/606
f 582/2381/607 580/2382/607 614/2383/607 616/2384/607
f 583/2385/608 581/2386/608 615/2387/608 617/2388/608
f 584/2389/609 582/2390/609 616/2391/609 618/2392/609
f 585/2393/610 583/2394/610 617/2395/610 619/2396/610
f 586/2397/611 584/2398/611 618/2399/611 620/2400/611
f 587/2401/612 585/2402/612 619/2403/612 621/2404/612
f 588/2405/613 586/2406/613 620/2407/613 622/2408/613
f 589/2409/614 587/2410/614 621/2411/614 623/2412/614
f 590/2413/615 588/2414/615 622/2415/615 597/2416/615
f 591/2417/616 589/2418/616 623/2419/616 600/2420/616
f 619/2421/617 617/2422/617 624/2423/617 625/2424/617
f 620/2425/618 618/2426/618 626/2427/618 627/2428/618
f 621/2429/619 619/2430/619 625/2431/619 628/2432/619
f 622/2433/620 620/2434/620 627/2435/620 629/2436/620
f 623/2437/621 621/2438/621 628/2439/621 630/2440/621
f 597/2441/622 622/2442/622 629/2443/622 631/2444/622
f 600/2445/623 623/2446/623 630/2447/623 632/2448/623
f 598/2449/624 597/2450/624 631/2451/624 633/2452/624
f 599/2453/625 54/2454/625 634/2455/625
f 56/2456/626 600/2457/626 632/2458/626
f 601/2459/627 598/2460/627 633/2461/627 635/2462/627
f 602/2463/628 599/2464/628 634/2465/628 636/2466/628
f 603/2467/629 601/2468/629 635/2469/629 637/2470/629
f 604/2471/630 602/2472/630 636/2473/630 638/2474/630
f 605/2475/631 603/2476/631 637/2477/631 639/2478/631
f 606/2479/632 604/2480/632 638/2481/632 640/2482/632
f 607/2483/633 605/2484/633 639/2485/633 641/2486/633
f 608/2487/634 606/2488/634 640/2489/634 642/2490/634
f 609/2491/635 607/2492/635 641/2493/635 643/2494/635
f 610/2495/636 608/2496/636 642/2497/636 644/2498/636
f 611/2499/637 609/2500/637 643/2501/637 645/2502/637
f 612/2503/638 610/2504/638 644/2505/638 646/2506/638
f 613/2507/639 611/2508/639 645/2509/639 647/2510/639
f 614/2511/640 612/2512/640 646/2513/640 648/2514/640
f 615/2515/641 613/2516/641 647/2517/641 649/2518/641
f 616/2519/642 614/2520/642 648/2521/642 650/2522/642
f 617/2523/643 615/2524/643 649/2525/643 624/2526/643
f 618/2527/644 616/2528/644 650/2529/644 626/2530/644
f 646/2531/645 644/2532/645 651/2533/645 652/2534/645
f 647/2535/646 645/2536/646 653/2537/646 654/2538/646
f 648/2539/647 646/2540/647 652/2541/647 655/2542/647
f 649/2543/648 647/2544/648 654/2545/648 656/2546/648
f 650/2547/649 648/2548/649 655/2549/649 657/2550/649
f 624/2551/650 649/2552/650 656/2553/650 658/2554/650
f 626/2555/651 650/2556/651 657/2557/651 659/2558/651
f 625/2559/652 624/2560/652 658/2561/652 660/2562/652
f 627/2563/653 626/2564/653 659/2565/653 661/2566/653
f 628/2567/654 625/2568/654 660/2569/654 662/2570/654
f 629/2571/655 627/2572/655 661/2573/655 663/2574/655
f 630/2575/656 628/2576/656 662/2577/656 664/2578/656
f 631/2579/657 629/2580/657 663/2581/657 665/2582/657
f 632/2583/658 630/2584/658 664/2585/658 666/2586/658
f 633/2587/659 631/2588/659 665/2589/659 667/2590/659
f 634/2591/660 54/2592/660 668/2593/660
f 56/2594/661 632/2595/661 666/2596/661
f 635/2597/662 633/2598/662 667/2599/662 669/2600/662
f 636/2601/663 634/2602/663 668/2603/663 670/2604/663
f 637/2605/664 635/2606/664 669/2607/664 671/2608/664
f 638/2609/665 636/2610/665 670/2611/665 672/2612/665
f 639/2613/666 637/2614/666 671/2615/666 673/2616/666
f 640/2617/667 638/2618/667 672/2619/667 674/2620/667
f 641/2621/668 639/2622/668 673/2623/668 675/2624/668
f 642/2625/669 640/2626/669 674/2627/669 676/2628/669
f 643/2629/670 641/2630/670 675/2631/670 677/2632/670
f 644/2633/671 642/2634/671 676/2635/671 651/2636/671
f 645/2637/672 643/2638/672 677/2639/672 653/2640/672
f 673/2641/673 671/2642/673 678/2643/673 679/2644/673
f 674/2645/674 672/2646/674 680/2647/674 681/2648/674
f 675/2649/675 673/2650/675 679/2651/675 682/2652/675
f 676/2653/676 674/2654/676 681/2655/676 683/2656/676
f 677/2657/677 675/2658/677 682/2659/677 684/2660/677
f 651/2661/678 676/2662/678 683/2663/678 685/2664/678
f 653/2665/679 677/2666/679 684/2667/679 686/2668/679
f 652/2669/680 651/2670/680 685/2671/680 687/2672/680
f 654/2673/681 653/2674/681 686/2675/681 688/2676/681
f 655/2677/682 652/2678/682 687/2679/682 689/2680/682
f 656/2681/683 654/2682/683 688/2683/683 690/2684/683
f 657/2685/684 655/2686/684 689/2687/684 691/2688/684
f 658/2689/685 656/2690/685 690/2691/685 692/2692/685
f 659/2693/686 657/2694/686 691/2695/686 693/2696/686
f 660/2697/687 658/2698/687 692/2699/687 694/2700/687
f 661/2701/688 659/2702/688 693/2703/688 695/2704/688
f 662/2705/689 660/2706/689 694/2707/689 696/2708/689
f 663/2709/690 661/2710/690 695/2711/690 697/2712/690
f 664/2713/691 662/2714/691 696/2715/691 698/2716/691
f 665/2717/692 663/2718/692 697/2719/692 699/2720/692
f 666/2721/693 664/2722/693 698/2723/693 700/2724/693
f 667/2725/694 665/2726/694 699/2727/694 701/2728/694
f 668/2729/695 54/2730/695 702/2731/695
f 56/2732/696 666/2733/696 700/2734/696
f 669/2735/697 667/2736/697 701/2737/697 703/2738/697
f 670/2739/698 668/2740/698 702/2741/698 704/2742/698
f 671/2743/699 669/2744/699 703/2745/699 678/2746/699
f 672/2747/700 670/2748/700 704/2749/700 680/2750/700
f 700/2751/701 698/2752/701 705/2753/701 706/2754/701
f 701/2755/702 699/2756/702 707/2757/702 708/2758/702
f 702/2759/703 54/2760/703 709/2761/703
f 56/2762/704 700/2763/704 706/2764/704
f 703/2765/705 701/2766/705 708/2767/705 710/2768/705
f 704/2769/706 702/2770/706 709/2771/706 711/2772/706
f 678/2773/707 703/2774/707 710/2775/707 712/2776/707
f 680/2777/708 704/2778/708 711/2779/708 713/2780/708
f 679/2781/709 678/2782/709 712/2783/709 714/2784/709
f 681/2785/710 680/2786/710 713/2787/710 715/2788/710
f 682/2789/711 679/2790/711 714/2791/711 716/2792/711
f 683/2793/712 681/2794/712 715/2795/712 717/2796/712
f 684/2797/713 682/2798/713 716/2799/713 718/2800/713
f 685/2801/714 683/2802/714 717/2803/714 719/2804/714
f 686/2805/715 684/2806/715 718/2807/715 720/2808/715
f 687/2809/716 685/2810/716 719/2811/716 721/2812/716
f 688/2813/717 686/2814/717 720/2815/717 722/2816/717
f 689/2817/718 687/2818/718 721/2819/718 723/2820/718
f 690/2821/719 688/2822/719 722/2823/719 724/2824/719
f 691/2825/720 689/2826/720 723/2827/720 725/2828/720
f 692/2829/721 690/2830/721 724/2831/721 726/2832/721
f 693/2833/722 691/2834/722 725/2835/722 727/2836/722
f 694/2837/723 692/2838/723 726/2839/723 728/2840/723
f 695/2841/724 693/2842/724 727/2843/724 729/2844/724
f 696/2845/725 694/2846/725 728/2847/725 730/2848/725
f 697/2849/726 695/2850/726 729/2851/726 731/2852/726
f 698/2853/727 696/2854/727 730/2855/727 705/2856/727
f 699/2857/728 697/2858/728 731/2859/728 707/2860/728
f 728/2861/729 726/2862/729 732/2863/729 733/2864/729
f 729/2865/730 727/2866/730 734/2867/730 735/2868/730
f 730/2869/731 728/2870/731 733/2871/731 736/2872/731
f 731/2873/732 729/2874/732 735/2875/732 737/2876/732
f 705/2877/733 730/2878/733 736/2879/733 738/2880/733
f 707/2881/734 731/2882/734 737/2883/734 739/2884/734
f 706/2885/735 705/2886/735 738/2887/735 740/2888/735
f 708/2889/736 707/2890/736 739/2891/736 741/2892/736
f 709/2893/737 54/2894/737 742/2895/737
f 56/2896/738 706/2897/738 740/2898/738
f 710/2899/739 708/2900/739 741/2901/739 743/2902/739
f 711/2903/740 709/2904/740 742/2905/740 744/2906/740
f 712/2907/741 710/2908/741 743/2909/741 745/2910/741
f 713/2911/742 711/2912/742 744/2913/742 746/2914/742
f 714/2915/743 712/2916/743 745/2917/743 747/2918/743
f 715/2919/744 713/2920/744 746/2921/744 748/2922/744
f 716/2923/745 714/2924/745 747/2925/745 749/2926/745
f 717/2927/746 715/2928/746 748/2929/746 750/2930/746
f 718/2931/747 716/2932/747 749/2933/747 751/2934/747
f 719/2935/748 717/2936/748 750/2937/748 752/2938/748
f 720/2939/749 718/2940/749 751/2941/749 753/2942/749
f 721/2943/750 719/2944/750 752/2945/750 754/2946/750
f 722/2947/751 720/2948/751 753/2949/751 755/2950/751
f 723/2951/752 721/2952/752 754/2953/752 756/2954/752
f 724/2955/753 722/2956/753 755/2957/753 757/2958/753
f 725/2959/754 723/2960/754 756/2961/754 758/2962/754
f 726/2963/755 724/2964/755 757/2965/755 732/2966/755
f 727/2967/756 725/2968/756 758/2969/756 734/2970/756
f 754/2971/757 752/2972/757 759/2973/757 760/2974/757
f 755/2975/758 753/2976/758 761/2977/758 762/2978/758
f 756/2979/759 754/2980/759 760/2981/759 763/2982/759
f 757/2983/760 755/2984/760 762/2985/760 764/2986/760
f 758/2987/761 756/2988/761 763/2989/761 765/2990/761
f 732/2991/762 757/2992/762 764/2993/762 766/2994/762
f 734/2995/763 758/2996/763 765/2997/763 767/2998/763
f 733/2999/764 732/3000/764 766/3001/764 768/3002/764
f 735/3003/765 734/3004/765 767/3005/765 769/3006/765
f 736/3007/766 733/3008/766 768/3009/766 770/3010/766
f 737/3011/767 735/3012/767 769/3013/767 771/3014/767
f 738/3015/768 736/3016/768 770/3017/768 772/3018/768
f 739/3019/769 737/3020/769 771/3021/769 773/3022/769
f 740/3023/770 738/3024/770 772/3025/770 774/3026/770
f 741/3027/771 739/3028/771 773/3029/771 775/3030/771
f 742/3031/772 54/3032/772 776/3033/772
f 56/3034/773 740/3035/773 774/3036/773
f 743/3037/774 741/3038/774 775/3039/774 777/3040/774
f 744/3041/775 742/3042/775 776/3043/775 778/3044/775
f 745/3045/776 743/3046/776 777/3047/776 779/3048/776
f 746/3049/777 744/3050/777 778/3051/777 780/3052/777
f 747/3053/778 745/3054/778 779/3055/778 781/3056/778
f 748/3057/779 746/3058/779 780/3059/779 782/3060/779
f 749/3061/780 747/3062/780 781/3063/780 783/3064/780
f 750/3065/781 748/3066/781 782/3067/781 784/3068/781
f 751/3069/782 749/3070/782 783/3071/782 785/3072/782
f 752/3073/783 750/3074/783 784/3075/783 759/3076/783
f 753/3077/784 751/3078/784 785/3079/784 761/3080/784
f 781/3081/785 779/3082/785 786/3083/785 787/3084/785
f 782/3085/786 780/3086/786 788/3087/786 789/3088/786
f 783/3089/787 781/3090/787 787/3091/787 790/3092/787
f 784/3093/788 782/3094/788 789/3095/788 791/3096/788
f 785/3097/789 783/3098/789 790/3099/789 792/3100/789
f 759/3101/790 784/3102/790 791/3103/790 793/3104/790
f 761/3105/791 785/3106/791 792/3107/791 794/3108/791
f 760/3109/792 759/3110/792 793/3111/792 795/3112/792
f 762/3113/793 761/3114/793 794/3115/793 796/3116/793
f 763/3117/794 760/3118/794 795/3119/794 797/3120/794
f 764/3121/795 762/3122/795 796/3123/795 798/3124/795
f 765/3125/796 763/3126/796 797/3127/796 799/3128/796
f 766/3129/797 764/3130/797 798/3131/797 800/3132/797
f 767/3133/798 765/3134/798 799/3135/798 801/3136/798
f 768/3137/799 766/3138/799 800/3139/799 802/3140/799
f 769/3141/800 767/3142/800 801/3143/800 803/3144/800
f 770/3145/801 768/3146/801 802/3147/801 804/3148/801
f 771/3149/802 769/3150/802 803/3151/802 805/3152/802
f 772/3153/803 770/3154/803 804/3155/803 806/3156/803
f 773/3157/804 771/3158/804 805/3159/804 807/3160/804
f 774/3161/805 772/3162/805 806/3163/805 808/3164/805
f 775/3165/806 773/3166/806 807/3167/806 809/3168/806
f 776/3169/807 54/3170/807 810/3171/807
f 56/3172/808 774/3173/808 808/3174/808
f 777/3175/809 775/3176/809 809/3177/809 811/3178/809
f 778/3179/810 776/3180/810 810/3181/810 812/3182/810
f 779/3183/811 777/3184/811 811/3185/811 786/3186/811
f 780/3187/812 778/3188/812 812/3189/812 788/3190/812
f 804/3191/813 802/3192/813 813/3193/813 814/3194/813
f 809/3195/814 807/3196/814 815/3197/814 816/3198/814
f 810/3199/815 54/3200/815 817/3201/815
f 806/3202/816 804/3203/816 814/3204/816 818/3205/816
f 812/3206/817 810/3207/817 817/3208/817 819/3209/817
f 808/3210/818 806/3211/818 818/3212/818 820/3213/818
f 788/3214/819 812/3215/819 819/3216/819 821/3217/819
f 56/3218/820 808/3219/820 820/3220/820
f 811/3221/821 809/3222/821 816/3223/821 822/3224/821
f 789/3225/822 788/3226/822 821/3227/822 823/3228/822
f 786/3229/823 811/3230/823 822/3231/823 824/3232/823
f 791/3233/824 789/3234/824 823/3235/824 825/3236/824
f 787/3237/825 786/3238/825 824/3239/825 826/3240/825
f 793/3241/826 791/3242/826 825/3243/826 827/3244/826
f 790/3245/827 787/3246/827 826/3247/827 828/3248/827
f 795/3249/828 793/3250/828 827/3251/828 829/3252/828
f 792/3253/829 790/3254/829 828/3255/829 830/3256/829
f 797/3257/830 795/3258/830 829/3259/830 831/3260/830
f 794/3261/831 792/3262/831 830/3263/831 832/3264/831
f 799/3265/832 797/3266/832 831/3267/832 833/3268/832
f 796/3269/833 794/3270/833 832/3271/833 834/3272/833
f 801/3273/834 799/3274/834 833/3275/834 835/3276/834
f 798/3277/835 796/3278/835 834/3279/835 836/3280/835
f 803/3281/836 801/3282/836 835/3283/836 837/3284/836
f 800/3285/837 798/3286/837 836/3287/837 838/3288/837
f 805/3289/838 803/3290/838 837/3291/838 839/3292/838
f 802/3293/839 800/3294/839 838/3295/839 813/3296/839
f 807/3297/840 805/3298/840 839/3299/840 815/3300/840
f 831/3301/841 829/3302/841 840/3303/841 841/3304/841
f 836/3305/842 834/3306/842 842/3307/842 843/3308/842
f 833/3309/843 831/3310/843 841/3311/843 844/3312/843
f 838/3313/844 836/3314/844 843/3315/844 845/3316/844
f 835/3317/845 833/3318/845 844/3319/845 846/3320/845
f 813/3321/846 838/3322/846 845/3323/846 847/3324/846
f 837/3325/847 835/3326/847 846/3327/847 848/3328/847
f 814/3329/848 813/3330/848 847/3331/848 849/3332/848
f 839/3333/849 837/3334/849 848/3335/849 850/3336/849
f 818/3337/850 814/3338/850 849/3339/850 851/3340/850
f 815/3341/851 839/3342/851 850/3343/851 852/3344/851
f 820/3345/852 818/3346/852 851/3347/852 853/3348/852
f 816/3349/853 815/3350/853 852/3351/853 854/3352/853
f 817/3353/854 54/3354/854 855/3355/854
f 56/3356/855 820/3357/855 853/3358/855
f 822/3359/856 816/3360/856 854/3361/856 856/3362/856
f 819/3363/857 817/3364/857 855/3365/857 857/3366/857
f 824/3367/858 822/3368/858 856/3369/858 858/3370/858
f 821/3371/859 819/3372/859 857/3373/859 859/3374/859
f 826/3375/860 824/3376/860 858/3377/860 860/3378/860
f 823/3379/861 821/3380/861 859/3381/861 861/3382/861
f 828/3383/862 826/3384/862 860/3385/862 862/3386/862
f 825/3387/863 823/3388/863 861/3389/863 863/3390/863
f 830/3391/864 828/3392/864 862/3393/864 864/3394/864
f 827/3395/865 825/3396/865 863/3397/865 865/3398/865
f 832/3399/866 830/3400/866 864/3401/866 866/3402/866
f 829/3403/867 827/3404/867 865/3405/867 840/3406/867
f 834/3407/868 832/3408/868 866/3409/868 842/3410/868
f 862/3411/869 860/3412/869 867/3413/869 868/3414/869
f 863/3415/870 861/3416/870 869/3417/870 870/3418/870
f 864/3419/871 862/3420/871 868/3421/871 871/3422/871
f 865/3423/872 863/3424/872 870/3425/872 872/3426/872
f 866/3427/873 864/3428/873 871/3429/873 873/3430/873
f 840/3431/874 865/3432/874 872/3433/874 874/3434/874
f 842/3435/875 866/3436/875 873/3437/875 875/3438/875
f 841/3439/876 840/3440/876 874/3441/876 876/3442/876
f 843/3443/877 842/3444/877 875/3445/877 877/3446/877
f 844/3447/878 841/3448/878 876/3449/878 878/3450/878
f 845/3451/879 843/3452/879 877/3453/879 879/3454/879
f 846/3455/880 844/3456/880 878/3457/880 880/3458/880
f 847/3459/881 845/3460/881 879/3461/881 881/3462/881
f 848/3463/882 846/3464/882 880/3465/882 882/3466/882
f 849/3467/883 847/3468/883 881/3469/883 883/3470/883
f 850/3471/884 848/3472/884 882/3473/884 884/3474/884
f 851/3475/885 849/3476/885 883/3477/885 885/3478/885
f 852/3479/886 850/3480/886 884/3481/886 886/3482/886
f 853/3483/887 851/3484/887 885/3485/887 887/3486/887
f 854/3487/888 852/3488/888 886/3489/888 888/3490/888
f 855/3491/889 54/3492/889 889/3493/889
f 56/3494/890 853/3495/890 887/3496/890
f 856/3497/891 854/3498/891 888/3499/891 890/3500/891
f 857/3501/892 855/3502/892 889/3503/892 891/3504/892
f 858/3505/893 856/3506/893 890/3507/893 892/3508/893
f 859/3509/894 857/3510/894 891/3511/894 893/3512/894
f 860/3513/895 858/3514/895 892/3515/895 867/3516/895
f 861/3517/896 859/3518/896 893/3519/896 869/3520/896
f 56/3521/897 887/3522/897 894/3523/897
f 890/3524/898 888/3525/898 895/3526/898 896/3527/898
f 891/3528/899 889/3529/899 897/3530/899 898/3531/899
f 892/3532/900 890/3533/900 896/3534/900 899/3535/900
f 893/3536/901 891/3537/901 898/3538/901 900/3539/901
f 867/3540/902 892/3541/902 899/3542/902 901/3543/902
f 869/3544/903 893/3545/903 900/3546/903 902/3547/903
f 868/3548/904 867/3549/904 901/3550/904 903/3551/904
f 870/3552/905 869/3553/905 902/3554/905 904/3555/905
f 871/3556/906 868/3557/906 903/3558/906 905/3559/906
f 872/3560/907 870/3561/907 904/3562/907 906/3563/907
f 873/3564/908 871/3565/908 905/3566/908 907/3567/908
f 874/3568/909 872/3569/909 906/3570/909 908/3571/909
f 875/3572/910 873/3573/910 907/3574/910 909/3575/910
f 876/3576/911 874/3577/911 908/3578/911 910/3579/911
f 877/3580/912 875/3581/912 909/3582/912 911/3583/912
f 878/3584/913 876/3585/913 910/3586/913 912/3587/913
f 879/3588/914 877/3589/914 911/3590/914 913/3591/914
f 880/3592/915 878/3593/915 912/3594/915 914/3595/915
f 881/3596/916 879/3597/916 913/3598/916 915/3599/916
f 882/3600/917 880/3601/917 914/3602/917 916/3603/917
f 883/3604/918 881/3605/918 915/3606/918 917/3607/918
f 884/3608/919 882/3609/919 916/3610/919 918/3611/919
f 885/3612/920 883/3613/920 917/3614/920 919/3615/920
f 886/3616/921 884/3617/921 918/3618/921 920/3619/921
f 887/3620/922 885/3621/922 919/3622/922 894/3623/922
f 888/3624/923 886/3625/923 920/3626/923 895/3627/923
f 889/3628/924 54/3629/924 897/3630/924
f 917/3631/925 915/3632/925 921/3633/925 922/3634/925
f 918/3635/926 916/3636/926 923/3637/926 924/3638/926
f 919/3639/927 917/3640/927 922/3641/927 925/3642/927
f 920/3643/928 918/3644/928 924/3645/928 926/3646/928
f 894/3647/929 919/3648/929 925/3649/929 927/3650/929
f 895/3651/930 920/3652/930 926/3653/930 928/3654/930
f 897/3655/931 54/3656/931 929/3657/931
f 56/3658/932 894/3659/932 927/3660/932
f 896/3661/933 895/3662/933 928/3663/933 930/3664/933
f 898/3665/934 897/3666/934 929/3667/934 931/3668/934
f 899/3669/935 896/3670/935 930/3671/935 932/3672/935
f 900/3673/936 898/3674/936 931/3675/936 933/3676/936
f 901/3677/937 899/3678/937 932/3679/937 934/3680/937
f 902/3681/938 900/3682/938 933/3683/938 935/3684/938
f 903/3685/939 901/3686/939 934/3687/939 936/3688/939
f 904/3689/940 902/3690/940 935/3691/940 937/3692/940
f 905/3693/941 903/3694/941 936/3695/941 938/3696/941
f 906/3697/942 904/3698/942 937/3699/942 939/3700/942
f 907/3701/943 905/3702/943 938/3703/943 940/3704/943
f 908/3705/944 906/3706/944 939/3707/944 941/3708/944
f 909/3709/945 907/3710/945 940/3711/945 942/3712/945
f 910/3713/946 908/3714/946 941/3715/946 943/3716/946
f 911/3717/947 909/3718/947 942/3719/947 944/3720/947
f 912/3721/948 910/3722/948 943/3723/948 945/3724/948
f 913/3725/949 911/3726/949 944/3727/949 946/3728/949
f 914/3729/950 912/3730/950 945/3731/950 947/3732/950
f 915/3733/951 913/3734/951 946/3735/951 921/3736/951
f 916/3737/952 914/3738/952 947/3739/952 923/3740/952
f 943/3741/953 941/3742/953 948/3743/953 949/3744/953
f 944/3745/954 942/3746/954 950/3747/954 951/3748/954
f 945/3749/955 943/3750/955 949/3751/955 952/3752/955
f 946/3753/956 944/3754/956 951/3755/956 953/3756/956
f 947/3757/957 945/3758/957 952/3759/957 954/3760/957
f 921/3761/958 946/3762/958 953/3763/958 955/3764/958
f 923/3765/959 947/3766/959 954/3767/959 956/3768/959
f 922/3769/960 921/3770/960 955/3771/960 957/3772/960
f 924/3773/961 923/3774/961 956/3775/961 958/3776/961
f 925/3777/962 922/3778/962 957/3779/962 959/3780/962
f 926/3781/963 924/3782/963 958/3783/963 960/3784/963
f 927/3785/964 925/3786/964 959/3787/964 961/3788/964
f 928/3789/965 926/3790/965 960/3791/965 962/3792/965
f 929/3793/966 54/3794/966 963/3795/966
f 56/3796/967 927/3797/967 961/3798/967
f 930/3799/968 928/3800/968 962/3801/968 964/3802/968
f 931/3803/969 929/3804/969 963/3805/969 965/3806/969
f 932/3807/970 930/3808/970 964/3809/970 966/3810/970
f 933/3811/971 931/3812/971 965/3813/971 967/3814/971
f 934/3815/972 932/3816/972 966/3817/972 968/3818/972
f 935/3819/973 933/3820/973 967/3821/973 969/3822/973
f 936/3823/974 934/3824/974 968/3825/974 970/3826/974
f 937/3827/975 935/3828/975 969/3829/975 971/3830/975
f 938/3831/976 936/3832/976 970/3833/976 972/3834/976
f 939/3835/977 937/3836/977 971/3837/977 973/3838/977
f 940/3839/978 938/3840/978 972/3841/978 974/3842/978
f 941/3843/979 939/3844/979 973/3845/979 948/3846/979
f 942/3847/980 940/3848/980 974/3849/980 950/3850/980
f 970/3851/981 968/3852/981 975/3853/981 976/3854/981
f 971/3855/982 969/3856/982 977/3857/982 978/3858/982
f 972/3859/983 970/3860/983 976/3861/983 979/3862/983
f 973/3863/984 971/3864/984 978/3865/984 980/3866/984
f 974/3867/985 972/3868/985 979/3869/985 981/3870/985
f 948/3871/986 973/3872/986 980/3873/986 982/3874/986
f 950/3875/987 974/3876/987 981/3877/987 983/3878/987
f 949/3879/988 948/3880/988 982/3881/988 984/3882/988
f 951/3883/989 950/3884/989 983/3885/989 985/3886/989
f 952/3887/990 949/3888/990 984/3889/990 986/3890/990
f 953/3891/991 951/3892/991 985/3893/991 987/3894/991
f 954/3895/992 952/3896/992 986/3897/992 988/3898/992
f 955/3899/993 953/3900/993 987/3901/993 989/3902/993
f 956/3903/994 954/3904/994 988/3905/994 990/3906/994
f 957/3907/995 955/3908/995 989/3909/995 991/3910/995
f 958/3911/996 956/3912/996 990/3913/996 992/3914/996
f 959/3915/997 957/3916/997 991/3917/997 993/3918/997
f 960/3919/998 958/3920/998 992/3921/998 994/3922/998
f 961/3923/999 959/3924/999 993/3925/999 995/3926/999
f 962/3927/1000 960/3928/1000 994/3929/1000 996/3930/1000
f 963/3931/1001 54/3932/1001 997/3933/1001
f 56/3934/1002 961/3935/1002 995/3936/1002
f 964/3937/1003 962/3938/1003 996/3939/1003 998/3940/1003
f 965/3941/1004 963/3942/1004 997/3943/1004 999/3944/1004
f 966/3945/1005 964/3946/1005 998/3947/1005 1000/3948/1005
f 967/3949/1006 965/3950/1006 999/3951/1006 1001/3952/1006
f 968/3953/1007 966/3954/1007 1000/3955/1007 975/3956/1007
f 969/3957/1008 967/3958/1008 1001/3959/1008 977/3960/1008
f 997/3961/1009 54/3962/1009 1002/3963/1009
f 56/3964/1010 995/3965/1010 1003/3966/1010
f 998/3967/1011 996/3968/1011 1004/3969/1011 1005/3970/1011
f 999/3971/1012 997/3972/1012 1002/3973/1012 1006/3974/1012
f 1000/3975/1013 998/3976/1013 1005/3977/1013 1007/3978/1013
f 1001/3979/1014 999/3980/1014 1006/3981/1014 1008/3982/1014
f 975/3983/1015 1000/3984/1015 1007/3985/1015 1009/3986/1015
f 977/3987/1016 1001/3988/1016 1008/3989/1016 1010/3990/1016
f 976/3991/1017 975/3992/1017 1009/3993/1017 1011/3994/1017
f 978/3995/1018 977/3996/1018 1010/3997/1018 1012/3998/1018
f 979/3999/1019 976/4000/1019 1011/4001/1019 1013/4002/1019
f 980/4003/1020 978/4004/1020 1012/4005/1020 1014/4006/1020
f 981/4007/1021 979/4008/1021 1013/4009/1021 1015/4010/1021
f 982/4011/1022 980/4012/1022 1014/4013/1022 1016/4014/1022
f 983/4015/1023 981/4016/1023 1015/4017/1023 1017/4018/1023
f 984/4019/1024 982/4020/1024 1016/4021/1024 1018/4022/1024
f 985/4023/1025 983/4024/1025 1017/4025/1025 1019/4026/1025
f 986/4027/1026 984/4028/1026 1018/4029/1026 1020/4030/1026
f 987/4031/1027 985/4032/1027 1019/4033/1027 1021/4034/1027
f 988/4035/1028 986/4036/1028 1020/4037/1028 1022/4038/1028
f 989/4039/1029 987/4040/1029 1021/4041/1029 1023/4042/1029
f 990/4043/1030 988/4044/1030 1022/4045/1030 1024/4046/1030
f 991/4047/1031 989/4048/1031 1023/4049/1031 1025/4050/1031
f 992/4051/1032 990/4052/1032 1024/4053/1032 1026/4054/1032
f 993/4055/1033 991/4056/1033 1025/4057/1033 1027/4058/1033
f 994/4059/1034 992/4060/1034 1026/4061/1034 1028/4062/1034
f 995/4063/1035 993/4064/1035 1027/4065/1035 1003/4066/1035
f 996/4067/1036 994/4068/1036 1028/4069/1036 1004/4070/1036
f 1024/4071/1037 1022/4072/1037 1029/4073/1037 1030/4074/1037
f 1025/4075/1038 1023/4076/1038 1031/4077/1038 1032/4078/1038
f 1026/4079/1039 1024/4080/1039 1030/4081/1039 1033/4082/1039
f 1027/4083/1040 1025/4084/1040 1032/4085/1040 1034/4086/1040
f 1028/4087/1041 1026/4088/1041 1033/4089/1041 1035/4090/1041
f 1003/4091/1042 1027/4092/1042 1034/4093/1042 1036/4094/1042
f 1004/4095/1043 1028/4096/1043 1035/4097/1043 1037/4098/1043
f 1002/4099/1044 54/4100/1044 1038/4101/1044
f 56/4102/1045 1003/4103/1045 1036/4104/1045
f 1005/4105/1046 1004/4106/1046 1037/4107/1046 1039/4108/1046
f 1006/4109/1047 1002/4110/1047 1038/4111/1047 1040/4112/1047
f 1007/4113/1048 1005/4114/1048 1039/4115/1048 1041/4116/1048
f 1008/4117/1049 1006/4118/1049 1040/4119/1049 1042/4120/1049
f 1009/4121/1050 1007/4122/1050 1041/4123/1050 1043/4124/1050
f 1010/4125/1051 1008/4126/1051 1042/4127/1051 1044/4128/1051
f 1011/4129/1052 1009/4130/1052 1043/4131/1052 1045/4132/1052
f 1012/4133/1053 1010/4134/1053 1044/4135/1053 1046/4136/1053
f 1013/4137/1054 1011/4138/1054 1045/4139/1054 1047/4140/1054
f 1014/4141/1055 1012/4142/1055 1046/4143/1055 1048/4144/1055
f 1015/4145/1056 1013/4146/1056 1047/4147/1056 1049/4148/1056
f 1016/4149/1057 1014/4150/1057 1048/4151/1057 1050/4152/1057
f 1017/4153/1058 1015/4154/1058 1049/4155/1058 1051/4156/1058
f 1018/4157/1059 1016/4158/1059 1050/4159/1059 1052/4160/1059
f 1019/4161/1060 1017/4162/1060 1051/4163/1060 1053/4164/1060
f 1020/4165/1061 1018/4166/1061 1052/4167/1061 1054/4168/1061
f 1021/4169/1062 1019/4170/1062 1053/4171/1062 1055/4172/1062
f 1022/4173/1063 1020/4174/1063 1054/4175/1063 1029/4176/1063
f 1023/4177/1064 1021/4178/1064 1055/4179/1064 1031/4180/1064
f 1051/4181/1065 1049/4182/1065 1056/4183/1065 1057/4184/1065
f 1052/4185/1066 1050/4186/1066 1058/4187/1066 1059/4188/1066
f 1053/4189/1067 1051/4190/1067 1057/4191/1067 1060/4192/1067
f 1054/4193/1068 1052/4194/1068 1059/4195/1068 1061/4196/1068
f 1055/4197/1069 1053/4198/1069 1060/4199/1069 1062/4200/1069
f 1029/4201/1070 1054/4202/1070 1061/4203/1070 1063/4204/1070
f 1031/4205/1071 1055/4206/1071 1062/4207/1071 1064/4208/1071
f 1030/4209/1072 1029/4210/1072 1063/4211/1072 1065/4212/1072
f 1032/4213/1073 1031/4214/1073 1064/4215/1073 1066/4216/1073
f 1033/4217/1074 1030/4218/1074 1065/4219/1074 1067/4220/1074
f 1034/4221/1075 1032/4222/1075 1066/4223/1075 1068/4224/1075
f 1035/4225/1076 1033/4226/1076 1067/4227/1076 1069/4228/1076
f 1036/4229/1077 1034/4230/1077 1068/4231/1077 1070/4232/1077
f 1037/4233/1078 1035/4234/1078 1069/4235/1078 1071/4236/1078
f 1038/4237/1079 54/4238/1079 1072/4239/1079
f 56/4240/1080 1036/4241/1080 1070/4242/1080
f 1039/4243/1081 1037/4244/1081 1071/4245/1081 1073/4246/1081
f 1040/4247/1082 1038/4248/1082 1072/4249/1082 1074/4250/1082
f 1041/4251/1083 1039/4252/1083 1073/4253/1083 1075/4254/1083
f 1042/4255/1084 1040/4256/1084 1074/4257/1084 1076/4258/1084
f 1043/4259/1085 1041/4260/1085 1075/4261/1085 1077/4262/1085
f 1044/4263/1086 1042/4264/1086 1076/4265/1086 1078/4266/1086
f 1045/4267/1087 1043/4268/1087 1077/4269/1087 1079/4270/1087
f 1046/4271/1088 1044/4272/1088 1078/4273/1088 1080/4274/1088
f 1047/4275/1089 1045/4276/1089 1079/4277/1089 1081/4278/1089
f 1048/4279/1090 1046/4280/1090 1080/4281/1090 1082/4282/1090
f 1049/4283/1091 1047/4284/1091 1081/4285/1091 1056/4286/1091
f 1050/4287/1092 1048/4288/1092 1082/4289/1092 1058/4290/1092
f 1079/4291/1093 1077/4292/1093 1083/4293/1093 1084/4294/1093
f 1080/4295/1094 1078/4296/1094 1085/4297/1094 1086/4298/1094
f 1081/4299/1095 1079/4300/1095 1084/4301/1095 1087/4302/1095
f 1082/4303/1096 1080/4304/1096 1086/4305/1096 1088/4306/1096
f 1056/4307/1097 1081/4308/1097 1087/4309/1097 1089/4310/1097
f 1058/4311/1098 1082/4312/1098 1088/4313/1098 1090/4314/1098
f 1057/4315/1099 1056/4316/1099 1089/4317/1099 1091/4318/1099
f 1059/4319/1100 1058/4320/1100 1090/4321/1100 1092/4322/1100
f 1060/4323/1101 1057/4324/1101 1091/4325/1101 1093/4326/1101
f 1061/4327/1102 1059/4328/1102 1092/4329/1102 1094/4330/1102
f 1062/4331/1103 1060/4332/1103 1093/4333/1103 1095/4334/1103
f 1063/4335/1104 1061/4336/1104 1094/4337/1104 1096/4338/1104
f 1064/4339/1105 1062/4340/1105 1095/4341/1105 1097/4342/1105
f 1065/4343/1106 1063/4344/1106 1096/4345/1106 1098/4346/1106
f 1066/4347/1107 1064/4348/1107 1097/4349/1107 1099/4350/1107
f 1067/4351/1108 1065/4352/1108 1098/4353/1108 1100/4354/1108
f 1068/4355/1109 1066/4356/1109 1099/4357/1109 1101/4358/1109
f 1069/4359/1110 1067/4360/1110 1100/4361/1110 1102/4362/1110
f 1070/4363/1111 1068/4364/1111 1101/4365/1111 1103/4366/1111
f 1071/4367/1112 1069/4368/1112 1102/4369/1112 1104/4370/1112
f 1072/4371/1113 54/4372/1113 1105/4373/1113
f 56/4374/1114 1070/4375/1114 1103/4376/1114
f 1073/4377/1115 1071/4378/1115 1104/4379/1115 1106/4380/1115
f 1074/4381/1116 1072/4382/1116 1105/4383/1116 1107/4384/1116
f 1075/4385/1117 1073/4386/1117 1106/4387/1117 1108/4388/1117
f 1076/4389/1118 1074/4390/1118 1107/4391/1118 1109/4392/1118
f 1077/4393/1119 1075/4394/1119 1108/4395/1119 1083/4396/1119
f 1078/4397/1120 1076/4398/1120 1109/4399/1120 1085/4400/1120
f 1105/4401/1121 54/4402/1121 1110/4403/1121
f 56/4404/1122 1103/4405/1122 1111/4406/1122
f 1106/4407/1123 1104/4408/1123 1112/4409/1123 1113/4410/1123
f 1107/4411/1124 1105/4412/1124 1110/4413/1124 1114/4414/1124
f 1108/4415/1125 1106/4416/1125 1113/4417/1125 1115/4418/1125
f 1109/4419/1126 1107/4420/1126 1114/4421/1126 1116/4422/1126
f 1083/4423/1127 1108/4424/1127 1115/4425/1127 1117/4426/1127
f 1085/4427/1128 1109/4428/1128 1116/4429/1128 1118/4430/1128
f 1084/4431/1129 1083/4432/1129 1117/4433/1129 1119/4434/1129
f 1086/4435/1130 1085/4436/1130 1118/4437/1130 1120/4438/1130
f 1087/4439/1131 1084/4440/1131 1119/4441/1131 1121/4442/1131
f 1088/4443/1132 1086/4444/1132 1120/4445/1132 1122/4446/1132
f 1089/4447/1133 1087/4448/1133 1121/4449/1133 1123/4450/1133
f 1090/4451/1134 1088/4452/1134 1122/4453/1134 1124/4454/1134
f 1091/4455/1135 1089/4456/1135 1123/4457/1135 1125/4458/1135
f 1092/4459/1136 1090/4460/1136 1124/4461/1136 1126/4462/1136
f 1093/4463/1137 1091/4464/1137 1125/4465/1137 1127/4466/1137
f 1094/4467/1138 1092/4468/1138 1126/4469/1138 1128/4470/1138
f 1095/4471/1139 1093/4472/1139 1127/4473/1139 1129/4474/1139
f 1096/4475/1140 1094/4476/1140 1128/4477/1140 1130/4478/1140
f 1097/4479/1141 1095/4480/1141 1129/4481/1141 1131/4482/1141
f 1098/4483/1142 1096/4484/1142 1130/4485/1142 1132/4486/1142
f 1099/4487/1143 1097/4488/1143 1131/4489/1143 1133/4490/1143
f 1100/4491/1144 1098/4492/1144 1132/4493/1144 1134/4494/1144
f 1101/4495/1145 1099/4496/1145 1133/4497/1145 1135/4498/1145
f 1102/4499/1146 1100/4500/1146 1134/4501/1146 1136/4502/1146
f 1103/4503/1147 1101/4504/1147 1135/4505/1147 1111/4506/1147
f 1104/4507/1148 1102/4508/1148 1136/4509/1148 1112/4510/1148
f 1132/4511/1149 1130/4512/1149 1137/4513/1149 1138/4514/1149
f 1133/4515/1150 1131/4516/1150 1139/4517/1150 1140/4518/1150
f 1134/4519/1151 1132/4520/1151 1138/4521/1151 1141/4522/1151
f 1135/4523/1152 1133/4524/1152 1140/4525/1152 1142/4526/1152
f 1136/4527/1153 1134/4528/1153 1141/4529/1153 1143/4530/1153
f 1111/4531/1154 1135/4532/1154 1142/4533/1154 1144/4534/1154
f 1112/4535/1155 1136/4536/1155 1143/4537/1155 1145/4538/1155
f 1110/4539/1156 54/4540/1156 1146/4541/1156
f 56/4542/1157 1111/4543/1157 1144/4544/1157
f 1113/4545/1158 1112/4546/1158 1145/4547/1158 1147/4548/1158
f 1114/4549/1159 1110/4550/1159 1146/4551/1159 1148/4552/1159
f 1115/4553/1160 1113/4554/1160 1147/4555/1160 1149/4556/1160
f 1116/4557/1161 1114/4558/1161 1148/4559/1161 1150/4560/1161
f 1117/4561/1162 1115/4562/1162 1149/4563/1162 1151/4564/1162
f 1118/4565/1163 1116/4566/1163 1150/4567/1163 1152/4568/1163
f 1119/4569/1164 1117/4570/1164 1151/4571/1164 1153/4572/1164
f 1120/4573/1165 1118/4574/1165 1152/4575/1165 1154/4576/1165
f 1121/4577/1166 1119/4578/1166 1153/4579/1166 1155/4580/1166
f 1122/4581/1167 1120/4582/1167 1154/4583/1167 1156/4584/1167
f 1123/4585/1168 1121/4586/1168 1155/4587/1168 1157/4588/1168
f 1124/4589/1169 1122/4590/1169 1156/4591/1169 1158/4592/1169
f 1125/4593/1170 1123/4594/1170 1157/4595/1170 1159/4596/1170
f 1126/4597/1171 1124/4598/1171 1158/4599/1171 1160/4600/1171
f 1127/4601/1172 1125/4602/1172 1159/4603/1172 1161/4604/1172
f 1128/4605/1173 1126/4606/1173 1160/4607/1173 1162/4608/1173
f 1129/4609/1174 1127/4610/1174 1161/4611/1174 1163/4612/1174
f 1130/4613/1175 1128/4614/1175 1162/4615/1175 1137/4616/1175
f 1131/4617/1176 1129/4618/1176 1163/4619/1176 1139/4620/1176
f 1159/4621/1177 1157/4622/1177 1164/4623/1177 1165/4624/1177
f 1160/4625/1178 1158/4626/1178 1166/4627/1178 1167/4628/1178
f 1161/4629/1179 1159/4630/1179 1165/4631/1179 1168/4632/1179
f 1162/4633/1180 1160/4634/1180 1167/4635/1180 1169/4636/1180
f 1163/4637/1181 1161/4638/1181 1168/4639/1181 1170/4640/1181
f 1137/4641/1182 1162/4642/1182 1169/4643/1182 1171/4644/1182
f 1139/4645/1183 1163/4646/1183 1170/4647/1183 1172/4648/1183
f 1138/4649/1184 1137/4650/1184 1171/4651/1184 1173/4652/1184
f 1140/4653/1185 1139/4654/1185 1172/4655/1185 1174/4656/1185
f 1141/4657/1186 1138/4658/1186 1173/4659/1186 1175/4660/1186
f 1142/4661/1187 1140/4662/1187 1174/4663/1187 1176/4664/1187
f 1143/4665/1188 1141/4666/1188 1175/4667/1188 1177/4668/1188
f 1144/4669/1189 1142/4670/1189 1176/4671/1189 1178/4672/1189
f 1145/4673/1190 1143/4674/1190 1177/4675/1190 1179/4676/1190
f 1146/4677/1191 54/4678/1191 1180/4679/1191
f 56/4680/1192 1144/4681/1192 1178/4682/1192
f 1147/4683/1193 1145/4684/1193 1179/4685/1193 1181/4686/1193
f 1148/4687/1194 1146/4688/1194 1180/4689/1194 1182/4690/1194
f 1149/4691/1195 1147/4692/1195 1181/4693/1195 1183/4694/1195
f 1150/4695/1196 1148/4696/1196 1182/4697/1196 1184/4698/1196
f 1151/4699/1197 1149/4700/1197 1183/4701/1197 1185/4702/1197
f 1152/4703/1198 1150/4704/1198 1184/4705/1198 1186/4706/1198
f 1153/4707/1199 1151/4708/1199 1185/4709/1199 1187/4710/1199
f 1154/4711/1200 1152/4712/1200 1186/4713/1200 1188/4714/1200
f 1155/4715/1201 1153/4716/1201 1187/4717/1201 1189/4718/1201
f 1156/4719/1202 1154/4720/1202 1188/4721/1202 1190/4722/1202
f 1157/4723/1203 1155/4724/1203 1189/4725/1203 1164/4726/1203
f 1158/4727/1204 1156/4728/1204 1190/4729/1204 1166/4730/1204
f 1186/4731/1205 1184/4732/1205 1191/4733/1205 1192/4734/1205
f 1187/4735/1206 1185/4736/1206 1193/4737/1206 1194/4738/1206
f 1188/4739/1207 1186/4740/1207 1192/4741/1207 1195/4742/1207
f 1189/4743/1208 1187/4744/1208 1194/4745/1208 1196/4746/1208
f 1190/4747/1209 1188/4748/1209 1195/4749/1209 1197/4750/1209
f 1164/4751/1210 1189/4752/1210 1196/4753/1210 1198/4754/1210
f 1166/4755/1211 1190/4756/1211 1197/4757/1211 1199/4758/1211
f 1165/4759/1212 1164/4760/1212 1198/4761/1212 1200/4762/1212
f 1167/4763/1213 1166/4764/1213 1199/4765/1213 1201/4766/1213
f 1168/4767/1214 1165/4768/1214 1200/4769/1214 1202/4770/1214
f 1169/4771/1215 1167/4772/1215 1201/4773/1215 1203/4774/1215
f 1170/4775/1216 1168/4776/1216 1202/4777/1216 1204/4778/1216
f 1171/4779/1217 1169/4780/1217 1203/4781/1217 1205/4782/1217
f 1172/4783/1218 1170/4784/1218 1204/4785/1218 1206/4786/1218
f 1173/4787/1219 1171/4788/1219 1205/4789/1219 1207/4790/1219
f 1174/4791/1220 1172/4792/1220 1206/4793/1220 1208/4794/1220
f 1175/4795/1221 1173/4796/1221 1207/4797/1221 1209/4798/1221
f 1176/4799/1222 1174/4800/1222 1208/4801/1222 1210/4802/1222
f 1177/4803/1223 1175/4804/1223 1209/4805/1223 1211/4806/1223
f 1178/4807/1224 1176/4808/1224 1210/4809/1224 1212/4810/1224
f 1179/4811/1225 1177/4812/1225 1211/4813/1225 1213/4814/1225
f 1180/4815/1226 54/4816/1226 1214/4817/1226
f 56/4818/1227 1178/4819/1227 1212/4820/1227
f 1181/4821/1228 1179/4822/1228 1213/4823/1228 1215/4824/1228
f 1182/4825/1229 1180/4826/1229 1214/4827/1229 1216/4828/1229
f 1183/4829/1230 1181/4830/1230 1215/4831/1230 1217/4832/1230
f 1184/4833/1231 1182/4834/1231 1216/4835/1231 1191/4836/1231
f 1185/4837/1232 1183/4838/1232 1217/4839/1232 1193/4840/1232
f 1213/4841/1233 1211/4842/1233 1218/4843/1233 1219/4844/1233
f 1214/4845/1234 54/4846/1234 1220/4847/1234
f 56/4848/1235 1212/4849/1235 1221/4850/1235
f 1215/4851/1236 1213/4852/1236 1219/4853/1236 1222/4854/1236
f 1216/4855/1237 1214/4856/1237 1220/4857/1237 1223/4858/1237
f 1217/4859/1238 1215/4860/1238 1222/4861/1238 1224/4862/1238
f 1191/4863/1239 1216/4864/1239 1223/4865/1239 1225/4866/1239
f 1193/4867/1240 1217/4868/1240 1224/4869/1240 1226/4870/1240
f 1192/4871/1241 1191/4872/1241 1225/4873/1241 1227/4874/1241
f 1194/4875/1242 1193/4876/1242 1226/4877/1242 1228/4878/1242
f 1195/4879/1243 1192/4880/1243 1227/4881/1243 1229/4882/1243
f 1196/4883/1244 1194/4884/1244 1228/4885/1244 1230/4886/1244
f 1197/4887/1245 1195/4888/1245 1229/4889/1245 1231/4890/1245
f 1198/4891/1246 1196/4892/1246 1230/4893/1246 1232/4894/1246
f 1199/4895/1247 1197/4896/1247 1231/4897/1247 1233/4898/1247
f 1200/4899/1248 1198/4900/1248 1232/4901/1248 1234/4902/1248
f 1201/4903/1249 1199/4904/1249 1233/4905/1249 1235/4906/1249
f 1202/4907/1250 1200/4908/1250 1234/4909/1250 1236/4910/1250
f 1203/4911/1251 1201/4912/1251 1235/4913/1251 1237/4914/1251
f 1204/4915/1252 1202/4916/1252 1236/4917/1252 1238/4918/1252
f 1205/4919/1253 1203/4920/1253 1237/4921/1253 1239/4922/1253
f 1206/4923/1254 1204/4924/1254 1238/4925/1254 1240/4926/1254
f 1207/4927/1255 1205/4928/1255 1239/4929/1255 1241/4930/1255
f 1208/4931/1256 1206/4932/1256 1240/4933/1256 1242/4934/1256
f 1209/4935/1257 1207/4936/1257 1241/4937/1257 1243/4938/1257
f 1210/4939/1258 1208/4940/1258 1242/4941/1258 1244/4942/1258
f 1211/4943/1259 1209/4944/1259 1243/4945/1259 1218/4946/1259
f 1212/4947/1260 1210/4948/1260 1244/4949/1260 1221/4950/1260
f 1240/4951/1261 1238/4952/1261 1245/4953/1261 1246/4954/1261
f 1241/4955/1262 1239/4956/1262 1247/4957/1262 1248/4958/1262
f 1242/4959/1263 1240/4960/1263 1246/4961/1263 1249/4962/1263
f 1243/4963/1264 1241/4964/1264 1248/4965/1264 1250/4966/1264
f 1244/4967/1265 1242/4968/1265 1249/4969/1265 1251/4970/1265
f 1218/4971/1266 1243/4972/1266 1250/4973/1266 1252/4974/1266
f 1221/4975/1267 1244/4976/1267 1251/4977/1267 1253/4978/1267
f 1219/4979/1268 1218/4980/1268 1252/4981/1268 1254/4982/1268
f 1220/4983/1269 54/4984/1269 1255/4985/1269
f 56/4986/1270 1221/4987/1270 1253/4988/1270
f 1222/4989/1271 1219/4990/1271 1254/4991/1271 1256/4992/1271
f 1223/4993/1272 1220/4994/1272 1255/4995/1272 1257/4996/1272
f 1224/4997/1273 1222/4998/1273 1256/4999/1273 1258/5000/1273
f 1225/5001/1274 1223/5002/1274 1257/5003/1274 1259/5004/1274
f 1226/5005/1275 1224/5006/1275 1258/5007/1275 1260/5008/1275
f 1227/5009/1276 1225/5010/1276 1259/5011/1276 1261/5012/1276
f 1228/5013/1277 1226/5014/1277 1260/5015/1277 1262/5016/1277
f 1229/5017/1278 1227/5018/1278 1261/5019/1278 1263/5020/1278
f 1230/5021/1279 1228/5022/1279 1262/5023/1279 1264/5024/1279
f 1231/5025/1280 1229/5026/1280 1263/5027/1280 1265/5028/1280
f 1232/5029/1281 1230/5030/1281 1264/5031/1281 1266/5032/1281
f 1233/5033/1282 1231/5034/1282 1265/5035/1282 1267/5036/1282
f 1234/5037/1283 1232/5038/1283 1266/5039/1283 1268/5040/1283
f 1235/5041/1284 1233/5042/1284 1267/5043/1284 1269/5044/1284
f 1236/5045/1285 1234/5046/1285 1268/5047/1285 1270/5048/1285
f 1237/5049/1286 1235/5050/1286 1269/5051/1286 1271/5052/1286
f 1238/5053/1287 1236/5054/1287 1270/5055/1287 1245/5056/1287
f 1239/5057/1288 1237/5058/1288 1271/5059/1288 1247/5060/1288
f 1268/5061/1289 1266/5062/1289 1272/5063/1289 1273/5064/1289
f 1269/5065/1290 1267/5066/1290 1274/5067/1290 1275/5068/1290
f 1270/5069/1291 1268/5070/1291 1273/5071/1291 1276/5072/1291
f 1271/5073/1292 1269/5074/1292 1275/5075/1292 1277/5076/1292
f 1245/5077/1293 1270/5078/1293 1276/5079/1293 1278/5080/1293
f 1247/5081/1294 1271/5082/1294 1277/5083/1294 1279/5084/1294
f 1246/5085/1295 1245/5086/1295 1278/5087/1295 1280/5088/1295
f 1248/5089/1296 1247/5090/1296 1279/5091/1296 1281/5092/1296
f 1249/5093/1297 1246/5094/1297 1280/5095/1297 1282/5096/1297
f 1250/5097/1298 1248/5098/1298 1281/5099/1298 1283/5100/1298
f 1251/5101/1299 1249/5102/1299 1282/5103/1299 1284/5104/1299
f 1252/5105/1300 1250/5106/1300 1283/5107/1300 1285/5108/1300
f 1253/5109/1301 1251/5110/1301 1284/5111/1301 1286/5112/1301
f 1254/5113/1302 1252/5114/1302 1285/5115/1302 1287/5116/1302
f 1255/5117/1303 54/5118/1303 1288/5119/1303
f 56/5120/1304 1253/5121/1304 1286/5122/1304
f 1256/5123/1305 1254/5124/1305 1287/5125/1305 1289/5126/1305
f 1257/5127/1306 1255/5128/1306 1288/5129/1306 1290/5130/1306
f 1258/5131/1307 1256/5132/1307 1289/5133/1307 1291/5134/1307
f 1259/5135/1308 1257/5136/1308 1290/5137/1308 1292/5138/1308
f 1260/5139/1309 1258/5140/1309 1291/5141/1309 1293/5142/1309
f 1261/5143/1310 1259/5144/1310 1292/5145/1310 1294/5146/1310
f 1262/5147/1311 1260/5148/1311 1293/5149/1311 1295/5150/1311
f 1263/5151/1312 1261/5152/1312 1294/5153/1312 1296/5154/1312
f 1264/5155/1313 1262/5156/1313 1295/5157/1313 1297/5158/1313
f 1265/5159/1314 1263/5160/1314 1296/5161/1314 1298/5162/1314
f 1266/5163/1315 1264/5164/1315 1297/5165/1315 1272/5166/1315
f 1267/5167/1316 1265/5168/1316 1298/5169/1316 1274/5170/1316
f 1294/5171/1317 1292/5172/1317 1299/5173/1317 1300/5174/1317
f 1295/5175/1318 1293/5176/1318 1301/5177/1318 1302/5178/1318
f 1296/5179/1319 1294/5180/1319 1300/5181/1319 1303/5182/1319
f 1297/5183/1320 1295/5184/1320 1302/5185/1320 1304/5186/1320
f 1298/5187/1321 1296/5188/1321 1303/5189/1321 1305/5190/1321
f 1272/5191/1322 1297/5192/1322 1304/5193/1322 1306/5194/1322
f 1274/5195/1323 1298/5196/1323 1305/5197/1323 1307/5198/1323
f 1273/5199/1324 1272/5200/1324 1306/5201/1324 1308/5202/1324
f 1275/5203/1325 1274/5204/1325 1307/5205/1325 1309/5206/1325
f 1276/5207/1326 1273/5208/1326 1308/5209/1326 1310/5210/1326
f 1277/5211/1327 1275/5212/1327 1309/5213/1327 1311/5214/1327
f 1278/5215/1328 1276/5216/1328 1310/5217/1328 1312/5218/1328
f 1279/5219/1329 1277/5220/1329 1311/5221/1329 1313/5222/1329
f 1280/5223/1330 1278/5224/1330 1312/5225/1330 1314/5226/1330
f 1281/5227/1331 1279/5228/1331 1313/5229/1331 1315/5230/1331
f 1282/5231/1332 1280/5232/1332 1314/5233/1332 1316/5234/1332
f 1283/5235/1333 1281/5236/1333 1315/5237/1333 1317/5238/1333
f 1284/5239/1334 1282/5240/1334 1316/5241/1334 1318/5242/1334
f 1285/5243/1335 1283/5244/1335 1317/5245/1335 1319/5246/1335
f 1286/5247/1336 1284/5248/1336 1318/5249/1336 1320/5250/1336
f 1287/5251/1337 1285/5252/1337 1319/5253/1337 1321/5254/1337
f 1288/5255/1338 54/5256/1338 1322/5257/1338
f 56/5258/1339 1286/5259/1339 1320/5260/1339
f 1289/5261/1340 1287/5262/1340 1321/5263/1340 1323/5264/1340
f 1290/5265/1341 1288/5266/1341 1322/5267/1341 1324/5268/1341
f 1291/5269/1342 1289/5270/1342 1323/5271/1342 1325/5272/1342
f 1292/5273/1343 1290/5274/1343 1324/5275/1343 1299/5276/1343
f 1293/5277/1344 1291/5278/1344 1325/5279/1344 1301/5280/1344
f 1321/5281/1345 1319/5282/1345 1326/5283/1345 1327/5284/1345
f 1322/5285/1346 54/5286/1346 1328/5287/1346
f 56/5288/1347 1320/5289/1347 1329/5290/1347
f 1323/5291/1348 1321/5292/1348 1327/5293/1348 1330/5294/1348
f 1324/5295/1349 1322/5296/1349 1328/5297/1349 1331/5298/1349
f 1325/5299/1350 1323/5300/1350 1330/5301/1350 1332/5302/1350
f 1299/5303/1351 1324/5304/1351 1331/5305/1351 1333/5306/1351
f 1301/5307/1352 1325/5308/1352 1332/5309/1352 1334/5310/1352
f 1300/5311/1353 1299/5312/1353 1333/5313/1353 1335/5314/1353
f 1302/5315/1354 1301/5316/1354 1334/5317/1354 1336/5318/1354
f 1303/5319/1355 1300/5320/1355 1335/5321/1355 1337/5322/1355
f 1304/5323/1356 1302/5324/1356 1336/5325/1356 1338/5326/1356
f 1305/5327/1357 1303/5328/1357 1337/5329/1357 1339/5330/1357
f 1306/5331/1358 1304/5332/1358 1338/5333/1358 1340/5334/1358
f 1307/5335/1359 1305/5336/1359 1339/5337/1359 1341/5338/1359
f 1308/5339/1360 1306/5340/1360 1340/5341/1360 1342/5342/1360
f 1309/5343/1361 1307/5344/1361 1341/5345/1361 1343/5346/1361
f 1310/5347/1362 1308/5348/1362 1342/5349/1362 1344/5350/1362
f 1311/5351/1363 1309/5352/1363 1343/5353/1363 1345/5354/1363
f 1312/5355/1364 1310/5356/1364 1344/5357/1364 1346/5358/1364
f 1313/5359/1365 1311/5360/1365 1345/5361/1365 1347/5362/1365
f 1314/5363/1366 1312/5364/1366 1346/5365/1366 1348/5366/1366
f 1315/5367/1367 1313/5368/1367 1347/5369/1367 1349/5370/1367
f 1316/5371/1368 1314/5372/1368 1348/5373/1368 1350/5374/1368
f 1317/5375/1369 1315/5376/1369 1349/5377/1369 1351/5378/1369
f 1318/5379/1370 1316/5380/1370 1350/5381/1370 1352/5382/1370
f 1319/5383/1371 1317/5384/1371 1351/5385/1371 1326/5386/1371
f 1320/5387/1372 1318/5388/1372 1352/5389/1372 1329/5390/1372
f 1348/5391/1373 1346/5392/1373 1353/5393/1373 1354/5394/1373
f 1349/5395/1374 1347/5396/1374 1355/5397/1374 1356/5398/1374
f 1350/5399/1375 1348/5400/1375 1354/5401/1375 1357/5402/1375
f 1351/5403/1376 1349/5404/1376 1356/5405/1376 1358/5406/1376
f 1352/5407/1377 1350/5408/1377 1357/5409/1377 1359/5410/1377
f 1326/5411/1378 1351/5412/1378 1358/5413/1378 1360/5414/1378
f 1329/5415/1379 1352/5416/1379 1359/5417/1379 1361/5418/1379
f 1327/5419/1380 1326/5420/1380 1360/5421/1380 1362/5422/1380
f 1328/5423/1381 54/5424/1381 1363/5425/1381
f 56/5426/1382 1329/5427/1382 1361/5428/1382
f 1330/5429/1383 1327/5430/1383 1362/5431/1383 1364/5432/1383
f 1331/5433/1384 1328/5434/1384 1363/5435/1384 1365/5436/1384
f 1332/5437/1385 1330/5438/1385 1364/5439/1385 1366/5440/1385
f 1333/5441/1386 1331/5442/1386 1365/5443/1386 1367/5444/1386
f 1334/5445/1387 1332/5446/1387 1366/5447/1387 1368/5448/1387
f 1335/5449/1388 1333/5450/1388 1367/5451/1388 1369/5452/1388
f 1336/5453/1389 1334/5454/1389 1368/5455/1389 1370/5456/1389
f 1337/5457/1390 1335/5458/1390 1369/5459/1390 1371/5460/1390
f 1338/5461/1391 1336/5462/1391 1370/5463/1391 1372/5464/1391
f 1339/5465/1392 1337/5466/1392 1371/5467/1392 1373/5468/1392
f 1340/5469/1393 1338/5470/1393 1372/5471/1393 1374/5472/1393
f 1341/5473/1394 1339/5474/1394 1373/5475/1394 1375/5476/1394
f 1342/5477/1395 1340/5478/1395 1374/5479/1395 1376/5480/1395
f 1343/5481/1396 1341/5482/1396 1375/5483/1396 1377/5484/1396
f 1344/5485/1397 1342/5486/1397 1376/5487/1397 1378/5488/1397
f 1345/5489/1398 1343/5490/1398 1377/5491/1398 1379/5492/1398
f 1346/5493/1399 1344/5494/1399 1378/5495/1399 1353/5496/1399
f 1347/5497/1400 1345/5498/1400 1379/5499/1400 1355/5500/1400
f 1375/5501/1401 1373/5502/1401 1380/5503/1401 1381/5504/1401
f 1376/5505/1402 1374/5506/1402 1382/5507/1402 1383/5508/1402
f 1377/5509/1403 1375/5510/1403 1381/5511/1403 1384/5512/1403
f 1378/5513/1404 1376/5514/1404 1383/5515/1404 1385/5516/1404
f 1379/5517/1405 1377/5518/1405 1384/5519/1405 1386/5520/1405
f 1353/5521/1406 1378/5522/1406 1385/5523/1406 1387/5524/1406
f 1355/5525/1407 1379/5526/1407 1386/5527/1407 1388/5528/1407
f 1354/5529/1408 1353/5530/1408 1387/5531/1408 1389/5532/1408
f 1356/5533/1409 1355/5534/1409 1388/5535/1409 1390/5536/1409
f 1357/5537/1410 1354/5538/1410 1389/5539/1410 1391/5540/1410
f 1358/5541/1411 1356/5542/1411 1390/5543/1411 1392/5544/1411
f 1359/5545/1412 1357/5546/1412 1391/5547/1412 1393/5548/1412
f 1360/5549/1413 1358/5550/1413 1392/5551/1413 1394/5552/1413
f 1361/5553/1414 1359/5554/1414 1393/5555/1414 1395/5556/1414
f 1362/5557/1415 1360/5558/1415 1394/5559/1415 1396/5560/1415
f 1363/5561/1416 54/5562/1416 1397/5563/1416
f 56/5564/1417 1361/5565/1417 1395/5566/1417
f 1364/5567/1418 1362/5568/1418 1396/5569/1418 1398/5570/1418
f 1365/5571/1419 1363/5572/1419 1397/5573/1419 1399/5574/1419
f 1366/5575/1420 1364/5576/1420 1398/5577/1420 1400/5578/1420
f 1367/5579/1421 1365/5580/1421 1399/5581/1421 1401/5582/1421
f 1368/5583/1422 1366/5584/1422 1400/5585/1422 1402/5586/1422
f 1369/5587/1423 1367/5588/1423 1401/5589/1423 1403/5590/1423
f 1370/5591/1424 1368/5592/1424 1402/5593/1424 1404/5594/1424
f 1371/5595/1425 1369/5596/1425 1403/5597/1425 1405/5598/1425
f 1372/5599/1426 1370/5600/1426 1404/5601/1426 1406/5602/1426
f 1373/5603/1427 1371/5604/1427 1405/5605/1427 1380/5606/1427
f 1374/5607/1428 1372/5608/1428 1406/5609/1428 1382/5610/1428
f 1402/5611/1429 1400/5612/1429 1407/5613/1429 1408/5614/1429
f 1403/5615/1430 1401/5616/1430 1409/5617/1430 1410/5618/1430
f 1404/5619/1431 1402/5620/1431 1408/5621/1431 1411/5622/1431
f 1405/5623/1432 1403/5624/1432 1410/5625/1432 1412/5626/1432
f 1406/5627/1433 1404/5628/1433 1411/5629/1433 1413/5630/1433
f 1380/5631/1434 1405/5632/1434 1412/5633/1434 1414/5634/1434
f 1382/5635/1435 1406/5636/1435 1413/5637/1435 1415/5638/1435
f 1381/5639/1436 1380/5640/1436 1414/5641/1436 1416/5642/1436
f 1383/5643/1437 1382/5644/1437 1415/5645/1437 1417/5646/1437
f 1384/5647/1438 1381/5648/1438 1416/5649/1438 1418/5650/1438
f 1385/5651/1439 1383/5652/1439 1417/5653/1439 1419/5654/1439
f 1386/5655/1440 1384/5656/1440 1418/5657/1440 1420/5658/1440
f 1387/5659/1441 1385/5660/1441 1419/5661/1441 1421/5662/1441
f 1388/5663/1442 1386/5664/1442 1420/5665/1442 1422/5666/1442
f 1389/5667/1443 1387/5668/1443 1421/5669/1443 1423/5670/1443
f 1390/5671/1444 1388/5672/1444 1422/5673/1444 1424/5674/1444
f 1391/5675/1445 1389/5676/1445 1423/5677/1445 1425/5678/1445
f 1392/5679/1446 1390/5680/1446 1424/5681/1446 1426/5682/1446
f 1393/5683/1447 1391/5684/1447 1425/5685/1447 1427/5686/1447
f 1394/5687/1448 1392/5688/1448 1426/5689/1448 1428/5690/1448
f 1395/5691/1449 1393/5692/1449 1427/5693/1449 1429/5694/1449
f 1396/5695/1450 1394/5696/1450 1428/5697/1450 1430/5698/1450
f 1397/5699/1451 54/5700/1451 1431/5701/1451
f 56/5702/1452 1395/5703/1452 1429/5704/1452
f 1398/5705/1453 1396/5706/1453 1430/5707/1453 1432/5708/1453
f 1399/5709/1454 1397/5710/1454 1431/5711/1454 1433/5712/1454
f 1400/5713/1455 1398/5714/1455 1432/5715/1455 1407/5716/1455
f 1401/5717/1456 1399/5718/1456 1433/5719/1456 1409/5720/1456
f 1429/5721/1457 1427/5722/1457 1434/5723/1457 1435/5724/1457
f 1430/5725/1458 1428/5726/1458 1436/5727/1458 1437/5728/1458
f 1431/5729/1459 54/5730/1459 1438/5731/1459
f 56/5732/1460 1429/5733/1460 1435/5734/1460
f 1432/5735/1461 1430/5736/1461 1437/5737/1461 1439/5738/1461
f 1433/5739/1462 1431/5740/1462 1438/5741/1462 1440/5742/1462
f 1407/5743/1463 1432/5744/1463 1439/5745/1463 1441/5746/1463
f 1409/5747/1464 1433/5748/1464 1440/5749/1464 1442/5750/1464
f 1408/5751/1465 1407/5752/1465 1441/5753/1465 1443/5754/1465
f 1410/5755/1466 1409/5756/1466 1442/5757/1466 1444/5758/1466
f 1411/5759/1467 1408/5760/1467 1443/5761/1467 1445/5762/1467
f 1412/5763/1468 1410/5764/1468 1444/5765/1468 1446/5766/1468
f 1413/5767/1469 1411/5768/1469 1445/5769/1469 1447/5770/1469
f 1414/5771/1470 1412/5772/1470 1446/5773/1470 1448/5774/1470
f 1415/5775/1471 1413/5776/1471 1447/5777/1471 1449/5778/1471
f 1416/5779/1472 1414/5780/1472 1448/5781/1472 1450/5782/1472
f 1417/5783/1473 1415/5784/1473 1449/5785/1473 1451/5786/1473
f 1418/5787/1474 1416/5788/1474 1450/5789/1474 1452/5790/1474
f 1419/5791/1475 1417/5792/1475 1451/5793/1475 1453/5794/1475
f 1420/5795/1476 1418/5796/1476 1452/5797/1476 1454/5798/1476
f 1421/5799/1477 1419/5800/1477 1453/5801/1477 1455/5802/1477
f 1422/5803/1478 1420/5804/1478 1454/5805/1478 1456/5806/1478
f 1423/5807/1479 1421/5808/1479 1455/5809/1479 1457/5810/1479
f 1424/5811/1480 1422/5812/1480 1456/5813/1480 1458/5814/1480
f 1425/5815/1481 1423/5816/1481 1457/5817/1481 1459/5818/1481
f 1426/5819/1482 1424/5820/1482 1458/5821/1482 1460/5822/1482
f 1427/5823/1483 1425/5824/1483 1459/5825/1483 1434/5826/1483
f 1428/5827/1484 1426/5828/1484 1460/5829/1484 1436/5830/1484
f 1457/5831/1485 1455/5832/1485 1461/5833/1485 1462/5834/1485
f 1458/5835/1486 1456/5836/1486 1463/5837/1486 1464/5838/1486
f 1459/5839/1487 1457/5840/1487 1462/5841/1487 1465/5842/1487
f 1460/5843/1488 1458/5844/1488 1464/5845/1488 1466/5846/1488
f 1434/5847/1489 1459/5848/1489 1465/5849/1489 1467/5850/1489
f 1436/5851/1490 1460/5852/1490 1466/5853/1490 1468/5854/1490
f 1435/5855/1491 1434/5856/1491 1467/5857/1491 1469/5858/1491
f 1437/5859/1492 1436/5860/1492 1468/5861/1492 1470/5862/1492
f 1438/5863/1493 54/5864/1493 1471/5865/1493
f 56/5866/1494 1435/5867/1494 1469/5868/1494
f 1439/5869/1495 1437/5870/1495 1470/5871/1495 1472/5872/1495
f 1440/5873/1496 1438/5874/1496 1471/5875/1496 1473/5876/1496
f 1441/5877/1497 1439/5878/1497 1472/5879/1497 1474/5880/1497
f 1442/5881/1498 1440/5882/1498 1473/5883/1498 1475/5884/1498
f 1443/5885/1499 1441/5886/1499 1474/5887/1499 1476/5888/1499
f 1444/5889/1500 1442/5890/1500 1475/5891/1500 1477/5892/1500
f 1445/5893/1501 1443/5894/1501 1476/5895/1501 1478/5896/1501
f 1446/5897/1502 1444/5898/1502 1477/5899/1502 1479/5900/1502
f 1447/5901/1503 1445/5902/1503 1478/5903/1503 1480/5904/1503
f 1448/5905/1504 1446/5906/1504 1479/5907/1504 1481/5908/1504
f 1449/5909/1505 1447/5910/1505 1480/5911/1505 1482/5912/1505
f 1450/5913/1506 1448/5914/1506 1481/5915/1506 1483/5916/1506
f 1451/5917/1507 1449/5918/1507 1482/5919/1507 1484/5920/1507
f 1452/5921/1508 1450/5922/1508 1483/5923/1508 1485/5924/1508
f 1453/5925/1509 1451/5926/1509 1484/5927/1509 1486/5928/1509
f 1454/5929/1510 1452/5930/1510 1485/5931/1510 1487/5932/1510
f 1455/5933/1511 1453/5934/1511 1486/5935/1511 1461/5936/1511
f 1456/5937/1512 1454/5938/1512 1487/5939/1512 1463/5940/1512
f 1483/5941/1513 1481/5942/1513 1488/5943/1513 1489/5944/1513
f 1484/5945/1514 1482/5946/1514 1490/5947/1514 1491/5948/1514
f 1485/5949/1515 1483/5950/1515 1489/5951/1515 1492/5952/1515
f 1486/5953/1516 1484/5954/1516 1491/5955/1516 1493/5956/1516
f 1487/5957/1517 1485/5958/1517 1492/5959/1517 1494/5960/1517
f 1461/5961/1518 1486/5962/1518 1493/5963/1518 1495/5964/1518
f 1463/5965/1519 1487/5966/1519 1494/5967/1519 1496/5968/1519
f 1462/5969/1520 1461/5970/1520 1495/5971/1520 1497/5972/1520
f 1464/5973/1521 1463/5974/1521 1496/5975/1521 1498/5976/1521
f 1465/5977/1522 1462/5978/1522 1497/5979/1522 1499/5980/1522
f 1466/5981/1523 1464/5982/1523 1498/5983/1523 1500/5984/1523
f 1467/5985/1524 1465/5986/1524 1499/5987/1524 1501/5988/1524
f 1468/5989/1525 1466/5990/1525 1500/5991/1525 1502/5992/1525
f 1469/5993/1526 1467/5994/1526 1501/5995/1526 1503/5996/1526
f 1470/5997/1527 1468/5998/1527 1502/5999/1527 1504/6000/1527
f 1471/6001/1528 54/6002/1528 1505/6003/1528
f 56/6004/1529 1469/6005/1529 1503/6006/1529
f 1472/6007/1530 1470/6008/1530 1504/6009/1530 1506/6010/1530
f 1473/6011/1531 1471/6012/1531 1505/6013/1531 1507/6014/1531
f 1474/6015/1532 1472/6016/1532 1506/6017/1532 1508/6018/1532
f 1475/6019/1533 1473/6020/1533 1507/6021/1533 1509/6022/1533
f 1476/6023/1534 1474/6024/1534 1508/6025/1534 1510/6026/1534
f 1477/6027/1535 1475/6028/1535 1509/6029/1535 1511/6030/1535
f 1478/6031/1536 1476/6032/1536 1510/6033/1536 1512/6034/1536
f 1479/6035/1537 1477/6036/1537 1511/6037/1537 1513/6038/1537
f 1480/6039/1538 1478/6040/1538 1512/6041/1538 1514/6042/1538
f 1481/6043/1539 1479/6044/1539 1513/6045/1539 1488/6046/1539
f 1482/6047/1540 1480/6048/1540 1514/6049/1540 1490/6050/1540
f 1510/6051/1541 1508/6052/1541 1515/6053/1541 1516/6054/1541
f 1511/6055/1542 1509/6056/1542 1517/6057/1542 1518/6058/1542
f 1512/6059/1543 1510/6060/1543 1516/6061/1543 1519/6062/1543
f 1513/6063/1544 1511/6064/1544 1518/6065/1544 1520/6066/1544
f 1514/6067/1545 1512/6068/1545 1519/6069/1545 1521/6070/1545
f 1488/6071/1546 1513/6072/1546 1520/6073/1546 1522/6074/1546
f 1490/6075/1547 1514/6076/1547 1521/6077/1547 1523/6078/1547
f 1489/6079/1548 1488/6080/1548 1522/6081/1548 1524/6082/1548
f 1491/6083/1549 1490/6084/1549 1523/6085/1549 1525/6086/1549
f 1492/6087/1550 1489/6088/1550 1524/6089/1550 1526/6090/1550
f 1493/6091/1551 1491/6092/1551 1525/6093/1551 1527/6094/1551
f 1494/6095/1552 1492/6096/1552 1526/6097/1552 1528/6098/1552
f 1495/6099/1553 1493/6100/1553 1527/6101/1553 1529/6102/1553
f 1496/6103/1554 1494/6104/1554 1528/6105/1554 1530/6106/1554
f 1497/6107/1555 1495/6108/1555 1529/6109/1555 1531/6110/1555
f 1498/6111/1556 1496/6112/1556 1530/6113/1556 1532/6114/1556
f 1499/6115/1557 1497/6116/1557 1531/6117/1557 1533/6118/1557
f 1500/6119/1558 1498/6120/1558 1532/6121/1558 1534/6122/1558
f 1501/6123/1559 1499/6124/1559 1533/6125/1559 1535/6126/1559
f 1502/6127/1560 1500/6128/1560 1534/6129/1560 1536/6130/1560
f 1503/6131/1561 1501/6132/1561 1535/6133/1561 1537/6134/1561
f 1504/6135/1562 1502/6136/1562 1536/6137/1562 1538/6138/1562
f 1505/6139/1563 54/6140/1563 1539/6141/1563
f 56/6142/1564 1503/6143/1564 1537/6144/1564
f 1506/6145/1565 1504/6146/1565 1538/6147/1565 1540/6148/1565
f 1507/6149/1566 1505/6150/1566 1539/6151/1566 1541/6152/1566
f 1508/6153/1567 1506/6154/1567 1540/6155/1567 1515/6156/1567
f 1509/6157/1568 1507/6158/1568 1541/6159/1568 1517/6160/1568
f 1537/6161/1569 1535/6162/1569 1542/6163/1569 1543/6164/1569
f 1538/6165/1570 1536/6166/1570 1544/6167/1570 1545/6168/1570
f 1539/6169/1571 54/6170/1571 1546/6171/1571
f 56/6172/1572 1537/6173/1572 1543/6174/1572
f 1540/6175/1573 1538/6176/1573 1545/6177/1573 1547/6178/1573
f 1541/6179/1574 1539/6180/1574 1546/6181/1574 1548/6182/1574
f 1515/6183/1575 1540/6184/1575 1547/6185/1575 1549/6186/1575
f 1517/6187/1576 1541/6188/1576 1548/6189/1576 1550/6190/1576
f 1516/6191/1577 1515/6192/1577 1549/6193/1577 1551/6194/1577
f 1518/6195/1578 1517/6196/1578 1550/6197/1578 1552/6198/1578
f 1519/6199/1579 1516/6200/1579 1551/6201/1579 1553/6202/1579
f 1520/6203/1580 1518/6204/1580 1552/6205/1580 1554/6206/1580
f 1521/6207/1581 1519/6208/1581 1553/6209/1581 1555/6210/1581
f 1522/6211/1582 1520/6212/1582 1554/6213/1582 1556/6214/1582
f 1523/6215/1583 1521/6216/1583 1555/6217/1583 1557/6218/1583
f 1524/6219/1584 1522/6220/1584 1556/6221/1584 1558/6222/1584
f 1525/6223/1585 1523/6224/1585 1557/6225/1585 1559/6226/1585
f 1526/6227/1586 1524/6228/1586 1558/6229/1586 1560/6230/1586
f 1527/6231/1587 1525/6232/1587 1559/6233/1587 1561/6234/1587
f 1528/6235/1588 1526/6236/1588 1560/6237/1588 1562/6238/1588
f 1529/6239/1589 1527/6240/1589 1561/6241/1589 1563/6242/1589
f 1530/6243/1590 1528/6244/1590 1562/6245/1590 1564/6246/1590
f 1531/6247/1591 1529/6248/1591 1563/6249/1591 1565/6250/1591
f 1532/6251/1592 1530/6252/1592 1564/6253/1592 1566/6254/1592
f 1533/6255/1593 1531/6256/1593 1565/6257/1593 1567/6258/1593
f 1534/6259/1594 1532/6260/1594 1566/6261/1594 1568/6262/1594
f 1535/6263/1595 1533/6264/1595 1567/6265/1595 1542/6266/1595
f 1536/6267/1596 1534/6268/1596 1568/6269/1596 1544/6270/1596
f 1564/6271/1597 1562/6272/1597 1569/6273/1597 1570/6274/1597
f 1565/6275/1598 1563/6276/1598 1571/6277/1598 1572/6278/1598
f 1566/6279/1599 1564/6280/1599 1570/6281/1599 1573/6282/1599
f 1567/6283/1600 1565/6284/1600 1572/6285/1600 1574/6286/1600
f 1568/6287/1601 1566/6288/1601 1573/6289/1601 1575/6290/1601
f 1542/6291/1602 1567/6292/1602 1574/6293/1602 1576/6294/1602
f 1544/6295/1603 1568/6296/1603 1575/6297/1603 1577/6298/1603
f 1543/6299/1604 1542/6300/1604 1576/6301/1604 1578/6302/1604
f 1545/6303/1605 1544/6304/1605 1577/6305/1605 1579/6306/1605
f 1546/6307/1606 54/6308/1606 1580/6309/1606
f 56/6310/1607 1543/6311/1607 1578/6312/1607
f 1547/6313/1608 1545/6314/1608 1579/6315/1608 1581/6316/1608
f 1548/6317/1609 1546/6318/1609 1580/6319/1609 1582/6320/1609
f 1549/6321/1610 1547/6322/1610 1581/6323/1610 1583/6324/1610
f 1550/6325/1611 1548/6326/1611 1582/6327/1611 1584/6328/1611
f 1551/6329/1612 1549/6330/1612 1583/6331/1612 1585/6332/1612
f 1552/6333/1613 1550/6334/1613 1584/6335/1613 1586/6336/1613
f 1553/6337/1614 1551/6338/1614 1585/6339/1614 1587/6340/1614
f 1554/6341/1615 1552/6342/1615 1586/6343/1615 1588/6344/1615
f 1555/6345/1616 1553/6346/1616 1587/6347/1616 1589/6348/1616
f 1556/6349/1617 1554/6350/1617 1588/6351/1617 1590/6352/1617
f 1557/6353/1618 1555/6354/1618 1589/6355/1618 1591/6356/1618
f 1558/6357/1619 1556/6358/1619 1590/6359/1619 1592/6360/1619
f 1559/6361/1620 1557/6362/1620 1591/6363/1620 1593/6364/1620
f 1560/6365/1621 1558/6366/1621 1592/6367/1621 1594/6368/1621
f 1561/6369/1622 1559/6370/1622 1593/6371/1622 1595/6372/1622
f 1562/6373/1623 1560/6374/1623 1594/6375/1623 1569/6376/1623
f 1563/6377/1624 1561/6378/1624 1595/6379/1624 1571/6380/1624
f 1574/6381/1625 1572/6382/1625 1596/6383/1625 1597/6384/1625
f 1575/6385/1626 1573/6386/1626 1598/6387/1626 1599/6388/1626
f 1576/6389/1627 1574/6390/1627 1597/6391/1627 1600/6392/1627
f 1577/6393/1628 1575/6394/1628 1599/6395/1628 1601/6396/1628
f 1578/6397/1629 1576/6398/1629 1600/6399/1629 1602/6400/1629
f 1579/6401/1630 1577/6402/1630 1601/6403/1630 1603/6404/1630
f 1580/6405/1631 54/6406/1631 1604/6407/1631
f 56/6408/1632 1578/6409/1632 1602/6410/1632
f 1581/6411/1633 1579/6412/1633 1603/6413/1633 1605/6414/1633
f 1582/6415/1634 1580/6416/1634 1604/6417/1634 1606/6418/1634
f 1583/6419/1635 1581/6420/1635 1605/6421/1635 1607/6422/1635
f 1584/6423/1636 1582/6424/1636 1606/6425/1636 1608/6426/1636
f 1585/6427/1637 1583/6428/1637 1607/6429/1637 1609/6430/1637
f 1586/6431/1638 1584/6432/1638 1608/6433/1638 1610/6434/1638
f 1587/6435/1639 1585/6436/1639 1609/6437/1639 1611/6438/1639
f 1588/6439/1640 1586/6440/1640 1610/6441/1640 1612/6442/1640
f 1589/6443/1641 1587/6444/1641 1611/6445/1641 1613/6446/1641
f 1590/6447/1642 1588/6448/1642 1612/6449/1642 1614/6450/1642
f 1591/6451/1643 1589/6452/1643 1613/6453/1643 1615/6454/1643
f 1592/6455/1644 1590/6456/1644 1614/6457/1644 1616/6458/1644
f 1593/6459/1645 1591/6460/1645 1615/6461/1645 1617/6462/1645
f 1594/6463/1646 1592/6464/1646 1616/6465/1646 1618/6466/1646
f 1595/6467/1647 1593/6468/1647 1617/6469/1647 1619/6470/1647
f 1569/6471/1648 1594/6472/1648 1618/6473/1648 1620/6474/1648
f 1571/6475/1649 1595/6476/1649 1619/6477/1649 1621/6478/1649
f 1570/6479/1650 1569/6480/1650 1620/6481/1650 1622/6482/1650
f 1572/6483/1651 1571/6484/1651 1621/6485/1651 1596/6486/1651
f 1573/6487/1652 1570/6488/1652 1622/6489/1652 1598/6490/1652
f 1619/6491/1653 1617/6492/1653 1623/6493/1653 1624/6494/1653
f 1620/6495/1654 1618/6496/1654 1625/6497/1654 1626/6498/1654
f 1621/6499/1655 1619/6500/1655 1624/6501/1655 1627/6502/1655
f 1622/6503/1656 1620/6504/1656 1626/6505/1656 1628/6506/1656
f 1596/6507/1657 1621/6508/1657 1627/6509/1657 1629/6510/1657
f 1598/6511/1658 1622/6512/1658 1628/6513/1658 1630/6514/1658
f 1597/6515/1659 1596/6516/1659 1629/6517/1659 1631/6518/1659
f 1599/6519/1660 1598/6520/1660 1630/6521/1660 1632/6522/1660
f 1600/6523/1661 1597/6524/1661 1631/6525/1661 1633/6526/1661
f 1601/6527/1662 1599/6528/1662 1632/6529/1662 1634/6530/1662
f 1602/6531/1663 1600/6532/1663 1633/6533/1663 1635/6534/1663
f 1603/6535/1664 1601/6536/1664 1634/6537/1664 1636/6538/1664
f 1604/6539/1665 54/6540/1665 1637/6541/1665
f 56/6542/1666 1602/6543/1666 1635/6544/1666
f 1605/6545/1667 1603/6546/1667 1636/6547/1667 1638/6548/1667
f 1606/6549/1668 1604/6550/1668 1637/6551/1668 1639/6552/1668
f 1607/6553/1669 1605/6554/1669 1638/6555/1669 1640/6556/1669
f 1608/6557/1670 1606/6558/1670 1639/6559/1670 1641/6560/1670
f 1609/6561/1671 1607/6562/1671 1640/6563/1671 1642/6564/1671
f 1610/6565/1672 1608/6566/1672 1641/6567/1672 1643/6568/1672
f 1611/6569/1673 1609/6570/1673 1642/6571/1673 1644/6572/1673
f 1612/6573/1674 1610/6574/1674 1643/6575/1674 1645/6576/1674
f 1613/6577/1675 1611/6578/1675 1644/6579/1675 1646/6580/1675
f 1614/6581/1676 1612/6582/1676 1645/6583/1676 1647/6584/1676
f 1615/6585/1677 1613/6586/1677 1646/6587/1677 1648/6588/1677
f 1616/6589/1678 1614/6590/1678 1647/6591/1678 1649/6592/1678
f 1617/6593/1679 1615/6594/1679 1648/6595/1679 1623/6596/1679
f 1618/6597/1680 1616/6598/1680 1649/6599/1680 1625/6600/1680
f 1645/6601/1681 1643/6602/1681 1650/6603/1681 1651/6604/1681
f 1646/6605/1682 1644/6606/1682 1652/6607/1682 1653/6608/1682
f 1647/6609/1683 1645/6610/1683 1651/6611/1683 1654/6612/1683
f 1648/6613/1684 1646/6614/1684 1653/6615/1684 1655/6616/1684
f 1649/6617/1685 1647/6618/1685 1654/6619/1685 1656/6620/1685
f 1623/6621/1686 1648/6622/1686 1655/6623/1686 1657/6624/1686
f 1625/6625/1687 1649/6626/1687 1656/6627/1687 1658/6628/1687
f 1624/6629/1688 1623/6630/1688 1657/6631/1688 1659/6632/1688
f 1626/6633/1689 1625/6634/1689 1658/6635/1689 1660/6636/1689
f 1627/6637/1690 1624/6638/1690 1659/6639/1690 1661/6640/1690
f 1628/6641/1691 1626/6642/1691 1660/6643/1691 1662/6644/1691
f 1629/6645/1692 1627/6646/1692 1661/6647/1692 1663/6648/1692
f 1630/6649/1693 1628/6650/1693 1662/6651/1693 1664/6652/1693
f 1631/6653/1694 1629/6654/1694 1663/6655/1694 1665/6656/1694
f 1632/6657/1695 1630/6658/1695 1664/6659/1695 1666/6660/1695
f 1633/6661/1696 1631/6662/1696 1665/6663/1696 1667/6664/1696
f 1634/6665/1697 1632/6666/1697 1666/6667/1697 1668/6668/1697
f 1635/6669/1698 1633/6670/1698 1667/6671/1698 1669/6672/1698
f 1636/6673/1699 1634/6674/1699 1668/6675/1699 1670/6676/1699
f 1637/6677/1700 54/6678/1700 1671/6679/1700
f 56/6680/1701 1635/6681/1701 1669/6682/1701
f 1638/6683/1702 1636/6684/1702 1670/6685/1702 1672/6686/1702
f 1639/6687/1703 1637/6688/1703 1671/6689/1703 1673/6690/1703
f 1640/6691/1704 1638/6692/1704 1672/6693/1704 1674/6694/1704
f 1641/6695/1705 1639/6696/1705 1673/6697/1705 1675/6698/1705
f 1642/6699/1706 1640/6700/1706 1674/6701/1706 1676/6702/1706
f 1643/6703/1707 1641/6704/1707 1675/6705/1707 1650/6706/1707
f 1644/6707/1708 1642/6708/1708 1676/6709/1708 1652/6710/1708
f 1672/6711/1709 1670/6712/1709 1677/6713/1709 1678/6714/1709
f 1673/6715/1710 1671/6716/1710 1679/6717/1710 1680/6718/1710
f 1674/6719/1711 1672/6720/1711 1678/6721/1711 1681/6722/1711
f 1675/6723/1712 1673/6724/1712 1680/6725/1712 1682/6726/1712
f 1676/6727/1713 1674/6728/1713 1681/6729/1713 1683/6730/1713
f 1650/6731/1714 1675/6732/1714 1682/6733/1714 1684/6734/1714
f 1652/6735/1715 1676/6736/1715 1683/6737/1715 1685/6738/1715
f 1651/6739/1716 1650/6740/1716 1684/6741/1716 1686/6742/1716
f 1653/6743/1717 1652/6744/1717 1685/6745/1717 1687/6746/1717
f 1654/6747/1718 1651/6748/1718 1686/6749/1718 1688/6750/1718
f 1655/6751/1719 1653/6752/1719 1687/6753/1719 1689/6754/1719
f 1656/6755/1720 1654/6756/1720 1688/6757/1720 1690/6758/1720
f 1657/6759/1721 1655/6760/1721 1689/6761/1721 1691/6762/1721
f 1658/6763/1722 1656/6764/1722 1690/6765/1722 1692/6766/1722
f 1659/6767/1723 1657/6768/1723 1691/6769/1723 1693/6770/1723
f 1660/6771/1724 1658/6772/1724 1692/6773/1724 1694/6774/1724
f 1661/6775/1725 1659/6776/1725 1693/6777/1725 1695/6778/1725
f 1662/6779/1726 1660/6780/1726 1694/6781/1726 1696/6782/1726
f 1663/6783/1727 1661/6784/1727 1695/6785/1727 1697/6786/1727
f 1664/6787/1728 1662/6788/1728 1696/6789/1728 1698/6790/1728
f 1665/6791/1729 1663/6792/1729 1697/6793/1729 1699/6794/1729
f 1666/6795/1730 1664/6796/1730 1698/6797/1730 1700/6798/1730
f 1667/6799/1731 1665/6800/1731 1699/6801/1731 1701/6802/1731
f 1668/6803/1732 1666/6804/1732 1700/6805/1732 1702/6806/1732
f 1669/6807/1733 1667/6808/1733 1701/6809/1733 1703/6810/1733
f 1670/6811/1734 1668/6812/1734 1702/6813/1734 1677/6814/1734
f 1671/6815/1735 54/6816/1735 1679/6817/1735
f 56/6818/1736 1669/6819/1736 1703/6820/1736
f 1699/6821/1737 1697/6822/1737 1704/6823/1737 1705/6824/1737
f 1700/6825/1738 1698/6826/1738 1706/6827/1738 1707/6828/1738
f 1701/6829/1739 1699/6830/1739 1705/6831/1739 1708/6832/1739
f 1702/6833/1740 1700/6834/1740 1707/6835/1740 1709/6836/1740
f 1703/6837/1741 1701/6838/1741 1708/6839/1741 1710/6840/1741
f 1677/6841/1742 1702/6842/1742 1709/6843/1742 1711/6844/1742
f 1679/6845/1743 54/6846/1743 1712/6847/1743
f 56/6848/1744 1703/6849/1744 1710/6850/1744
f 1678/6851/1745 1677/6852/1745 1711/6853/1745 1713/6854/1745
f 1680/6855/1746 1679/6856/1746 1712/6857/1746 1714/6858/1746
f 1681/6859/1747 1678/6860/1747 1713/6861/1747 1715/6862/1747
f 1682/6863/1748 1680/6864/1748 1714/6865/1748 1716/6866/1748
f 1683/6867/1749 1681/6868/1749 1715/6869/1749 1717/6870/1749
f 1684/6871/1750 1682/6872/1750 1716/6873/1750 1718/6874/1750
f 1685/6875/1751 1683/6876/1751 1717/6877/1751 1719/6878/1751
f 1686/6879/1752 1684/6880/1752 1718/6881/1752 1720/6882/1752
f 1687/6883/1753 1685/6884/1753 1719/6885/1753 1721/6886/1753
f 1688/6887/1754 1686/6888/1754 1720/6889/1754 1722/6890/1754
f 1689/6891/1755 1687/6892/1755 1721/6893/1755 1723/6894/1755
f 1690/6895/1756 1688/6896/1756 1722/6897/1756 1724/6898/1756
f 1691/6899/1757 1689/6900/1757 1723/6901/1757 1725/6902/1757
f 1692/6903/1758 1690/6904/1758 1724/6905/1758 1726/6906/1758
f 1693/6907/1759 1691/6908/1759 1725/6909/1759 1727/6910/1759
f 1694/6911/1760 1692/6912/1760 1726/6913/1760 1728/6914/1760
f 1695/6915/1761 1693/6916/1761 1727/6917/1761 1729/6918/1761
f 1696/6919/1762 1694/6920/1762 1728/6921/1762 1730/6922/1762
f 1697/6923/1763 1695/6924/1763 1729/6925/1763 1704/6926/1763
f 1698/6927/1764 1696/6928/1764 1730/6929/1764 1706/6930/1764
f 1726/6931/1765 1724/6932/1765 1731/6933/1765 1732/6934/1765
f 1727/6935/1766 1725/6936/1766 1733/6937/1766 1734/6938/1766
f 1728/6939/1767 1726/6940/1767 1732/6941/1767 1735/6942/1767
f 1729/6943/1768 1727/6944/1768 1734/6945/1768 1736/6946/1768
f 1730/6947/1769 1728/6948/1769 1735/6949/1769 1737/6950/1769
f 1704/6951/1770 1729/6952/1770 1736/6953/1770 1738/6954/1770
f 1706/6955/1771 1730/6956/1771 1737/6957/1771 1739/6958/1771
f 1705/6959/1772 1704/6960/1772 1738/6961/1772 1740/6962/1772
f 1707/6963/1773 1706/6964/1773 1739/6965/1773 1741/6966/1773
f 1708/6967/1774 1705/6968/1774 1740/6969/1774 1742/6970/1774
f 1709/6971/1775 1707/6972/1775 1741/6973/1775 1743/6974/1775
f 1710/6975/1776 1708/6976/1776 1742/6977/1776 1744/6978/1776
f 1711/6979/1777 1709/6980/1777 1743/6981/1777 1745/6982/1777
f 1712/6983/1778 54/6984/1778 1746/6985/1778
f 56/6986/1779 1710/6987/1779 1744/6988/1779
f 1713/6989/1780 1711/6990/1780 1745/6991/1780 1747/6992/1780
f 1714/6993/1781 1712/6994/1781 1746/6995/1781 1748/6996/1781
f 1715/6997/1782 1713/6998/1782 1747/6999/1782 1749/7000/1782
f 1716/7001/1783 1714/7002/1783 1748/7003/1783 1750/7004/1783
f 1717/7005/1784 1715/7006/1784 1749/7007/1784 1751/7008/1784
f 1718/7009/1785 1716/7010/1785 1750/7011/1785 1752/7012/1785
f 1719/7013/1786 1717/7014/1786 1751/7015/1786 1753/7016/1786
f 1720/7017/1787 1718/7018/1787 1752/7019/1787 1754/7020/1787
f 1721/7021/1788 1719/7022/1788 1753/7023/1788 1755/7024/1788
f 1722/7025/1789 1720/7026/1789 1754/7027/1789 1756/7028/1789
f 1723/7029/1790 1721/7030/1790 1755/7031/1790 1757/7032/1790
f 1724/7033/1791 1722/7034/1791 1756/7035/1791 1731/7036/1791
f 1725/7037/1792 1723/7038/1792 1757/7039/1792 1733/7040/1792
f 1753/7041/1793 1751/7042/1793 1758/7043/1793 1759/7044/1793
f 1754/7045/1794 1752/7046/1794 1760/7047/1794 1761/7048/1794
f 1755/7049/1795 1753/7050/1795 1759/7051/1795 1762/7052/1795
f 1756/7053/1796 1754/7054/1796 1761/7055/1796 1763/7056/1796
f 1757/7057/1797 1755/7058/1797 1762/7059/1797 1764/7060/1797
f 1731/7061/1798 1756/7062/1798 1763/7063/1798 1765/7064/1798
f 1733/7065/1799 1757/7066/1799 1764/7067/1799 1766/7068/1799
f 1732/7069/1800 1731/7070/1800 1765/7071/1800 1767/7072/1800
f 1734/7073/1801 1733/7074/1801 1766/7075/1801 1768/7076/1801
f 1735/7077/1802 1732/7078/1802 1767/7079/1802 1769/7080/1802
f 1736/7081/1803 1734/7082/1803 1768/7083/1803 1770/7084/1803
f 1737/7085/1804 1735/7086/1804 1769/7087/1804 1771/7088/1804
f 1738/7089/1805 1736/7090/1805 1770/7091/1805 1772/7092/1805
f 1739/7093/1806 1737/7094/1806 1771/7095/1806 1773/7096/1806
f 1740/7097/1807 1738/7098/1807 1772/7099/1807 1774/7100/1807
f 1741/7101/1808 1739/7102/1808 1773/7103/1808 1775/7104/1808
f 1742/7105/1809 1740/7106/1809 1774/7107/1809 1776/7108/1809
f 1743/7109/1810 1741/7110/1810 1775/7111/1810 1777/7112/1810
f 1744/7113/1811 1742/7114/1811 1776/7115/1811 1778/7116/1811
f 1745/7117/1812 1743/7118/1812 1777/7119/1812 1779/7120/1812
f 1746/7121/1813 54/7122/1813 1780/7123/1813
f 56/7124/1814 1744/7125/1814 1778/7126/1814
f 1747/7127/1815 1745/7128/1815 1779/7129/1815 1781/7130/1815
f 1748/7131/1816 1746/7132/1816 1780/7133/1816 1782/7134/1816
f 1749/7135/1817 1747/7136/1817 1781/7137/1817 1783/7138/1817
f 1750/7139/1818 1748/7140/1818 1782/7141/1818 1784/7142/1818
f 1751/7143/1819 1749/7144/1819 1783/7145/1819 1758/7146/1819
f 1752/7147/1820 1750/7148/1820 1784/7149/1820 1760/7150/1820
f 56/7151/1821 1778/7152/1821 1785/7153/1821
f 1781/7154/1822 1779/7155/1822 1786/7156/1822 1787/7157/1822
f 1782/7158/1823 1780/7159/1823 1788/7160/1823 1789/7161/1823
f 1783/7162/1824 1781/7163/1824 1787/7164/1824 1790/7165/1824
f 1784/7166/1825 1782/7167/1825 1789/7168/1825 1791/7169/1825
f 1758/7170/1826 1783/7171/1826 1790/7172/1826 1792/7173/1826
f 1760/7174/1827 1784/7175/1827 1791/7176/1827 1793/7177/1827
f 1759/7178/1828 1758/7179/1828 1792/7180/1828 1794/7181/1828
f 1761/7182/1829 1760/7183/1829 1793/7184/1829 1795/7185/1829
f 1762/7186/1830 1759/7187/1830 1794/7188/1830 1796/7189/1830
f 1763/7190/1831 1761/7191/1831 1795/7192/1831 1797/7193/1831
f 1764/7194/1832 1762/7195/1832 1796/7196/1832 1798/7197/1832
f 1765/7198/1833 1763/7199/1833 1797/7200/1833 1799/7201/1833
f 1766/7202/1834 1764/7203/1834 1798/7204/1834 1800/7205/1834
f 1767/7206/1835 1765/7207/1835 1799/7208/1835 1801/7209/1835
f 1768/7210/1836 1766/7211/1836 1800/7212/1836 1802/7213/1836
f 1769/7214/1837 1767/7215/1837 1801/7216/1837 1803/7217/1837
f 1770/7218/1838 1768/7219/1838 1802/7220/1838 1804/7221/1838
f 1771/7222/1839 1769/7223/1839 1803/7224/1839 1805/7225/1839
f 1772/7226/1840 1770/7227/1840 1804/7228/1840 1806/7229/1840
f 1773/7230/1841 1771/7231/1841 1805/7232/1841 1807/7233/1841
f 1774/7234/1842 1772/7235/1842 1806/7236/1842 1808/7237/1842
f 1775/7238/1843 1773/7239/1843 1807/7240/1843 1809/7241/1843
f 1776/7242/1844 1774/7243/1844 1808/7244/1844 1810/7245/1844
f 1777/7246/1845 1775/7247/1845 1809/7248/1845 1811/7249/1845
f 1778/7250/1846 1776/7251/1846 1810/7252/1846 1785/7253/1846
f 1779/7254/1847 1777/7255/1847 1811/7256/1847 1786/7257/1847
f 1780/7258/1848 54/7259/1848 1788/7260/1848
f 1808/7261/1849 1806/7262/1849 1812/7263/1849 1813/7264/1849
f 1809/7265/1850 1807/7266/1850 1814/7267/1850 1815/7268/1850
f 1810/7269/1851 1808/7270/1851 1813/7271/1851 1816/7272/1851
f 1811/7273/1852 1809/7274/1852 1815/7275/1852 1817/7276/1852
f 1785/7277/1853 1810/7278/1853 1816/7279/1853 1818/7280/1853
f 1786/7281/1854 1811/7282/1854 1817/7283/1854 1819/7284/1854
f 1788/7285/1855 54/7286/1855 1820/7287/1855
f 56/7288/1856 1785/7289/1856 1818/7290/1856
f 1787/7291/1857 1786/7292/1857 1819/7293/1857 1821/7294/1857
f 1789/7295/1858 1788/7296/1858 1820/7297/1858 1822/7298/1858
f 1790/7299/1859 1787/7300/1859 1821/7301/1859 1823/7302/1859
f 1791/7303/1860 1789/7304/1860 1822/7305/1860 1824/7306/1860
f 1792/7307/1861 1790/7308/1861 1823/7309/1861 1825/7310/1861
f 1793/7311/1862 1791/7312/1862 1824/7313/1862 1826/7314/1862
f 1794/7315/1863 1792/7316/1863 1825/7317/1863 1827/7318/1863
f 1795/7319/1864 1793/7320/1864 1826/7321/1864 1828/7322/1864
f 1796/7323/1865 1794/7324/1865 1827/7325/1865 1829/7326/1865
f 1797/7327/1866 1795/7328/1866 1828/7329/1866 1830/7330/1866
f 1798/7331/1867 1796/7332/1867 1829/7333/1867 1831/7334/1867
f 1799/7335/1868 1797/7336/1868 1830/7337/1868 1832/7338/1868
f 1800/7339/1869 1798/7340/1869 1831/7341/1869 1833/7342/1869
f 1801/7343/1870 1799/7344/1870 1832/7345/1870 1834/7346/1870
f 1802/7347/1871 1800/7348/1871 1833/7349/1871 1835/7350/1871
f 1803/7351/1872 1801/7352/1872 1834/7353/1872 1836/7354/1872
f 1804/7355/1873 1802/7356/1873 1835/7357/1873 1837/7358/1873
f 1805/7359/1874 1803/7360/1874 1836/7361/1874 1838/7362/1874
f 1806/7363/1875 1804/7364/1875 1837/7365/1875 1812/7366/1875
f 1807/7367/1876 1805/7368/1876 1838/7369/1876 1814/7370/1876
f 1834/7371/1877 1832/7372/1877 1839/7373/1877 1840/7374/1877
f 1835/7375/1878 1833/7376/1878 1841/7377/1878 1842/7378/1878
f 1836/7379/1879 1834/7380/1879 1840/7381/1879 1843/7382/1879
f 1837/7383/1880 1835/7384/1880 1842/7385/1880 1844/7386/1880
f 1838/7387/1881 1836/7388/1881 1843/7389/1881 1845/7390/1881
f 1812/7391/1882 1837/7392/1882 1844/7393/1882 1846/7394/1882
f 1814/7395/1883 1838/7396/1883 1845/7397/1883 1847/7398/1883
f 1813/7399/1884 1812/7400/1884 1846/7401/1884 1848/7402/1884
f 1815/7403/1885 1814/7404/1885 1847/7405/1885 1849/7406/1885
f 1816/7407/1886 1813/7408/1886 1848/7409/1886 1850/7410/1886
f 1817/7411/1887 1815/7412/1887 1849/7413/1887 1851/7414/1887
f 1818/7415/1888 1816/7416/1888 1850/7417/1888 1852/7418/1888
f 1819/7419/1889 1817/7420/1889 1851/7421/1889 1853/7422/1889
f 1820/7423/1890 54/7424/1890 1854/7425/1890
f 56/7426/1891 1818/7427/1891 1852/7428/1891
f 1821/7429/1892 1819/7430/1892 1853/7431/1892 1855/7432/1892
f 1822/7433/1893 1820/7434/1893 1854/7435/1893 1856/7436/1893
f 1823/7437/1894 1821/7438/1894 1855/7439/1894 1857/7440/1894
f 1824/7441/1895 1822/7442/1895 1856/7443/1895 1858/7444/1895
f 1825/7445/1896 1823/7446/1896 1857/7447/1896 1859/7448/1896
f 1826/7449/1897 1824/7450/1897 1858/7451/1897 1860/7452/1897
f 1827/7453/1898 1825/7454/1898 1859/7455/1898 1861/7456/1898
f 1828/7457/1899 1826/7458/1899 1860/7459/1899 1862/7460/1899
f 1829/7461/1900 1827/7462/1900 1861/7463/1900 1863/7464/1900
f 1830/7465/1901 1828/7466/1901 1862/7467/1901 1864/7468/1901
f 1831/7469/1902 1829/7470/1902 1863/7471/1902 1865/7472/1902
f 1832/7473/1903 1830/7474/1903 1864/7475/1903 1839/7476/1903
f 1833/7477/1904 1831/7478/1904 1865/7479/1904 1841/7480/1904
f 1861/7481/1905 1859/7482/1905 9/7483/1905 13/7484/1905
f 1862/7485/1906 1860/7486/1906 11/7487/1906 15/7488/1906
f 1863/7489/1907 1861/7490/1907 13/7491/1907 17/7492/1907
f 1864/7493/1908 1862/7494/1908 15/7495/1908 19/7496/1908
f 1865/7497/1909 1863/7498/1909 17/7499/1909 21/7500/1909
f 1839/7501/1910 1864/7502/1910 19/7503/1910 23/7504/1910
f 1841/7505/1911 1865/7506/1911 21/7507/1911 25/7508/1911
f 1840/7509/1912 1839/7510/1912 23/7511/1912 27/7512/1912
f 1842/7513/1913 1841/7514/1913 25/7515/1913 29/7516/1913
f 1843/7517/1914 1840/7518/1914 27/7519/1914 31/7520/1914
f 1844/7521/1915 1842/7522/1915 29/7523/1915 33/7524/1915
f 1845/7525/1916 1843/7526/1916 31/7527/1916 35/7528/1916
f 1846/7529/1917 1844/7530/1917 33/7531/1917 37/7532/1917
f 1847/7533/1918 1845/7534/1918 35/7535/1918 39/7536/1918
f 1848/7537/1919 1846/7538/1919 37/7539/1919 41/7540/1919
f 1849/7541/1920 1847/7542/1920 39/7543/1920 43/7544/1920
f 1850/7545/1921 1848/7546/1921 41/7547/1921 45/7548/1921
f 1851/7549/1922 1849/7550/1922 43/7551/1922 47/7552/1922
f 1852/7553/1923 1850/7554/1923 45/7555/1923 49/7556/1923
f 1853/7557/1924 1851/7558/1924 47/7559/1924 51/7560/1924
f 1854/7561/1925 54/7562/1925 53/7563/1925
f 56/7564/1926 1852/7565/1926 49/7566/1926
f 1855/7567/1927 1853/7568/1927 51/7569/1927 2/7570/1927
f 1856/7571/1928 1854/7572/1928 53/7573/1928 6/7574/1928
f 1857/7575/1929 1855/7576/1929 2/7577/1929 1/7578/1929
f 1858/7579/1930 1856/7580/1930 6/7581/1930 5/7582/1930
f 1859/7583/1931 1857/7584/1931 1/7585/1931 9/7586/1931
f 1860/7587/1932 1858/7588/1932 5/7589/1932 11/7590/1932