# Blender 5.2.1 LTS
# www.blender.org
mtllib jun_kunai.mtl
o Kunai_lambert1_0
v 0.012487 -0.162174 0.012648
v 0.006662 -0.162174 0.016540
v -0.000209 -0.168721 -0.000048
v 0.016379 -0.162174 0.006823
v 0.017746 -0.162174 -0.000048
v 0.016379 -0.162174 -0.006920
v 0.012487 -0.162174 -0.012745
v 0.006662 -0.162174 -0.016637
v -0.000209 -0.162174 -0.018004
v -0.007080 -0.162174 -0.016637
v -0.012905 -0.162174 -0.012745
v -0.016797 -0.162174 -0.006920
v -0.018164 -0.162174 -0.000048
v -0.016797 -0.162174 0.006823
v -0.012905 -0.162174 0.012648
v -0.007080 -0.162174 0.016540
v -0.000209 -0.162174 0.017907
v -0.002369 0.201684 -0.106410
v -0.026964 0.201837 -0.046795
v -0.001144 0.635789 -0.002947
v 0.023712 0.201817 -0.054676
v 0.001144 0.635789 -0.002947
v 0.045054 0.201950 -0.002947
v -0.023617 0.201816 0.054908
v -0.001144 0.635789 0.002947
v -0.045054 0.201950 0.002947
v 0.002369 0.201684 0.106410
v 0.026436 0.201834 0.048075
v 0.001144 0.635789 0.002947
v -0.002369 0.201684 0.106410
v 0.002369 0.201684 -0.106410
v 0.045054 0.201950 0.002947
v -0.000209 -0.214935 0.033684
v -0.000209 -0.226347 0.039498
v -0.007437 -0.225993 0.040587
v -0.007437 -0.214263 0.034610
v -0.000209 -0.205880 0.024628
v -0.007437 -0.204953 0.025301
v -0.000209 -0.200065 0.013217
v -0.007437 -0.198977 0.013571
v -0.000209 -0.198062 0.000568
v -0.007437 -0.196917 0.000568
v -0.000209 -0.200065 -0.012082
v -0.007437 -0.198977 -0.012435
v -0.000209 -0.205880 -0.023493
v -0.007437 -0.204953 -0.024166
v -0.000209 -0.214935 -0.032549
v -0.007437 -0.214263 -0.033475
v -0.000209 -0.226347 -0.038363
v -0.007437 -0.225993 -0.039452
v -0.000209 -0.238996 -0.040366
v -0.007437 -0.238996 -0.041511
v -0.000209 -0.251645 -0.038363
v -0.007437 -0.251999 -0.039452
v -0.000209 -0.263056 -0.032549
v -0.007437 -0.263729 -0.033475
v -0.000209 -0.272112 -0.023493
v -0.007437 -0.273038 -0.024166
v -0.000209 -0.277926 -0.012082
v -0.007437 -0.279015 -0.012435
v -0.000209 -0.279930 0.000568
v -0.007437 -0.281075 0.000568
v -0.000209 -0.277926 0.013217
v -0.007437 -0.279015 0.013571
v -0.000209 -0.272112 0.024628
v -0.007437 -0.273038 0.025301
v -0.000209 -0.263056 0.033684
v -0.007437 -0.263729 0.034610
v -0.000209 -0.251645 0.039498
v -0.007437 -0.251999 0.040587
v -0.000209 -0.238996 0.041501
v -0.007437 -0.238996 0.042646
v -0.000209 -0.226347 0.039498
v -0.007437 -0.225993 0.040587
v -0.013958 -0.224966 0.043747
v -0.013958 -0.212310 0.037298
v -0.013958 -0.202266 0.027254
v -0.013958 -0.195817 0.014597
v -0.013958 -0.193595 0.000568
v -0.013958 -0.195817 -0.013462
v -0.013958 -0.202266 -0.026119
v -0.013958 -0.212310 -0.036163
v -0.013958 -0.224966 -0.042611
v -0.013958 -0.238996 -0.044834
v -0.013958 -0.253026 -0.042611
v -0.013958 -0.265682 -0.036163
v -0.013958 -0.275726 -0.026119
v -0.013958 -0.282175 -0.013462
v -0.013958 -0.284397 0.000568
v -0.013958 -0.282175 0.014597
v -0.013958 -0.275726 0.027254
v -0.013958 -0.265682 0.037298
v -0.013958 -0.253026 0.043747
v -0.013958 -0.238996 0.045969
v -0.013958 -0.224966 0.043747
v -0.019133 -0.223367 0.048668
v -0.019133 -0.209268 0.041484
v -0.019133 -0.198079 0.030295
v -0.019133 -0.190895 0.016196
v -0.019133 -0.188420 0.000568
v -0.019133 -0.190895 -0.015061
v -0.019133 -0.198079 -0.029160
v -0.019133 -0.209268 -0.040349
v -0.019133 -0.223367 -0.047533
v -0.019133 -0.238996 -0.050008
v -0.019133 -0.254625 -0.047533
v -0.019133 -0.268724 -0.040349
v -0.019133 -0.279913 -0.029160
v -0.019133 -0.287096 -0.015061
v -0.019133 -0.289572 0.000568
v -0.019133 -0.287096 0.016196
v -0.019133 -0.279913 0.030295
v -0.019133 -0.268724 0.041484
v -0.019133 -0.254625 0.048668
v -0.019133 -0.238996 0.051144
v -0.019133 -0.223367 0.048668
v -0.022455 -0.221352 0.054870
v -0.022455 -0.205435 0.046760
v -0.022455 -0.192804 0.034128
v -0.022455 -0.184694 0.018211
v -0.022455 -0.181899 0.000568
v -0.022455 -0.184694 -0.017076
v -0.022455 -0.192804 -0.032993
v -0.022455 -0.205435 -0.045624
v -0.022455 -0.221352 -0.053734
v -0.022455 -0.238996 -0.056529
v -0.022455 -0.256640 -0.053734
v -0.022455 -0.272556 -0.045624
v -0.022455 -0.285188 -0.032993
v -0.022455 -0.293298 -0.017076
v -0.022455 -0.296092 0.000568
v -0.022455 -0.293298 0.018211
v -0.022455 -0.285188 0.034128
v -0.022455 -0.272556 0.046760
v -0.022455 -0.256640 0.054870
v -0.022455 -0.238996 0.057664
v -0.022455 -0.221352 0.054870
v -0.023600 -0.219118 0.061744
v -0.023600 -0.201187 0.052607
v -0.023600 -0.186956 0.038377
v -0.023600 -0.177819 0.020445
v -0.023600 -0.174671 0.000568
v -0.023600 -0.177819 -0.019310
v -0.023600 -0.186956 -0.037242
v -0.023600 -0.201187 -0.051472
v -0.023600 -0.219118 -0.060609
v -0.023600 -0.238996 -0.063757
v -0.023600 -0.258873 -0.060609
v -0.023600 -0.276805 -0.051472
v -0.023600 -0.291036 -0.037242
v -0.023600 -0.300172 -0.019310
v -0.023600 -0.303321 0.000568
v -0.023600 -0.300172 0.020445
v -0.023600 -0.291036 0.038377
v -0.023600 -0.276805 0.052607
v -0.023600 -0.258873 0.061744
v -0.023600 -0.238996 0.064892
v -0.023600 -0.219118 0.061744
v -0.022455 -0.216885 0.068618
v -0.022455 -0.196938 0.058455
v -0.022455 -0.181108 0.042625
v -0.022455 -0.170945 0.022679
v -0.022455 -0.167443 0.000568
v -0.022455 -0.170945 -0.021543
v -0.022455 -0.181108 -0.041490
v -0.022455 -0.196938 -0.057320
v -0.022455 -0.216885 -0.067483
v -0.022455 -0.238996 -0.070985
v -0.022455 -0.261107 -0.067483
v -0.022455 -0.281054 -0.057320
v -0.022455 -0.296883 -0.041490
v -0.022455 -0.307047 -0.021543
v -0.022455 -0.310549 0.000568
v -0.022455 -0.307047 0.022679
v -0.022455 -0.296883 0.042625
v -0.022455 -0.281054 0.058455
v -0.022455 -0.261107 0.068618
v -0.022455 -0.238996 0.072120
v -0.022455 -0.216885 0.068618
v -0.019133 -0.214870 0.074820
v -0.019133 -0.193105 0.063730
v -0.019133 -0.175833 0.046458
v -0.019133 -0.164744 0.024694
v -0.019133 -0.160922 0.000568
v -0.019133 -0.164744 -0.023558
v -0.019133 -0.175833 -0.045323
v -0.019133 -0.193105 -0.062595
v -0.019133 -0.214870 -0.073685
v -0.019133 -0.238996 -0.077506
v -0.019133 -0.263122 -0.073685
v -0.019133 -0.284886 -0.062595
v -0.019133 -0.302159 -0.045323
v -0.019133 -0.313248 -0.023558
v -0.019133 -0.317069 0.000568
v -0.019133 -0.313248 0.024694
v -0.019133 -0.302159 0.046458
v -0.019133 -0.284886 0.063730
v -0.019133 -0.263122 0.074820
v -0.019133 -0.238996 0.078641
v -0.019133 -0.214870 0.074820
v -0.013958 -0.213271 0.079741
v -0.013958 -0.190064 0.067917
v -0.013958 -0.171647 0.049500
v -0.013958 -0.159822 0.026293
v -0.013958 -0.155748 0.000568
v -0.013958 -0.159822 -0.025158
v -0.013958 -0.171647 -0.048365
v -0.013958 -0.190064 -0.066782
v -0.013958 -0.213271 -0.078606
v -0.013958 -0.238996 -0.082681
v -0.013958 -0.264721 -0.078606
v -0.013958 -0.287928 -0.066782
v -0.013958 -0.306345 -0.048364
v -0.013958 -0.318170 -0.025158
v -0.013958 -0.322244 0.000568
v -0.013958 -0.318170 0.026293
v -0.013958 -0.306345 0.049500
v -0.013958 -0.287928 0.067917
v -0.013958 -0.264721 0.079741
v -0.013958 -0.238996 0.083816
v -0.013958 -0.213271 0.079741
v -0.007437 -0.212244 0.082901
v -0.007437 -0.188111 0.070605
v -0.007437 -0.168959 0.051453
v -0.007437 -0.156662 0.027319
v -0.007437 -0.152425 0.000568
v -0.007437 -0.156662 -0.026184
v -0.007437 -0.168959 -0.050317
v -0.007437 -0.188111 -0.069470
v -0.007437 -0.212244 -0.081766
v -0.007437 -0.238996 -0.086003
v -0.007437 -0.265748 -0.081766
v -0.007437 -0.289881 -0.069470
v -0.007437 -0.309033 -0.050317
v -0.007437 -0.321329 -0.026184
v -0.007437 -0.325566 0.000568
v -0.007437 -0.321329 0.027319
v -0.007437 -0.309033 0.051453
v -0.007437 -0.289881 0.070605
v -0.007437 -0.265748 0.082901
v -0.007437 -0.238996 0.087138
v -0.007437 -0.212244 0.082901
v -0.000209 -0.211890 0.083990
v -0.000209 -0.187438 0.071531
v -0.000209 -0.168032 0.052125
v -0.000209 -0.155573 0.027673
v -0.000209 -0.151280 0.000568
v -0.000209 -0.155573 -0.026538
v -0.000209 -0.168032 -0.050990
v -0.000209 -0.187438 -0.070396
v -0.000209 -0.211890 -0.082855
v -0.000209 -0.238996 -0.087148
v -0.000209 -0.266101 -0.082855
v -0.000209 -0.290554 -0.070396
v -0.000209 -0.309959 -0.050990
v -0.000209 -0.322418 -0.026538
v -0.000209 -0.326711 0.000568
v -0.000209 -0.322418 0.027673
v -0.000209 -0.309959 0.052125
v -0.000209 -0.290554 0.071531
v -0.000209 -0.266101 0.083990
v -0.000209 -0.238996 0.088283
v -0.000209 -0.211890 0.083990
v 0.007019 -0.212244 0.082901
v 0.007019 -0.188111 0.070605
v 0.007019 -0.168959 0.051453
v 0.007019 -0.156662 0.027319
v 0.007019 -0.152425 0.000568
v 0.007019 -0.156662 -0.026184
v 0.007019 -0.168959 -0.050317
v 0.007019 -0.188111 -0.069470
v 0.007019 -0.212244 -0.081766
v 0.007019 -0.238996 -0.086003
v 0.007019 -0.265748 -0.081766
v 0.007019 -0.289881 -0.069470
v 0.007019 -0.309033 -0.050317
v 0.007019 -0.321329 -0.026184
v 0.007019 -0.325566 0.000568
v 0.007019 -0.321329 0.027319
v 0.007019 -0.309033 0.051453
v 0.007019 -0.289881 0.070605
v 0.007019 -0.265748 0.082901
v 0.007019 -0.238996 0.087138
v 0.007019 -0.212244 0.082901
v 0.013540 -0.213271 0.079741
v 0.013540 -0.190064 0.067917
v 0.013540 -0.171647 0.049500
v 0.013540 -0.159822 0.026293
v 0.013540 -0.155748 0.000568
v 0.013540 -0.159822 -0.025158
v 0.013540 -0.171647 -0.048365
v 0.013540 -0.190064 -0.066782
v 0.013540 -0.213271 -0.078606
v 0.013540 -0.238996 -0.082681
v 0.013540 -0.264721 -0.078606
v 0.013540 -0.287928 -0.066782
v 0.013540 -0.306345 -0.048364
v 0.013540 -0.318170 -0.025158
v 0.013540 -0.322244 0.000568
v 0.013540 -0.318170 0.026293
v 0.013540 -0.306345 0.049500
v 0.013540 -0.287928 0.067917
v 0.013540 -0.264721 0.079741
v 0.013540 -0.238996 0.083816
v 0.013540 -0.213271 0.079741
v 0.018715 -0.214870 0.074820
v 0.018715 -0.193105 0.063730
v 0.018715 -0.175833 0.046458
v 0.018715 -0.164744 0.024694
v 0.018715 -0.160922 0.000568
v 0.018715 -0.164744 -0.023558
v 0.018715 -0.175833 -0.045323
v 0.018715 -0.193105 -0.062595
v 0.018715 -0.214870 -0.073685
v 0.018715 -0.238996 -0.077506
v 0.018715 -0.263122 -0.073685
v 0.018715 -0.284886 -0.062595
v 0.018715 -0.302159 -0.045323
v 0.018715 -0.313248 -0.023558
v 0.018715 -0.317069 0.000568
v 0.018715 -0.313248 0.024694
v 0.018715 -0.302159 0.046458
v 0.018715 -0.284886 0.063730
v 0.018715 -0.263122 0.074820
v 0.018715 -0.238996 0.078641
v 0.018715 -0.214870 0.074820
v 0.022037 -0.216885 0.068618
v 0.022037 -0.196938 0.058455
v 0.022037 -0.181108 0.042625
v 0.022037 -0.170945 0.022679
v 0.022037 -0.167443 0.000568
v 0.022037 -0.170945 -0.021543
v 0.022037 -0.181108 -0.041490
v 0.022037 -0.196938 -0.057320
v 0.022037 -0.216885 -0.067483
v 0.022037 -0.238996 -0.070985
v 0.022037 -0.261107 -0.067483
v 0.022037 -0.281054 -0.057320
v 0.022037 -0.296883 -0.041490
v 0.022037 -0.307047 -0.021543
v 0.022037 -0.310549 0.000568
v 0.022037 -0.307047 0.022679
v 0.022037 -0.296883 0.042625
v 0.022037 -0.281054 0.058455
v 0.022037 -0.261107 0.068618
v 0.022037 -0.238996 0.072120
v 0.022037 -0.216885 0.068618
v 0.023182 -0.219118 0.061744
v 0.023182 -0.201187 0.052607
v 0.023182 -0.186956 0.038377
v 0.023182 -0.177819 0.020445
v 0.023182 -0.174671 0.000568
v 0.023182 -0.177819 -0.019310
v 0.023182 -0.186956 -0.037242
v 0.023182 -0.201187 -0.051472
v 0.023182 -0.219118 -0.060609
v 0.023182 -0.238996 -0.063757
v 0.023182 -0.258873 -0.060609
v 0.023182 -0.276805 -0.051472
v 0.023182 -0.291036 -0.037241
v 0.023182 -0.300172 -0.019310
v 0.023182 -0.303321 0.000568
v 0.023182 -0.300172 0.020445
v 0.023182 -0.291036 0.038377
v 0.023182 -0.276805 0.052607
v 0.023182 -0.258873 0.061744
v 0.023182 -0.238996 0.064892
v 0.023182 -0.219118 0.061744
v 0.022037 -0.221352 0.054870
v 0.022037 -0.205435 0.046760
v 0.022037 -0.192804 0.034128
v 0.022037 -0.184694 0.018211
v 0.022037 -0.181899 0.000568
v 0.022037 -0.184694 -0.017076
v 0.022037 -0.192804 -0.032993
v 0.022037 -0.205435 -0.045624
v 0.022037 -0.221352 -0.053734
v 0.022037 -0.238996 -0.056529
v 0.022037 -0.256640 -0.053734
v 0.022037 -0.272556 -0.045624
v 0.022037 -0.285188 -0.032993
v 0.022037 -0.293298 -0.017076
v 0.022037 -0.296092 0.000568
v 0.022037 -0.293298 0.018211
v 0.022037 -0.285188 0.034128
v 0.022037 -0.272556 0.046760
v 0.022037 -0.256640 0.054870
v 0.022037 -0.238996 0.057664
v 0.022037 -0.221352 0.054870
v 0.018715 -0.223367 0.048668
v 0.018715 -0.209268 0.041484
v 0.018715 -0.198079 0.030295
v 0.018715 -0.190895 0.016196
v 0.018715 -0.188420 0.000568
v 0.018715 -0.190895 -0.015061
v 0.018715 -0.198079 -0.029160
v 0.018715 -0.209268 -0.040349
v 0.018715 -0.223367 -0.047533
v 0.018715 -0.238996 -0.050008
v 0.018715 -0.254625 -0.047533
v 0.018715 -0.268724 -0.040349
v 0.018715 -0.279913 -0.029160
v 0.018715 -0.287096 -0.015061
v 0.018715 -0.289572 0.000568
v 0.018715 -0.287096 0.016196
v 0.018715 -0.279913 0.030295
v 0.018715 -0.268724 0.041484
v 0.018715 -0.254625 0.048668
v 0.018715 -0.238996 0.051144
v 0.018715 -0.223367 0.048668
v 0.013540 -0.224966 0.043747
v 0.013540 -0.212310 0.037298
v 0.013540 -0.202266 0.027254
v 0.013540 -0.195817 0.014597
v 0.013540 -0.193595 0.000568
v 0.013540 -0.195817 -0.013462
v 0.013540 -0.202266 -0.026119
v 0.013540 -0.212310 -0.036163
v 0.013540 -0.224966 -0.042611
v 0.013540 -0.238996 -0.044834
v 0.013540 -0.253026 -0.042611
v 0.013540 -0.265682 -0.036163
v 0.013540 -0.275726 -0.026119
v 0.013540 -0.282175 -0.013462
v 0.013540 -0.284397 0.000568
v 0.013540 -0.282175 0.014597
v 0.013540 -0.275726 0.027254
v 0.013540 -0.265682 0.037298
v 0.013540 -0.253026 0.043747
v 0.013540 -0.238996 0.045969
v 0.013540 -0.224966 0.043747
v 0.007019 -0.225993 0.040587
v 0.007019 -0.214263 0.034610
v 0.007019 -0.204953 0.025301
v 0.007019 -0.198977 0.013571
v 0.007019 -0.196917 0.000568
v 0.007019 -0.198977 -0.012435
v 0.007019 -0.204953 -0.024166
v 0.007019 -0.214263 -0.033475
v 0.007019 -0.225993 -0.039452
v 0.007019 -0.238996 -0.041511
v 0.007019 -0.251999 -0.039452
v 0.007019 -0.263729 -0.033475
v 0.007019 -0.273038 -0.024166
v 0.007019 -0.279015 -0.012435
v 0.007019 -0.281075 0.000568
v 0.007019 -0.279015 0.013571
v 0.007019 -0.273038 0.025301
v 0.007019 -0.263729 0.034610
v 0.007019 -0.251999 0.040587
v 0.007019 -0.238996 0.042646
v 0.007019 -0.225993 0.040587
v -0.000209 -0.226347 0.039498
v -0.000209 -0.214935 0.033684
v -0.000209 -0.205880 0.024628
v -0.000209 -0.200065 0.013217
v -0.000209 -0.198062 0.000568
v -0.000209 -0.200065 -0.012082
v -0.000209 -0.205880 -0.023493
v -0.000209 -0.214935 -0.032549
v -0.000209 -0.226347 -0.038363
v -0.000209 -0.238996 -0.040366
v -0.000209 -0.251645 -0.038363
v -0.000209 -0.263056 -0.032549
v -0.000209 -0.272112 -0.023493
v -0.000209 -0.277926 -0.012082
v -0.000209 -0.279930 0.000568
v -0.000209 -0.277926 0.013217
v -0.000209 -0.272112 0.024628
v -0.000209 -0.263056 0.033684
v -0.000209 -0.251645 0.039498
v -0.000209 -0.238996 0.041501
v -0.000209 -0.226347 0.039498
v 0.009239 -0.154215 0.022761
v 0.017248 -0.154215 0.017409
v 0.017248 -0.130887 0.017409
v 0.009239 -0.130887 0.022761
v 0.022600 -0.154215 0.009399
v 0.022600 -0.130887 0.009399
v 0.024479 -0.154215 -0.000048
v 0.024479 -0.130887 -0.000048
v 0.022600 -0.154215 -0.009496
v 0.022600 -0.130887 -0.009496
v 0.017248 -0.154215 -0.017506
v 0.017248 -0.130887 -0.017506
v 0.009239 -0.154215 -0.022857
v 0.009239 -0.130887 -0.022857
v -0.000209 -0.154215 -0.024737
v -0.000209 -0.130887 -0.024737
v -0.009657 -0.154215 -0.022857
v -0.009657 -0.130887 -0.022857
v -0.017666 -0.154215 -0.017506
v -0.017666 -0.130887 -0.017506
v -0.023018 -0.154215 -0.009496
v -0.023018 -0.130887 -0.009496
v -0.024897 -0.154215 -0.000048
v -0.024897 -0.130887 -0.000048
v -0.023018 -0.154215 0.009399
v -0.023018 -0.130887 0.009399
v -0.017666 -0.154215 0.017409
v -0.017666 -0.130887 0.017409
v -0.009657 -0.154215 0.022761
v -0.009657 -0.130887 0.022761
v -0.000209 -0.154215 0.024640
v -0.000209 -0.130887 0.024640
v 0.009239 -0.123919 0.022761
v 0.017248 -0.123919 0.017409
v 0.017248 -0.100590 0.017409
v 0.009239 -0.100590 0.022761
v 0.022600 -0.123919 0.009399
v 0.022600 -0.100590 0.009399
v 0.024479 -0.123919 -0.000048
v 0.024479 -0.100590 -0.000048
v 0.022600 -0.123919 -0.009496
v 0.022600 -0.100590 -0.009496
v 0.017248 -0.123919 -0.017506
v 0.017248 -0.100590 -0.017506
v 0.009239 -0.123919 -0.022857
v 0.009239 -0.100590 -0.022857
v -0.000209 -0.123919 -0.024737
v -0.000209 -0.100590 -0.024737
v -0.009657 -0.123919 -0.022857
v -0.009657 -0.100590 -0.022857
v -0.017666 -0.123919 -0.017506
v -0.017666 -0.100590 -0.017506
v -0.023018 -0.123919 -0.009496
v -0.023018 -0.100590 -0.009496
v -0.024897 -0.123919 -0.000048
v -0.024897 -0.100590 -0.000048
v -0.023018 -0.123919 0.009399
v -0.023018 -0.100590 0.009399
v -0.017666 -0.123919 0.017409
v -0.017666 -0.100590 0.017409
v -0.009657 -0.123919 0.022761
v -0.009657 -0.100590 0.022761
v -0.000209 -0.123919 0.024640
v -0.000209 -0.100590 0.024640
v 0.009239 -0.093622 0.022761
v 0.017248 -0.093622 0.017409
v 0.017248 -0.070294 0.017409
v 0.009239 -0.070294 0.022761
v 0.022600 -0.093622 0.009399
v 0.022600 -0.070294 0.009399
v 0.024479 -0.093622 -0.000048
v 0.024479 -0.070294 -0.000048
v 0.022600 -0.093622 -0.009496
v 0.022600 -0.070294 -0.009496
v 0.017248 -0.093622 -0.017506
v 0.017248 -0.070294 -0.017506
v 0.009239 -0.093622 -0.022857
v 0.009239 -0.070294 -0.022857
v -0.000209 -0.093622 -0.024737
v -0.000209 -0.070294 -0.024737
v -0.009657 -0.093622 -0.022857
v -0.009657 -0.070294 -0.022857
v -0.017666 -0.093622 -0.017506
v -0.017666 -0.070294 -0.017506
v -0.023018 -0.093622 -0.009496
v -0.023018 -0.070294 -0.009496
v -0.024897 -0.093622 -0.000048
v -0.024897 -0.070294 -0.000048
v -0.023018 -0.093622 0.009399
v -0.023018 -0.070294 0.009399
v -0.017666 -0.093622 0.017409
v -0.017666 -0.070294 0.017409
v -0.009657 -0.093622 0.022761
v -0.009657 -0.070294 0.022761
v -0.000209 -0.093622 0.024640
v -0.000209 -0.070294 0.024640
v 0.009239 -0.063326 0.022761
v 0.017248 -0.063326 0.017409
v 0.017248 -0.039997 0.017409
v 0.009239 -0.039997 0.022761
v 0.022600 -0.063326 0.009399
v 0.022600 -0.039997 0.009399
v 0.024479 -0.063326 -0.000048
v 0.024479 -0.039997 -0.000048
v 0.022600 -0.063326 -0.009496
v 0.022600 -0.039997 -0.009496
v 0.017248 -0.063326 -0.017506
v 0.017248 -0.039997 -0.017506
v 0.009239 -0.063326 -0.022857
v 0.009239 -0.039997 -0.022857
v -0.000209 -0.063326 -0.024737
v -0.000209 -0.039997 -0.024737
v -0.009657 -0.063326 -0.022857
v -0.009657 -0.039997 -0.022857
v -0.017666 -0.063326 -0.017506
v -0.017666 -0.039997 -0.017506
v -0.023018 -0.063326 -0.009496
v -0.023018 -0.039997 -0.009496
v -0.024897 -0.063326 -0.000048
v -0.024897 -0.039997 -0.000048
v -0.023018 -0.063326 0.009399
v -0.023018 -0.039997 0.009399
v -0.017666 -0.063326 0.017409
v -0.017666 -0.039997 0.017409
v -0.009657 -0.063326 0.022761
v -0.009657 -0.039997 0.022761
v -0.000209 -0.063326 0.024640
v -0.000209 -0.039997 0.024640
v 0.009239 -0.033029 0.022761
v 0.017248 -0.033029 0.017409
v 0.017248 -0.009701 0.017409
v 0.009239 -0.009701 0.022761
v 0.022600 -0.033029 0.009399
v 0.022600 -0.009701 0.009399
v 0.024479 -0.033029 -0.000048
v 0.024479 -0.009701 -0.000048
v 0.022600 -0.033029 -0.009496
v 0.022600 -0.009701 -0.009496
v 0.017248 -0.033029 -0.017506
v 0.017248 -0.009701 -0.017506
v 0.009239 -0.033029 -0.022857
v 0.009239 -0.009701 -0.022857
v -0.000209 -0.033029 -0.024737
v -0.000209 -0.009701 -0.024737
v -0.009657 -0.033029 -0.022857
v -0.009657 -0.009701 -0.022857
v -0.017666 -0.033029 -0.017506
v -0.017666 -0.009701 -0.017506
v -0.023018 -0.033029 -0.009496
v -0.023018 -0.009701 -0.009496
v -0.024897 -0.033029 -0.000048
v -0.024897 -0.009701 -0.000048
v -0.023018 -0.033029 0.009399
v -0.023018 -0.009701 0.009399
v -0.017666 -0.033029 0.017409
v -0.017666 -0.009701 0.017409
v -0.009657 -0.033029 0.022761
v -0.009657 -0.009701 0.022761
v -0.000209 -0.033029 0.024640
v -0.000209 -0.009701 0.024640
v 0.009239 -0.002732 0.022761
v 0.017248 -0.002732 0.017409
v 0.017248 0.020596 0.017409
v 0.009239 0.020596 0.022761
v 0.022600 -0.002732 0.009399
v 0.022600 0.020596 0.009399
v 0.024479 -0.002732 -0.000048
v 0.024479 0.020596 -0.000048
v 0.022600 -0.002732 -0.009496
v 0.022600 0.020596 -0.009496
v 0.017248 -0.002732 -0.017506
v 0.017248 0.020596 -0.017506
v 0.009239 -0.002732 -0.022857
v 0.009239 0.020596 -0.022857
v -0.000209 -0.002732 -0.024737
v -0.000209 0.020596 -0.024737
v -0.009657 -0.002732 -0.022857
v -0.009657 0.020596 -0.022857
v -0.017666 -0.002732 -0.017506
v -0.017666 0.020596 -0.017506
v -0.023018 -0.002732 -0.009496
v -0.023018 0.020596 -0.009496
v -0.024897 -0.002732 -0.000048
v -0.024897 0.020596 -0.000048
v -0.023018 -0.002732 0.009399
v -0.023018 0.020596 0.009399
v -0.017666 -0.002732 0.017409
v -0.017666 0.020596 0.017409
v -0.009657 -0.002732 0.022761
v -0.009657 0.020596 0.022761
v -0.000209 -0.002732 0.024640
v -0.000209 0.020596 0.024640
v 0.009239 0.027564 0.022761
v 0.017248 0.027564 0.017409
v 0.017248 0.050893 0.017409
v 0.009239 0.050893 0.022761
v 0.022600 0.027564 0.009399
v 0.022600 0.050893 0.009399
v 0.024479 0.027564 -0.000048
v 0.024479 0.050893 -0.000048
v 0.022600 0.027564 -0.009496
v 0.022600 0.050893 -0.009496
v 0.017248 0.027564 -0.017506
v 0.017248 0.050893 -0.017506
v 0.009239 0.027564 -0.022857
v 0.009239 0.050893 -0.022857
v -0.000209 0.027564 -0.024737
v -0.000209 0.050893 -0.024737
v -0.009657 0.027564 -0.022857
v -0.009657 0.050893 -0.022857
v -0.017666 0.027564 -0.017506
v -0.017666 0.050893 -0.017506
v -0.023018 0.027564 -0.009496
v -0.023018 0.050893 -0.009496
v -0.024897 0.027564 -0.000048
v -0.024897 0.050893 -0.000048
v -0.023018 0.027564 0.009399
v -0.023018 0.050893 0.009399
v -0.017666 0.027564 0.017409
v -0.017666 0.050893 0.017409
v -0.009657 0.027564 0.022761
v -0.009657 0.050893 0.022761
v -0.000209 0.027564 0.024640
v -0.000209 0.050893 0.024640
v 0.009239 0.057861 0.022761
v 0.017248 0.057861 0.017409
v 0.017248 0.081189 0.017409
v 0.009239 0.081189 0.022761
v 0.022600 0.057861 0.009399
v 0.022600 0.081189 0.009399
v 0.024479 0.057861 -0.000048
v 0.024479 0.081189 -0.000048
v 0.022600 0.057861 -0.009496
v 0.022600 0.081189 -0.009496
v 0.017248 0.057861 -0.017506
v 0.017248 0.081189 -0.017506
v 0.009239 0.057861 -0.022857
v 0.009239 0.081189 -0.022857
v -0.000209 0.057861 -0.024737
v -0.000209 0.081189 -0.024737
v -0.009657 0.057861 -0.022857
v -0.009657 0.081189 -0.022857
v -0.017666 0.057861 -0.017506
v -0.017666 0.081189 -0.017506
v -0.023018 0.057861 -0.009496
v -0.023018 0.081189 -0.009496
v -0.024897 0.057861 -0.000048
v -0.024897 0.081189 -0.000048
v -0.023018 0.057861 0.009399
v -0.023018 0.081189 0.009399
v -0.017666 0.057861 0.017409
v -0.017666 0.081189 0.017409
v -0.009657 0.057861 0.022761
v -0.009657 0.081189 0.022761
v -0.000209 0.057861 0.024640
v -0.000209 0.081189 0.024640
v 0.009239 0.088190 0.022761
v 0.017248 0.088190 0.017409
v 0.017203 0.111736 0.017405
v 0.009215 0.111736 0.022743
v 0.022600 0.088190 0.009399
v 0.022541 0.111736 0.009416
v 0.024479 0.088190 -0.000048
v 0.024416 0.111736 -0.000007
v 0.022600 0.088190 -0.009496
v 0.022541 0.111736 -0.009431
v 0.017248 0.088190 -0.017506
v 0.017203 0.111736 -0.017420
v 0.009239 0.088190 -0.022857
v 0.009215 0.111736 -0.022758
v -0.000209 0.088190 -0.024737
v -0.000209 0.111736 -0.024632
v -0.009657 0.088190 -0.022857
v -0.009633 0.111736 -0.022758
v -0.017666 0.088190 -0.017506
v -0.017621 0.111736 -0.017420
v -0.023018 0.088190 -0.009496
v -0.022959 0.111736 -0.009431
v -0.024897 0.088190 -0.000048
v -0.024834 0.111736 -0.000007
v -0.023018 0.088190 0.009399
v -0.022959 0.111736 0.009416
v -0.017666 0.088190 0.017409
v -0.017621 0.111736 0.017405
v -0.009657 0.088190 0.022761
v -0.009633 0.111736 0.022743
v -0.000209 0.088190 0.024640
v -0.000209 0.111736 0.024618
v 0.008380 0.084673 0.020687
v 0.015661 0.084673 0.015822
v 0.017248 0.088190 0.017409
v 0.009239 0.088190 0.022761
v 0.015620 0.115253 0.015818
v 0.008358 0.115253 0.020671
v 0.009215 0.111736 0.022743
v 0.017203 0.111736 0.017405
v 0.020527 0.084673 0.008541
v 0.022600 0.088190 0.009399
v 0.020473 0.115253 0.008556
v 0.022541 0.111736 0.009416
v 0.022235 0.084673 -0.000048
v 0.024479 0.088190 -0.000048
v 0.022177 0.115253 -0.000011
v 0.024416 0.111736 -0.000007
v 0.020527 0.084673 -0.008637
v 0.022600 0.088190 -0.009496
v 0.020473 0.115253 -0.008578
v 0.022541 0.111736 -0.009431
v 0.015661 0.084673 -0.015919
v 0.017248 0.088190 -0.017506
v 0.015621 0.115253 -0.015841
v 0.017203 0.111736 -0.017420
v 0.008380 0.084673 -0.020784
v 0.009239 0.088190 -0.022857
v 0.008358 0.115253 -0.020693
v 0.009215 0.111736 -0.022758
v -0.000209 0.084673 -0.022492
v -0.000209 0.088190 -0.024737
v -0.000209 0.115253 -0.022397
v -0.000209 0.111736 -0.024632
v -0.008798 0.084673 -0.020784
v -0.009657 0.088190 -0.022857
v -0.008776 0.115253 -0.020693
v -0.009633 0.111736 -0.022758
v -0.016079 0.084673 -0.015919
v -0.017666 0.088190 -0.017506
v -0.016039 0.115253 -0.015841
v -0.017621 0.111736 -0.017420
v -0.020945 0.084673 -0.008637
v -0.023018 0.088190 -0.009496
v -0.020891 0.115253 -0.008578
v -0.022959 0.111736 -0.009431
v -0.022653 0.084673 -0.000048
v -0.024897 0.088190 -0.000048
v -0.022595 0.115253 -0.000011
v -0.024834 0.111736 -0.000007
v -0.020945 0.084673 0.008541
v -0.023018 0.088190 0.009399
v -0.020891 0.115253 0.008556
v -0.022959 0.111736 0.009416
v -0.016079 0.084673 0.015822
v -0.017666 0.088190 0.017409
v -0.016039 0.115253 0.015818
v -0.017621 0.111736 0.017405
v -0.008798 0.084673 0.020687
v -0.009657 0.088190 0.022761
v -0.008776 0.115253 0.020671
v -0.009633 0.111736 0.022743
v -0.000209 0.084673 0.022396
v -0.000209 0.088190 0.024640
v -0.000209 0.115253 0.022375
v -0.000209 0.111736 0.024618
v 0.008380 0.054377 0.020687
v 0.015661 0.054377 0.015822
v 0.017248 0.057861 0.017409
v 0.009239 0.057861 0.022761
v 0.015661 0.084673 0.015822
v 0.008380 0.084673 0.020687
v 0.009239 0.081189 0.022761
v 0.017248 0.081189 0.017409
v 0.020527 0.054377 0.008541
v 0.022600 0.057861 0.009399
v 0.020527 0.084673 0.008541
v 0.022600 0.081189 0.009399
v 0.022235 0.054377 -0.000048
v 0.024479 0.057861 -0.000048
v 0.022235 0.084673 -0.000048
v 0.024479 0.081189 -0.000048
v 0.020527 0.054377 -0.008637
v 0.022600 0.057861 -0.009496
v 0.020527 0.084673 -0.008637
v 0.022600 0.081189 -0.009496
v 0.015661 0.054377 -0.015919
v 0.017248 0.057861 -0.017506
v 0.015661 0.084673 -0.015919
v 0.017248 0.081189 -0.017506
v 0.008380 0.054377 -0.020784
v 0.009239 0.057861 -0.022857
v 0.008380 0.084673 -0.020784
v 0.009239 0.081189 -0.022857
v -0.000209 0.054377 -0.022492
v -0.000209 0.057861 -0.024737
v -0.000209 0.084673 -0.022492
v -0.000209 0.081189 -0.024737
v -0.008798 0.054377 -0.020784
v -0.009657 0.057861 -0.022857
v -0.008798 0.084673 -0.020784
v -0.009657 0.081189 -0.022857
v -0.016079 0.054377 -0.015919
v -0.017666 0.057861 -0.017506
v -0.016079 0.084673 -0.015919
v -0.017666 0.081189 -0.017506
v -0.020945 0.054377 -0.008637
v -0.023018 0.057861 -0.009496
v -0.020945 0.084673 -0.008637
v -0.023018 0.081189 -0.009496
v -0.022653 0.054377 -0.000048
v -0.024897 0.057861 -0.000048
v -0.022653 0.084673 -0.000048
v -0.024897 0.081189 -0.000048
v -0.020945 0.054377 0.008541
v -0.023018 0.057861 0.009399
v -0.020945 0.084673 0.008541
v -0.023018 0.081189 0.009399
v -0.016079 0.054377 0.015822
v -0.017666 0.057861 0.017409
v -0.016079 0.084673 0.015822
v -0.017666 0.081189 0.017409
v -0.008798 0.054377 0.020687
v -0.009657 0.057861 0.022761
v -0.008798 0.084673 0.020687
v -0.009657 0.081189 0.022761
v -0.000209 0.054377 0.022396
v -0.000209 0.057861 0.024640
v -0.000209 0.084673 0.022396
v -0.000209 0.081189 0.024640
v 0.008380 0.024080 0.020687
v 0.015661 0.024080 0.015822
v 0.017248 0.027564 0.017409
v 0.009239 0.027564 0.022761
v 0.015661 0.054377 0.015822
v 0.008380 0.054377 0.020687
v 0.009239 0.050893 0.022761
v 0.017248 0.050893 0.017409
v 0.020527 0.024080 0.008541
v 0.022600 0.027564 0.009399
v 0.020527 0.054377 0.008541
v 0.022600 0.050893 0.009399
v 0.022235 0.024080 -0.000048
v 0.024479 0.027564 -0.000048
v 0.022235 0.054377 -0.000048
v 0.024479 0.050893 -0.000048
v 0.020527 0.024080 -0.008637
v 0.022600 0.027564 -0.009496
v 0.020527 0.054377 -0.008637
v 0.022600 0.050893 -0.009496
v 0.015661 0.024080 -0.015919
v 0.017248 0.027564 -0.017506
v 0.015661 0.054377 -0.015919
v 0.017248 0.050893 -0.017506
v 0.008380 0.024080 -0.020784
v 0.009239 0.027564 -0.022857
v 0.008380 0.054377 -0.020784
v 0.009239 0.050893 -0.022857
v -0.000209 0.024080 -0.022492
v -0.000209 0.027564 -0.024737
v -0.000209 0.054377 -0.022492
v -0.000209 0.050893 -0.024737
v -0.008798 0.024080 -0.020784
v -0.009657 0.027564 -0.022857
v -0.008798 0.054377 -0.020784
v -0.009657 0.050893 -0.022857
v -0.016079 0.024080 -0.015919
v -0.017666 0.027564 -0.017506
v -0.016079 0.054377 -0.015919
v -0.017666 0.050893 -0.017506
v -0.020945 0.024080 -0.008637
v -0.023018 0.027564 -0.009496
v -0.020945 0.054377 -0.008637
v -0.023018 0.050893 -0.009496
v -0.022653 0.024080 -0.000048
v -0.024897 0.027564 -0.000048
v -0.022653 0.054377 -0.000048
v -0.024897 0.050893 -0.000048
v -0.020945 0.024080 0.008541
v -0.023018 0.027564 0.009399
v -0.020945 0.054377 0.008541
v -0.023018 0.050893 0.009399
v -0.016079 0.024080 0.015822
v -0.017666 0.027564 0.017409
v -0.016079 0.054377 0.015822
v -0.017666 0.050893 0.017409
v -0.008798 0.024080 0.020687
v -0.009657 0.027564 0.022761
v -0.008798 0.054377 0.020687
v -0.009657 0.050893 0.022761
v -0.000209 0.024080 0.022396
v -0.000209 0.027564 0.024640
v -0.000209 0.054377 0.022396
v -0.000209 0.050893 0.024640
v 0.008380 -0.006216 0.020687
v 0.015661 -0.006216 0.015822
v 0.017248 -0.002732 0.017409
v 0.009239 -0.002732 0.022761
v 0.015661 0.024080 0.015822
v 0.008380 0.024080 0.020687
v 0.009239 0.020596 0.022761
v 0.017248 0.020596 0.017409
v 0.020527 -0.006216 0.008541
v 0.022600 -0.002732 0.009399
v 0.020527 0.024080 0.008541
v 0.022600 0.020596 0.009399
v 0.022235 -0.006216 -0.000048
v 0.024479 -0.002732 -0.000048
v 0.022235 0.024080 -0.000048
v 0.024479 0.020596 -0.000048
v 0.020527 -0.006216 -0.008637
v 0.022600 -0.002732 -0.009496
v 0.020527 0.024080 -0.008637
v 0.022600 0.020596 -0.009496
v 0.015661 -0.006216 -0.015919
v 0.017248 -0.002732 -0.017506
v 0.015661 0.024080 -0.015919
v 0.017248 0.020596 -0.017506
v 0.008380 -0.006216 -0.020784
v 0.009239 -0.002732 -0.022857
v 0.008380 0.024080 -0.020784
v 0.009239 0.020596 -0.022857
v -0.000209 -0.006216 -0.022492
v -0.000209 -0.002732 -0.024737
v -0.000209 0.024080 -0.022492
v -0.000209 0.020596 -0.024737
v -0.008798 -0.006216 -0.020784
v -0.009657 -0.002732 -0.022857
v -0.008798 0.024080 -0.020784
v -0.009657 0.020596 -0.022857
v -0.016079 -0.006216 -0.015919
v -0.017666 -0.002732 -0.017506
v -0.016079 0.024080 -0.015919
v -0.017666 0.020596 -0.017506
v -0.020945 -0.006216 -0.008637
v -0.023018 -0.002732 -0.009496
v -0.020945 0.024080 -0.008637
v -0.023018 0.020596 -0.009496
v -0.022653 -0.006216 -0.000048
v -0.024897 -0.002732 -0.000048
v -0.022653 0.024080 -0.000048
v -0.024897 0.020596 -0.000048
v -0.020945 -0.006216 0.008541
v -0.023018 -0.002732 0.009399
v -0.020945 0.024080 0.008541
v -0.023018 0.020596 0.009399
v -0.016079 -0.006216 0.015822
v -0.017666 -0.002732 0.017409
v -0.016079 0.024080 0.015822
v -0.017666 0.020596 0.017409
v -0.008798 -0.006216 0.020687
v -0.009657 -0.002732 0.022761
v -0.008798 0.024080 0.020687
v -0.009657 0.020596 0.022761
v -0.000209 -0.006216 0.022396
v -0.000209 -0.002732 0.024640
v -0.000209 0.024080 0.022396
v -0.000209 0.020596 0.024640
v 0.008380 -0.036513 0.020687
v 0.015661 -0.036513 0.015822
v 0.017248 -0.033029 0.017409
v 0.009239 -0.033029 0.022761
v 0.015661 -0.006216 0.015822
v 0.008380 -0.006216 0.020687
v 0.009239 -0.009701 0.022761
v 0.017248 -0.009701 0.017409
v 0.020527 -0.036513 0.008541
v 0.022600 -0.033029 0.009399
v 0.020527 -0.006216 0.008541
v 0.022600 -0.009701 0.009399
v 0.022235 -0.036513 -0.000048
v 0.024479 -0.033029 -0.000048
v 0.022235 -0.006216 -0.000048
v 0.024479 -0.009701 -0.000048
v 0.020527 -0.036513 -0.008637
v 0.022600 -0.033029 -0.009496
v 0.020527 -0.006216 -0.008637
v 0.022600 -0.009701 -0.009496
v 0.015661 -0.036513 -0.015919
v 0.017248 -0.033029 -0.017506
v 0.015661 -0.006216 -0.015919
v 0.017248 -0.009701 -0.017506
v 0.008380 -0.036513 -0.020784
v 0.009239 -0.033029 -0.022857
v 0.008380 -0.006216 -0.020784
v 0.009239 -0.009701 -0.022857
v -0.000209 -0.036513 -0.022492
v -0.000209 -0.033029 -0.024737
v -0.000209 -0.006216 -0.022492
v -0.000209 -0.009701 -0.024737
v -0.008798 -0.036513 -0.020784
v -0.009657 -0.033029 -0.022857
v -0.008798 -0.006216 -0.020784
v -0.009657 -0.009701 -0.022857
v -0.016079 -0.036513 -0.015919
v -0.017666 -0.033029 -0.017506
v -0.016079 -0.006216 -0.015919
v -0.017666 -0.009701 -0.017506
v -0.020945 -0.036513 -0.008637
v -0.023018 -0.033029 -0.009496
v -0.020945 -0.006216 -0.008637
v -0.023018 -0.009701 -0.009496
v -0.022653 -0.036513 -0.000048
v -0.024897 -0.033029 -0.000048
v -0.022653 -0.006216 -0.000048
v -0.024897 -0.009701 -0.000048
v -0.020945 -0.036513 0.008541
v -0.023018 -0.033029 0.009399
v -0.020945 -0.006216 0.008541
v -0.023018 -0.009701 0.009399
v -0.016079 -0.036513 0.015822
v -0.017666 -0.033029 0.017409
v -0.016079 -0.006216 0.015822
v -0.017666 -0.009701 0.017409
v -0.008798 -0.036513 0.020687
v -0.009657 -0.033029 0.022761
v -0.008798 -0.006216 0.020687
v -0.009657 -0.009701 0.022761
v -0.000209 -0.036513 0.022396
v -0.000209 -0.033029 0.024640
v -0.000209 -0.006216 0.022396
v -0.000209 -0.009701 0.024640
v 0.008380 -0.066810 0.020687
v 0.015661 -0.066810 0.015822
v 0.017248 -0.063326 0.017409
v 0.009239 -0.063326 0.022761
v 0.015661 -0.036513 0.015822
v 0.008380 -0.036513 0.020687
v 0.009239 -0.039997 0.022761
v 0.017248 -0.039997 0.017409
v 0.020527 -0.066810 0.008541
v 0.022600 -0.063326 0.009399
v 0.020527 -0.036513 0.008541
v 0.022600 -0.039997 0.009399
v 0.022235 -0.066810 -0.000048
v 0.024479 -0.063326 -0.000048
v 0.022235 -0.036513 -0.000048
v 0.024479 -0.039997 -0.000048
v 0.020527 -0.066810 -0.008637
v 0.022600 -0.063326 -0.009496
v 0.020527 -0.036513 -0.008637
v 0.022600 -0.039997 -0.009496
v 0.015661 -0.066810 -0.015919
v 0.017248 -0.063326 -0.017506
v 0.015661 -0.036513 -0.015919
v 0.017248 -0.039997 -0.017506
v 0.008380 -0.066810 -0.020784
v 0.009239 -0.063326 -0.022857
v 0.008380 -0.036513 -0.020784
v 0.009239 -0.039997 -0.022857
v -0.000209 -0.066810 -0.022492
v -0.000209 -0.063326 -0.024737
v -0.000209 -0.036513 -0.022492
v -0.000209 -0.039997 -0.024737
v -0.008798 -0.066810 -0.020784
v -0.009657 -0.063326 -0.022857
v -0.008798 -0.036513 -0.020784
v -0.009657 -0.039997 -0.022857
v -0.016079 -0.066810 -0.015919
v -0.017666 -0.063326 -0.017506
v -0.016079 -0.036513 -0.015919
v -0.017666 -0.039997 -0.017506
v -0.020945 -0.066810 -0.008637
v -0.023018 -0.063326 -0.009496
v -0.020945 -0.036513 -0.008637
v -0.023018 -0.039997 -0.009496
v -0.022653 -0.066810 -0.000048
v -0.024897 -0.063326 -0.000048
v -0.022653 -0.036513 -0.000048
v -0.024897 -0.039997 -0.000048
v -0.020945 -0.066810 0.008541
v -0.023018 -0.063326 0.009399
v -0.020945 -0.036513 0.008541
v -0.023018 -0.039997 0.009399
v -0.016079 -0.066810 0.015822
v -0.017666 -0.063326 0.017409
v -0.016079 -0.036513 0.015822
v -0.017666 -0.039997 0.017409
v -0.008798 -0.066810 0.020687
v -0.009657 -0.063326 0.022761
v -0.008798 -0.036513 0.020687
v -0.009657 -0.039997 0.022761
v -0.000209 -0.066810 0.022396
v -0.000209 -0.063326 0.024640
v -0.000209 -0.036513 0.022396
v -0.000209 -0.039997 0.024640
v 0.008380 -0.097106 0.020687
v 0.015661 -0.097106 0.015822
v 0.017248 -0.093622 0.017409
v 0.009239 -0.093622 0.022761
v 0.015661 -0.066810 0.015822
v 0.008380 -0.066810 0.020687
v 0.009239 -0.070294 0.022761
v 0.017248 -0.070294 0.017409
v 0.020527 -0.097106 0.008541
v 0.022600 -0.093622 0.009399
v 0.020527 -0.066810 0.008541
v 0.022600 -0.070294 0.009399
v 0.022235 -0.097106 -0.000048
v 0.024479 -0.093622 -0.000048
v 0.022235 -0.066810 -0.000048
v 0.024479 -0.070294 -0.000048
v 0.020527 -0.097106 -0.008637
v 0.022600 -0.093622 -0.009496
v 0.020527 -0.066810 -0.008637
v 0.022600 -0.070294 -0.009496
v 0.015661 -0.097106 -0.015919
v 0.017248 -0.093622 -0.017506
v 0.015661 -0.066810 -0.015919
v 0.017248 -0.070294 -0.017506
v 0.008380 -0.097106 -0.020784
v 0.009239 -0.093622 -0.022857
v 0.008380 -0.066810 -0.020784
v 0.009239 -0.070294 -0.022857
v -0.000209 -0.097106 -0.022492
v -0.000209 -0.093622 -0.024737
v -0.000209 -0.066810 -0.022492
v -0.000209 -0.070294 -0.024737
v -0.008798 -0.097106 -0.020784
v -0.009657 -0.093622 -0.022857
v -0.008798 -0.066810 -0.020784
v -0.009657 -0.070294 -0.022857
v -0.016079 -0.097106 -0.015919
v -0.017666 -0.093622 -0.017506
v -0.016079 -0.066810 -0.015919
v -0.017666 -0.070294 -0.017506
v -0.020945 -0.097106 -0.008637
v -0.023018 -0.093622 -0.009496
v -0.020945 -0.066810 -0.008637
v -0.023018 -0.070294 -0.009496
v -0.022653 -0.097106 -0.000048
v -0.024897 -0.093622 -0.000048
v -0.022653 -0.066810 -0.000048
v -0.024897 -0.070294 -0.000048
v -0.020945 -0.097106 0.008541
v -0.023018 -0.093622 0.009399
v -0.020945 -0.066810 0.008541
v -0.023018 -0.070294 0.009399
v -0.016079 -0.097106 0.015822
v -0.017666 -0.093622 0.017409
v -0.016079 -0.066810 0.015822
v -0.017666 -0.070294 0.017409
v -0.008798 -0.097106 0.020687
v -0.009657 -0.093622 0.022761
v -0.008798 -0.066810 0.020687
v -0.009657 -0.070294 0.022761
v -0.000209 -0.097106 0.022396
v -0.000209 -0.093622 0.024640
v -0.000209 -0.066810 0.022396
v -0.000209 -0.070294 0.024640
v 0.008380 -0.127403 0.020687
v 0.015661 -0.127403 0.015822
v 0.017248 -0.123919 0.017409
v 0.009239 -0.123919 0.022761
v 0.015661 -0.097106 0.015822
v 0.008380 -0.097106 0.020687
v 0.009239 -0.100590 0.022761
v 0.017248 -0.100590 0.017409
v 0.020527 -0.127403 0.008541
v 0.022600 -0.123919 0.009399
v 0.020527 -0.097106 0.008541
v 0.022600 -0.100590 0.009399
v 0.022235 -0.127403 -0.000048
v 0.024479 -0.123919 -0.000048
v 0.022235 -0.097106 -0.000048
v 0.024479 -0.100590 -0.000048
v 0.020527 -0.127403 -0.008637
v 0.022600 -0.123919 -0.009496
v 0.020527 -0.097106 -0.008637
v 0.022600 -0.100590 -0.009496
v 0.015661 -0.127403 -0.015919
v 0.017248 -0.123919 -0.017506
v 0.015661 -0.097106 -0.015919
v 0.017248 -0.100590 -0.017506
v 0.008380 -0.127403 -0.020784
v 0.009239 -0.123919 -0.022857
v 0.008380 -0.097106 -0.020784
v 0.009239 -0.100590 -0.022857
v -0.000209 -0.127403 -0.022492
v -0.000209 -0.123919 -0.024737
v -0.000209 -0.097106 -0.022492
v -0.000209 -0.100590 -0.024737
v -0.008798 -0.127403 -0.020784
v -0.009657 -0.123919 -0.022857
v -0.008798 -0.097106 -0.020784
v -0.009657 -0.100590 -0.022857
v -0.016079 -0.127403 -0.015919
v -0.017666 -0.123919 -0.017506
v -0.016079 -0.097106 -0.015919
v -0.017666 -0.100590 -0.017506
v -0.020945 -0.127403 -0.008637
v -0.023018 -0.123919 -0.009496
v -0.020945 -0.097106 -0.008637
v -0.023018 -0.100590 -0.009496
v -0.022653 -0.127403 -0.000048
v -0.024897 -0.123919 -0.000048
v -0.022653 -0.097106 -0.000048
v -0.024897 -0.100590 -0.000048
v -0.020945 -0.127403 0.008541
v -0.023018 -0.123919 0.009399
v -0.020945 -0.097106 0.008541
v -0.023018 -0.100590 0.009399
v -0.016079 -0.127403 0.015822
v -0.017666 -0.123919 0.017409
v -0.016079 -0.097106 0.015822
v -0.017666 -0.100590 0.017409
v -0.008798 -0.127403 0.020687
v -0.009657 -0.123919 0.022761
v -0.008798 -0.097106 0.020687
v -0.009657 -0.100590 0.022761
v -0.000209 -0.127403 0.022396
v -0.000209 -0.123919 0.024640
v -0.000209 -0.097106 0.022396
v -0.000209 -0.100590 0.024640
v 0.008380 -0.157699 0.020687
v 0.015661 -0.157699 0.015822
v 0.015661 -0.127403 0.015822
v 0.008380 -0.127403 0.020687
v 0.009239 -0.130887 0.022761
v 0.017248 -0.130887 0.017409
v 0.020527 -0.157699 0.008541
v 0.020527 -0.127403 0.008541
v 0.022600 -0.130887 0.009399
v 0.022235 -0.157699 -0.000048
v 0.022235 -0.127403 -0.000048
v 0.024479 -0.130887 -0.000048
v 0.020527 -0.157699 -0.008637
v 0.020527 -0.127403 -0.008637
v 0.022600 -0.130887 -0.009496
v 0.015661 -0.157699 -0.015919
v 0.015661 -0.127403 -0.015919
v 0.017248 -0.130887 -0.017506
v 0.008380 -0.157699 -0.020784
v 0.008380 -0.127403 -0.020784
v 0.009239 -0.130887 -0.022857
v -0.000209 -0.157699 -0.022492
v -0.000209 -0.127403 -0.022492
v -0.000209 -0.130887 -0.024737
v -0.008798 -0.157699 -0.020784
v -0.008798 -0.127403 -0.020784
v -0.009657 -0.130887 -0.022857
v -0.016079 -0.157699 -0.015919
v -0.016079 -0.127403 -0.015919
v -0.017666 -0.130887 -0.017506
v -0.020945 -0.157699 -0.008637
v -0.020945 -0.127403 -0.008637
v -0.023018 -0.130887 -0.009496
v -0.022653 -0.157699 -0.000048
v -0.022653 -0.127403 -0.000048
v -0.024897 -0.130887 -0.000048
v -0.020945 -0.157699 0.008541
v -0.020945 -0.127403 0.008541
v -0.023018 -0.130887 0.009399
v -0.016079 -0.157699 0.015822
v -0.016079 -0.127403 0.015822
v -0.017666 -0.130887 0.017409
v -0.008798 -0.157699 0.020687
v -0.008798 -0.127403 0.020687
v -0.009657 -0.130887 0.022761
v -0.000209 -0.157699 0.022396
v -0.000209 -0.127403 0.022396
v -0.000209 -0.130887 0.024640
v 0.000000 0.201680 -0.107870
v -0.002369 0.201684 -0.106410
v -0.001144 0.635789 -0.002947
v 0.000000 0.637902 -0.002947
v -0.002665 0.197093 -0.103553
v 0.000000 0.197127 -0.105312
v -0.000209 0.115079 -0.022298
v -0.008753 0.115079 -0.020598
v -0.027229 0.201839 -0.046152
v -0.027233 0.199373 -0.045901
v -0.044985 0.199489 -0.002908
v -0.045054 0.201950 -0.002947
v -0.026911 0.197174 -0.044914
v -0.044295 0.197232 -0.002870
v -0.045516 0.201953 -0.000000
v -0.001145 0.637627 -0.000000
v -0.044717 0.197196 -0.000000
v -0.020837 0.115079 -0.008515
v -0.022536 0.115079 0.000029
v -0.015997 0.115079 -0.015759
v -0.002473 0.199213 -0.105863
v 0.000000 0.199497 -0.107418
v -0.045435 0.199498 -0.000000
v 0.000000 0.637902 -0.002947
v -0.001144 0.635789 -0.002947
v -0.001145 0.637627 -0.000000
v 0.000000 0.639737 -0.000000
v 0.000000 0.201680 -0.107870
v 0.000000 0.637902 -0.002947
v 0.001144 0.635789 -0.002947
v 0.002369 0.201684 -0.106410
v 0.002665 0.197093 -0.103553
v 0.008335 0.115079 -0.020598
v -0.000209 0.115079 -0.022298
v 0.000000 0.197127 -0.105312
v 0.023730 0.199351 -0.054383
v 0.044985 0.199489 -0.002907
v 0.023481 0.197163 -0.053209
v 0.044295 0.197232 -0.002870
v 0.001145 0.637627 -0.000000
v 0.045516 0.201953 0.000000
v 0.044717 0.197196 0.000000
v 0.022118 0.115079 0.000029
v 0.020419 0.115079 -0.008515
v 0.015579 0.115079 -0.015759
v 0.002473 0.199213 -0.105863
v 0.000000 0.199497 -0.107418
v 0.045435 0.199498 0.000000
v 0.000000 0.637902 -0.002947
v 0.000000 0.639737 -0.000000
v 0.001145 0.637627 -0.000000
v 0.001144 0.635789 -0.002947
v -0.000000 0.201680 0.107870
v 0.000000 0.637902 0.002947
v -0.001144 0.635789 0.002947
v -0.002369 0.201684 0.106410
v -0.002665 0.197093 0.103553
v -0.008753 0.115079 0.020657
v -0.000209 0.115079 0.022356
v -0.000000 0.197127 0.105312
v -0.023635 0.199350 0.054613
v -0.044985 0.199489 0.002907
v -0.023388 0.197162 0.053435
v -0.044295 0.197232 0.002870
v -0.020837 0.115079 0.008573
v -0.015997 0.115079 0.015817
v -0.002473 0.199213 0.105863
v -0.000000 0.199497 0.107418
v 0.000000 0.637902 0.002947
v 0.000000 0.639737 -0.000000
v -0.001145 0.637627 -0.000000
v -0.001144 0.635789 0.002947
v -0.000000 0.201680 0.107870
v 0.002369 0.201684 0.106410
v 0.001144 0.635789 0.002947
v 0.000000 0.637902 0.002947
v 0.002665 0.197093 0.103553
v -0.000000 0.197127 0.105312
v -0.000209 0.115079 0.022356
v 0.008335 0.115079 0.020657
v 0.026442 0.199368 0.047814
v 0.044985 0.199489 0.002908
v 0.026137 0.197171 0.046786
v 0.044295 0.197232 0.002870
v 0.020419 0.115079 0.008573
v 0.015579 0.115079 0.015817
v 0.002473 0.199213 0.105863
v -0.000000 0.199497 0.107418
v 0.000000 0.637902 0.002947
v 0.001144 0.635789 0.002947
v 0.001145 0.637627 -0.000000
v 0.000000 0.639737 -0.000000
v 0.008335 0.115079 -0.020598
v 0.002665 0.197093 -0.103553
v 0.002473 0.199213 -0.105863
v 0.002473 0.199213 0.105863
v 0.002665 0.197093 0.103553
v 0.008335 0.115079 0.020657
v -0.002473 0.199213 -0.105863
v -0.002665 0.197093 -0.103553
v -0.008753 0.115079 -0.020598
v -0.008753 0.115079 0.020657
v -0.002665 0.197093 0.103553
v -0.002473 0.199213 0.105863
vn 0.3741 -0.8485 0.3741
vn 0.2025 -0.8486 0.4888
vn -0.0000 -1.0000 -0.0000
vn 0.4888 -0.8486 0.2025
vn 0.5291 -0.8485 -0.0000
vn 0.4888 -0.8485 -0.2025
vn 0.3741 -0.8486 -0.3741
vn 0.2025 -0.8486 -0.4888
vn -0.0000 -0.8485 -0.5291
vn -0.2025 -0.8486 -0.4888
vn -0.3741 -0.8486 -0.3741
vn -0.4888 -0.8486 -0.2025
vn -0.5291 -0.8485 -0.0000
vn -0.4888 -0.8486 0.2025
vn -0.3741 -0.8485 0.3741
vn -0.2025 -0.8485 0.4888
vn -0.0000 -0.8486 0.5291
vn -0.9204 0.0916 -0.3800
vn -0.9205 0.0914 -0.3800
vn -0.9617 0.0975 -0.2561
vn 0.9204 0.0916 -0.3800
vn 0.9621 0.0975 -0.2547
vn 0.9304 0.0928 -0.3546
vn -0.9204 0.0917 0.3800
vn -0.9621 0.0975 0.2547
vn -0.9304 0.0928 0.3546
vn 0.9204 0.0916 0.3800
vn 0.9204 0.0917 0.3800
vn 0.9618 0.0975 0.2557
vn -0.9204 0.0916 0.3800
vn 0.9317 0.0929 0.3512
vn -0.0000 -0.5878 -0.8090
vn -0.0000 -0.3090 -0.9511
vn -0.3175 -0.2930 -0.9019
vn -0.3174 -0.5574 -0.7672
vn -0.0000 -0.8090 -0.5878
vn -0.3175 -0.7672 -0.5574
vn -0.0000 -0.9511 -0.3090
vn -0.3174 -0.9019 -0.2930
vn -0.3175 -0.9483 -0.0000
vn -0.0000 -0.9511 0.3090
vn -0.3175 -0.9019 0.2930
vn -0.0000 -0.8090 0.5878
vn -0.3174 -0.7672 0.5574
vn -0.0000 -0.5878 0.8090
vn -0.3175 -0.5574 0.7672
vn -0.0000 -0.3090 0.9511
vn -0.3175 -0.2930 0.9019
vn -0.0000 -0.0000 1.0000
vn -0.3175 -0.0000 0.9483
vn -0.0000 0.3090 0.9511
vn -0.3175 0.2930 0.9019
vn -0.0000 0.5878 0.8090
vn -0.3175 0.5574 0.7672
vn -0.0000 0.8090 0.5878
vn -0.3175 0.7672 0.5574
vn -0.0000 0.9511 0.3090
vn -0.3174 0.9019 0.2930
vn -0.0000 1.0000 -0.0000
vn -0.3175 0.9483 -0.0000
vn -0.0000 0.9511 -0.3090
vn -0.3175 0.9019 -0.2930
vn -0.0000 0.8090 -0.5878
vn -0.3175 0.7672 -0.5574
vn -0.0000 0.5878 -0.8090
vn -0.3175 0.5574 -0.7672
vn -0.0000 0.3090 -0.9511
vn -0.3174 0.2930 -0.9019
vn -0.0000 -0.0000 -1.0000
vn -0.3175 -0.0000 -0.9483
vn -0.6009 -0.2470 -0.7602
vn -0.6009 -0.4698 -0.6467
vn -0.6009 -0.6467 -0.4698
vn -0.6009 -0.7602 -0.2470
vn -0.6009 -0.7993 -0.0000
vn -0.6009 -0.7602 0.2470
vn -0.6009 -0.6467 0.4698
vn -0.6009 -0.4698 0.6467
vn -0.6009 -0.2470 0.7602
vn -0.6009 -0.0000 0.7993
vn -0.6009 0.2470 0.7602
vn -0.6009 0.4698 0.6467
vn -0.6009 0.6467 0.4698
vn -0.6009 0.7602 0.2470
vn -0.6009 0.7993 -0.0000
vn -0.6009 0.7602 -0.2470
vn -0.6009 0.6467 -0.4698
vn -0.6010 0.4698 -0.6466
vn -0.6009 0.2470 -0.7602
vn -0.6009 -0.0000 -0.7993
vn -0.8215 -0.1762 -0.5423
vn -0.8215 -0.3352 -0.4613
vn -0.8215 -0.4613 -0.3352
vn -0.8215 -0.5424 -0.1762
vn -0.8215 -0.5702 -0.0000
vn -0.8215 -0.5423 0.1762
vn -0.8215 -0.4613 0.3352
vn -0.8215 -0.3352 0.4613
vn -0.8215 -0.1762 0.5424
vn -0.8215 -0.0000 0.5702
vn -0.8215 0.1762 0.5423
vn -0.8215 0.3352 0.4614
vn -0.8215 0.4613 0.3352
vn -0.8215 0.5423 0.1762
vn -0.8215 0.5702 -0.0000
vn -0.8215 0.5424 -0.1762
vn -0.8215 0.4613 -0.3352
vn -0.8215 0.3352 -0.4613
vn -0.8215 0.1762 -0.5423
vn -0.8215 -0.0000 -0.5703
vn -0.8215 -0.1762 -0.5424
vn -0.9582 -0.0884 -0.2720
vn -0.9583 -0.1681 -0.2313
vn -0.9583 -0.2313 -0.1681
vn -0.9583 -0.2719 -0.0884
vn -0.9583 -0.2859 -0.0000
vn -0.9582 -0.2720 0.0884
vn -0.9582 -0.2314 0.1681
vn -0.9583 -0.1681 0.2313
vn -0.9583 -0.0884 0.2719
vn -0.9582 -0.0000 0.2860
vn -0.9583 0.0884 0.2719
vn -0.9583 0.1681 0.2313
vn -0.9583 0.2313 0.1681
vn -0.9583 0.2719 0.0884
vn -0.9582 0.2860 -0.0000
vn -0.9582 0.2720 -0.0884
vn -0.9582 0.2314 -0.1681
vn -0.9583 0.1681 -0.2313
vn -0.9582 0.0884 -0.2720
vn -0.9582 -0.0000 -0.2860
vn -0.9582 -0.0883 -0.2720
vn -0.9997 0.0075 0.0232
vn -0.9997 0.0143 0.0197
vn -0.9997 0.0197 0.0143
vn -0.9997 0.0232 0.0075
vn -0.9997 0.0244 -0.0000
vn -0.9997 0.0232 -0.0075
vn -0.9997 0.0197 -0.0143
vn -0.9997 0.0143 -0.0198
vn -0.9997 0.0075 -0.0232
vn -0.9997 -0.0000 -0.0244
vn -0.9997 -0.0075 -0.0232
vn -0.9997 -0.0144 -0.0197
vn -0.9997 -0.0197 -0.0143
vn -0.9997 -0.0232 -0.0075
vn -0.9997 -0.0244 -0.0000
vn -0.9997 -0.0232 0.0075
vn -0.9997 -0.0197 0.0143
vn -0.9997 -0.0144 0.0197
vn -0.9997 -0.0075 0.0232
vn -0.9997 -0.0000 0.0244
vn -0.9439 0.1021 0.3141
vn -0.9439 0.1942 0.2672
vn -0.9439 0.2672 0.1941
vn -0.9439 0.3141 0.1021
vn -0.9439 0.3303 -0.0000
vn -0.9439 0.3141 -0.1021
vn -0.9439 0.2672 -0.1942
vn -0.9439 0.1942 -0.2672
vn -0.9439 0.1021 -0.3141
vn -0.9439 -0.0000 -0.3303
vn -0.9439 -0.1021 -0.3141
vn -0.9439 -0.1941 -0.2672
vn -0.9439 -0.2672 -0.1941
vn -0.9439 -0.3141 -0.1021
vn -0.9439 -0.3303 -0.0000
vn -0.9439 -0.3141 0.1021
vn -0.9439 -0.2672 0.1942
vn -0.9439 -0.1941 0.2672
vn -0.9439 -0.1021 0.3141
vn -0.9439 -0.0000 0.3303
vn -0.9439 0.1020 0.3141
vn -0.7979 0.1863 0.5733
vn -0.7979 0.3543 0.4876
vn -0.7979 0.4876 0.3543
vn -0.7979 0.5733 0.1863
vn -0.7979 0.6028 -0.0000
vn -0.7979 0.5733 -0.1863
vn -0.7979 0.4876 -0.3543
vn -0.7979 0.3543 -0.4876
vn -0.7979 0.1863 -0.5733
vn -0.7979 -0.0000 -0.6028
vn -0.7979 -0.1863 -0.5733
vn -0.7979 -0.3543 -0.4876
vn -0.7979 -0.4876 -0.3543
vn -0.7979 -0.5733 -0.1863
vn -0.7979 -0.6028 -0.0000
vn -0.7979 -0.5733 0.1863
vn -0.7979 -0.4876 0.3543
vn -0.7979 -0.3543 0.4876
vn -0.7979 -0.1863 0.5733
vn -0.7979 -0.0000 0.6028
vn -0.7979 0.1862 0.5733
vn -0.5769 0.2525 0.7768
vn -0.5770 0.4801 0.6608
vn -0.5770 0.6608 0.4801
vn -0.5770 0.7768 0.2524
vn -0.5770 0.8168 -0.0000
vn -0.5770 0.7768 -0.2524
vn -0.5770 0.6608 -0.4801
vn -0.5770 0.4801 -0.6608
vn -0.5770 0.2524 -0.7768
vn -0.5770 -0.0000 -0.8168
vn -0.5770 -0.2524 -0.7768
vn -0.5770 -0.4801 -0.6608
vn -0.5770 -0.6608 -0.4801
vn -0.5770 -0.7768 -0.2524
vn -0.5770 -0.8168 -0.0000
vn -0.5770 -0.7768 0.2524
vn -0.5770 -0.6608 0.4801
vn -0.5770 -0.4801 0.6608
vn -0.5770 -0.2524 0.7768
vn -0.5770 -0.0000 0.8168
vn -0.5770 0.2524 0.7768
vn -0.3024 0.2946 0.9065
vn -0.3024 0.5603 0.7711
vn -0.3024 0.7711 0.5603
vn -0.3024 0.9065 0.2945
vn -0.3025 0.9532 -0.0000
vn -0.3025 0.9065 -0.2945
vn -0.3024 0.7711 -0.5603
vn -0.3025 0.5603 -0.7711
vn -0.3025 0.2945 -0.9065
vn -0.3024 -0.0000 -0.9532
vn -0.3025 -0.2945 -0.9065
vn -0.3024 -0.5603 -0.7711
vn -0.3024 -0.7711 -0.5603
vn -0.3025 -0.9065 -0.2945
vn -0.3024 -0.9532 -0.0000
vn -0.3025 -0.9065 0.2945
vn -0.3024 -0.7711 0.5603
vn -0.3025 -0.5603 0.7711
vn -0.3024 -0.2945 0.9065
vn -0.3025 -0.0000 0.9532
vn -0.3024 0.2945 0.9065
vn -0.0000 0.3091 0.9510
vn 0.3024 0.2946 0.9065
vn 0.3024 0.5603 0.7711
vn 0.3025 0.7711 0.5603
vn 0.3024 0.9065 0.2945
vn 0.3024 0.9532 -0.0000
vn 0.3025 0.9065 -0.2945
vn 0.3025 0.7711 -0.5603
vn 0.3025 0.5603 -0.7711
vn 0.3025 0.2945 -0.9065
vn 0.3024 -0.0000 -0.9532
vn 0.3024 -0.2946 -0.9065
vn 0.3024 -0.5603 -0.7711
vn 0.3024 -0.7711 -0.5603
vn 0.3024 -0.9065 -0.2945
vn 0.3024 -0.9532 -0.0000
vn 0.3024 -0.9065 0.2945
vn 0.3025 -0.7711 0.5603
vn 0.3024 -0.5603 0.7711
vn 0.3024 -0.2945 0.9065
vn 0.3024 -0.0000 0.9532
vn 0.3024 0.2945 0.9065
vn 0.5770 0.2524 0.7768
vn 0.5770 0.4801 0.6608
vn 0.5770 0.6608 0.4801
vn 0.5770 0.7768 0.2524
vn 0.5770 0.8168 -0.0000
vn 0.5769 0.7768 -0.2524
vn 0.5770 0.6608 -0.4801
vn 0.5770 0.4801 -0.6608
vn 0.5770 0.2524 -0.7768
vn 0.5770 -0.0000 -0.8168
vn 0.5770 -0.2524 -0.7768
vn 0.5770 -0.4801 -0.6608
vn 0.5770 -0.6608 -0.4801
vn 0.5770 -0.7768 -0.2524
vn 0.5770 -0.8168 -0.0000
vn 0.5769 -0.7768 0.2524
vn 0.5770 -0.6608 0.4801
vn 0.5770 -0.4801 0.6608
vn 0.5769 -0.2524 0.7768
vn 0.5770 -0.0000 0.8168
vn 0.5769 0.2523 0.7768
vn 0.7979 0.1863 0.5733
vn 0.7979 0.3543 0.4876
vn 0.7979 0.4876 0.3543
vn 0.7979 0.5733 0.1863
vn 0.7979 0.6028 -0.0000
vn 0.7979 0.5733 -0.1863
vn 0.7979 0.4876 -0.3543
vn 0.7979 0.3543 -0.4876
vn 0.7979 0.1863 -0.5733
vn 0.7979 -0.0000 -0.6028
vn 0.7979 -0.1863 -0.5733
vn 0.7979 -0.3543 -0.4876
vn 0.7979 -0.4876 -0.3543
vn 0.7979 -0.5733 -0.1863
vn 0.7979 -0.6028 -0.0000
vn 0.7979 -0.5733 0.1863
vn 0.7979 -0.4876 0.3543
vn 0.7979 -0.3543 0.4876
vn 0.7979 -0.1863 0.5733
vn 0.7979 -0.0000 0.6028
vn 0.7979 0.1862 0.5733
vn 0.9439 0.1021 0.3141
vn 0.9439 0.1942 0.2672
vn 0.9439 0.2672 0.1942
vn 0.9439 0.3141 0.1021
vn 0.9439 0.3303 -0.0000
vn 0.9439 0.3141 -0.1021
vn 0.9439 0.2672 -0.1942
vn 0.9439 0.1941 -0.2672
vn 0.9439 0.1021 -0.3141
vn 0.9439 -0.0000 -0.3303
vn 0.9439 -0.1021 -0.3141
vn 0.9439 -0.1942 -0.2672
vn 0.9439 -0.2672 -0.1941
vn 0.9439 -0.3141 -0.1021
vn 0.9439 -0.3303 -0.0000
vn 0.9439 -0.3141 0.1021
vn 0.9439 -0.2672 0.1942
vn 0.9439 -0.1942 0.2672
vn 0.9439 -0.1021 0.3141
vn 0.9439 -0.0000 0.3303
vn 0.9439 0.1020 0.3141
vn 0.9997 0.0075 0.0232
vn 0.9997 0.0143 0.0197
vn 0.9997 0.0197 0.0143
vn 0.9997 0.0232 0.0075
vn 0.9997 0.0244 -0.0000
vn 0.9997 0.0232 -0.0075
vn 0.9997 0.0197 -0.0143
vn 0.9997 0.0143 -0.0197
vn 0.9997 0.0075 -0.0232
vn 0.9997 -0.0000 -0.0244
vn 0.9997 -0.0075 -0.0232
vn 0.9997 -0.0143 -0.0197
vn 0.9997 -0.0197 -0.0143
vn 0.9997 -0.0232 -0.0075
vn 0.9997 -0.0244 -0.0000
vn 0.9997 -0.0232 0.0075
vn 0.9997 -0.0197 0.0143
vn 0.9997 -0.0143 0.0197
vn 0.9997 -0.0075 0.0232
vn 0.9997 -0.0000 0.0244
vn 0.9582 -0.0884 -0.2720
vn 0.9582 -0.1681 -0.2314
vn 0.9583 -0.2313 -0.1681
vn 0.9582 -0.2720 -0.0884
vn 0.9583 -0.2859 -0.0000
vn 0.9583 -0.2719 0.0884
vn 0.9583 -0.2313 0.1681
vn 0.9583 -0.1681 0.2313
vn 0.9582 -0.0884 0.2720
vn 0.9583 -0.0000 0.2859
vn 0.9583 0.0884 0.2719
vn 0.9583 0.1681 0.2313
vn 0.9583 0.2313 0.1681
vn 0.9583 0.2719 0.0884
vn 0.9583 0.2859 -0.0000
vn 0.9583 0.2719 -0.0884
vn 0.9582 0.2314 -0.1681
vn 0.9582 0.1681 -0.2314
vn 0.9583 0.0884 -0.2719
vn 0.9583 -0.0000 -0.2859
vn 0.8215 -0.1763 -0.5423
vn 0.8215 -0.3352 -0.4613
vn 0.8215 -0.4614 -0.3352
vn 0.8215 -0.5423 -0.1762
vn 0.8215 -0.5702 -0.0000
vn 0.8215 -0.5423 0.1762
vn 0.8215 -0.4613 0.3352
vn 0.8215 -0.3352 0.4614
vn 0.8215 -0.1762 0.5424
vn 0.8215 -0.0000 0.5702
vn 0.8215 0.1762 0.5424
vn 0.8215 0.3352 0.4613
vn 0.8215 0.4613 0.3352
vn 0.8215 0.5423 0.1762
vn 0.8215 0.5702 -0.0000
vn 0.8215 0.5423 -0.1762
vn 0.8215 0.4613 -0.3352
vn 0.8215 0.3352 -0.4613
vn 0.8215 0.1762 -0.5423
vn 0.8215 -0.0000 -0.5703
vn 0.8215 -0.1762 -0.5423
vn 0.6009 -0.2470 -0.7602
vn 0.6009 -0.4698 -0.6467
vn 0.6009 -0.6467 -0.4698
vn 0.6009 -0.7602 -0.2470
vn 0.6009 -0.7993 -0.0000
vn 0.6009 -0.7602 0.2470
vn 0.6009 -0.6467 0.4698
vn 0.6009 -0.4698 0.6467
vn 0.6009 -0.2470 0.7602
vn 0.6009 -0.0000 0.7993
vn 0.6009 0.2470 0.7602
vn 0.6009 0.4698 0.6467
vn 0.6009 0.6467 0.4698
vn 0.6009 0.7602 0.2470
vn 0.6009 0.7993 -0.0000
vn 0.6009 0.7602 -0.2470
vn 0.6009 0.6467 -0.4698
vn 0.6009 0.4698 -0.6467
vn 0.6010 0.2470 -0.7602
vn 0.6009 -0.0000 -0.7993
vn 0.3175 -0.2931 -0.9019
vn 0.3174 -0.5574 -0.7672
vn 0.3175 -0.7672 -0.5574
vn 0.3174 -0.9019 -0.2930
vn 0.3174 -0.9483 -0.0000
vn 0.3175 -0.9019 0.2930
vn 0.3174 -0.7672 0.5574
vn 0.3174 -0.5574 0.7672
vn 0.3175 -0.2930 0.9019
vn 0.3175 -0.0000 0.9483
vn 0.3175 0.2930 0.9019
vn 0.3174 0.5574 0.7672
vn 0.3175 0.7672 0.5574
vn 0.3175 0.9019 0.2930
vn 0.3175 0.9483 -0.0000
vn 0.3174 0.9019 -0.2930
vn 0.3175 0.7672 -0.5574
vn 0.3175 0.5574 -0.7672
vn 0.3175 0.2930 -0.9019
vn 0.3174 -0.0000 -0.9483
vn 0.3175 -0.2930 -0.9019
vn 0.3816 -0.0754 0.9213
vn 0.7051 -0.0754 0.7051
vn 0.7071 -0.0000 0.7071
vn 0.3827 -0.0000 0.9239
vn 0.9212 -0.0754 0.3816
vn 0.9239 -0.0000 0.3827
vn 0.9972 -0.0754 -0.0000
vn 1.0000 -0.0000 -0.0000
vn 0.9212 -0.0754 -0.3816
vn 0.9239 -0.0000 -0.3827
vn 0.7051 -0.0754 -0.7051
vn 0.7071 -0.0000 -0.7071
vn 0.3816 -0.0754 -0.9212
vn 0.3827 -0.0000 -0.9239
vn -0.0000 -0.0754 -0.9972
vn -0.3816 -0.0754 -0.9212
vn -0.3827 -0.0000 -0.9239
vn -0.7051 -0.0754 -0.7051
vn -0.7071 -0.0000 -0.7071
vn -0.9212 -0.0754 -0.3816
vn -0.9239 -0.0000 -0.3827
vn -0.9972 -0.0754 -0.0000
vn -1.0000 -0.0000 -0.0000
vn -0.9212 -0.0754 0.3816
vn -0.9239 -0.0000 0.3827
vn -0.7051 -0.0754 0.7051
vn -0.7071 -0.0000 0.7071
vn -0.3816 -0.0754 0.9212
vn -0.3827 -0.0000 0.9239
vn -0.0000 -0.0754 0.9972
vn 0.3828 0.0011 0.9238
vn 0.7072 0.0015 0.7070
vn 0.7070 0.0015 0.7072
vn 0.3826 0.0011 0.9239
vn 0.9240 0.0020 0.3825
vn 0.9238 0.0020 0.3829
vn 1.0000 0.0027 -0.0002
vn 1.0000 0.0027 0.0002
vn 0.9238 0.0034 -0.3829
vn 0.9239 0.0034 -0.3825
vn 0.7070 0.0039 -0.7072
vn 0.7072 0.0039 -0.7070
vn 0.3826 0.0043 -0.9239
vn 0.3828 0.0043 -0.9238
vn -0.0000 0.0044 -1.0000
vn -0.3826 0.0043 -0.9239
vn -0.3828 0.0043 -0.9238
vn -0.7070 0.0039 -0.7072
vn -0.7072 0.0039 -0.7070
vn -0.9238 0.0034 -0.3829
vn -0.9240 0.0034 -0.3825
vn -1.0000 0.0027 -0.0002
vn -1.0000 0.0027 0.0002
vn -0.9240 0.0020 0.3825
vn -0.9238 0.0020 0.3829
vn -0.7072 0.0015 0.7070
vn -0.7070 0.0015 0.7072
vn -0.3828 0.0011 0.9238
vn -0.3826 0.0011 0.9239
vn -0.0000 0.0010 1.0000
vn 0.3226 -0.5380 0.7788
vn 0.5961 -0.5380 0.5961
vn 0.5963 0.5375 0.5962
vn 0.3227 0.5376 0.7790
vn 0.3226 0.5376 0.7790
vn 0.5963 0.5375 0.5963
vn 0.7788 -0.5380 0.3226
vn 0.7793 0.5372 0.3227
vn 0.7792 0.5372 0.3228
vn 0.8430 -0.5380 -0.0000
vn 0.8436 0.5370 -0.0001
vn 0.8436 0.5370 0.0001
vn 0.7788 -0.5380 -0.3226
vn 0.7795 0.5368 -0.3230
vn 0.7795 0.5368 -0.3228
vn 0.5961 -0.5380 -0.5961
vn 0.5967 0.5366 -0.5968
vn 0.5967 0.5366 -0.5967
vn 0.3226 -0.5380 -0.7788
vn 0.3229 0.5364 -0.7797
vn 0.3230 0.5364 -0.7797
vn -0.0000 -0.5380 -0.8430
vn -0.0000 0.5364 -0.8440
vn -0.3226 -0.5380 -0.7788
vn -0.3229 0.5364 -0.7797
vn -0.3230 0.5364 -0.7797
vn -0.5961 -0.5380 -0.5961
vn -0.5967 0.5366 -0.5968
vn -0.5967 0.5366 -0.5967
vn -0.7788 -0.5380 -0.3226
vn -0.7795 0.5368 -0.3230
vn -0.7795 0.5368 -0.3228
vn -0.8430 -0.5380 -0.0000
vn -0.8436 0.5370 -0.0001
vn -0.8436 0.5370 0.0001
vn -0.7788 -0.5380 0.3226
vn -0.7793 0.5372 0.3227
vn -0.7792 0.5373 0.3228
vn -0.5961 -0.5380 0.5961
vn -0.5963 0.5375 0.5962
vn -0.5963 0.5375 0.5963
vn -0.3226 -0.5380 0.7788
vn -0.3227 0.5376 0.7790
vn -0.0000 -0.5380 0.8430
vn -0.0000 0.5376 0.8432
vn 0.3217 -0.5415 0.7767
vn 0.5944 -0.5415 0.5944
vn 0.5944 0.5415 0.5944
vn 0.3217 0.5415 0.7767
vn 0.5944 0.5415 0.5945
vn 0.7767 -0.5415 0.3217
vn 0.7767 0.5415 0.3217
vn 0.8407 -0.5415 -0.0000
vn 0.8407 0.5415 -0.0000
vn 0.7767 -0.5415 -0.3217
vn 0.7767 0.5415 -0.3217
vn 0.5944 -0.5415 -0.5944
vn 0.5944 0.5415 -0.5944
vn 0.3217 -0.5415 -0.7767
vn 0.3217 0.5415 -0.7767
vn -0.0000 -0.5415 -0.8407
vn -0.0000 0.5415 -0.8407
vn -0.3217 -0.5415 -0.7767
vn -0.3217 0.5415 -0.7767
vn -0.5944 -0.5415 -0.5944
vn -0.5944 0.5415 -0.5944
vn -0.5944 0.5415 -0.5945
vn -0.7767 -0.5415 -0.3217
vn -0.7767 0.5415 -0.3217
vn -0.8407 -0.5415 -0.0000
vn -0.8407 0.5415 -0.0000
vn -0.7767 -0.5415 0.3217
vn -0.7767 0.5415 0.3217
vn -0.5944 -0.5415 0.5944
vn -0.5944 0.5415 0.5944
vn -0.5945 0.5415 0.5944
vn -0.3217 -0.5415 0.7767
vn -0.3217 0.5415 0.7767
vn -0.0000 -0.5415 0.8407
vn -0.0000 0.5415 0.8407
vn 0.5945 0.5415 -0.5944
vn 0.2962 -0.6332 0.7151
vn 0.5473 -0.6332 0.5473
vn 0.7151 -0.6332 0.2962
vn 0.7740 -0.6332 -0.0000
vn 0.7151 -0.6332 -0.2962
vn 0.5473 -0.6332 -0.5473
vn 0.2962 -0.6332 -0.7151
vn -0.0000 -0.6332 -0.7740
vn -0.2962 -0.6332 -0.7151
vn -0.5473 -0.6332 -0.5473
vn -0.7151 -0.6332 -0.2962
vn -0.7740 -0.6332 -0.0000
vn -0.7151 -0.6332 0.2962
vn -0.5473 -0.6332 0.5473
vn -0.2962 -0.6332 0.7151
vn -0.0000 -0.6332 0.7740
vn -0.4788 0.2024 -0.8543
vn -0.4782 0.2051 -0.8540
vn -0.2125 -0.6908 -0.6911
vn 0.0003 -0.7070 -0.7072
vn -0.0003 -0.7073 -0.7069
vn -0.2112 -0.6911 -0.6912
vn -0.9115 -0.1665 -0.3761
vn -0.9190 -0.1535 -0.3632
vn -0.9320 0.0930 -0.3504
vn -0.8642 -0.2889 -0.4119
vn -0.9013 -0.2482 -0.3550
vn -0.9950 0.1003 -0.0000
vn -0.9949 0.1010 -0.0000
vn -0.9650 -0.2624 -0.0000
vn -0.8974 -0.2453 -0.3667
vn -0.9651 -0.2619 -0.0000
vn -0.8675 -0.2799 -0.4112
vn -0.4435 -0.4986 -0.7448
vn -0.4736 -0.3939 -0.7878
vn -0.9871 -0.1602 -0.0000
vn -0.8427 0.4570 -0.2847
vn -0.8429 0.4566 -0.2848
vn -0.8426 0.4571 -0.2846
vn 0.4788 0.2024 -0.8543
vn 0.4782 0.2051 -0.8540
vn 0.2123 -0.6914 -0.6906
vn 0.2110 -0.6917 -0.6907
vn -0.0002 -0.7073 -0.7069
vn 0.9119 -0.1639 -0.3762
vn 0.9180 -0.1542 -0.3653
vn 0.8613 -0.2958 -0.4132
vn 0.8995 -0.2529 -0.3562
vn 0.9949 0.1010 -0.0000
vn 0.9950 0.1003 -0.0000
vn 0.9637 -0.2669 -0.0000
vn 0.9638 -0.2665 -0.0000
vn 0.8961 -0.2502 -0.3667
vn 0.8679 -0.2816 -0.4093
vn 0.4435 -0.4986 -0.7448
vn 0.4736 -0.3939 -0.7878
vn 0.9871 -0.1602 -0.0000
vn 0.8428 0.4568 -0.2847
vn 0.8426 0.4571 -0.2846
vn 0.8429 0.4566 -0.2848
vn -0.4788 0.2024 0.8543
vn -0.4782 0.2051 0.8540
vn -0.4782 0.2051 0.8539
vn -0.2125 -0.6906 0.6913
vn -0.2112 -0.6909 0.6914
vn -0.0003 -0.7071 0.7071
vn 0.0003 -0.7068 0.7074
vn -0.9119 -0.1638 0.3762
vn -0.9180 -0.1542 0.3654
vn -0.8623 -0.2918 0.4138
vn -0.9005 -0.2486 0.3567
vn -0.8971 -0.2457 0.3671
vn -0.8691 -0.2771 0.4097
vn -0.4435 -0.4986 0.7448
vn -0.4736 -0.3939 0.7878
vn -0.8426 0.4571 0.2847
vn -0.8429 0.4566 0.2848
vn 0.4788 0.2024 0.8543
vn 0.4782 0.2051 0.8539
vn 0.4782 0.2051 0.8540
vn 0.2124 -0.6911 0.6908
vn -0.0002 -0.7071 0.7071
vn 0.2110 -0.6914 0.6909
vn 0.9116 -0.1660 0.3761
vn 0.9187 -0.1537 0.3638
vn 0.8629 -0.2931 0.4117
vn 0.9002 -0.2523 0.3549
vn 0.8963 -0.2495 0.3665
vn 0.8668 -0.2833 0.4105
vn 0.4435 -0.4986 0.7448
vn 0.4736 -0.3939 0.7878
vn 0.8429 0.4566 0.2848
vn 0.8426 0.4571 0.2847
vn 0.8429 -0.3257 -0.4282
vn 0.8476 -0.3234 -0.4208
vn 0.9179 -0.1184 -0.3787
vn 0.9180 -0.1178 0.3787
vn 0.8525 -0.3169 0.4157
vn 0.8485 -0.3185 0.4226
vn -0.9180 -0.1176 -0.3788
vn -0.8547 -0.3121 -0.4149
vn -0.8510 -0.3131 -0.4217
vn -0.8440 -0.3218 0.4291
vn -0.8485 -0.3200 0.4215
vn -0.9179 -0.1184 0.3787
vt 0.900386 0.954006
vt 0.909656 0.954006
vt 0.870148 0.975952
vt 0.886513 0.954006
vt 0.870148 0.954006
vt 0.853811 0.954006
vt 0.839961 0.954006
vt 0.830706 0.954006
vt 0.827456 0.954006
vt 0.839961 0.954006
vt 0.912911 0.954006
vt 0.012840 0.615679
vt 0.115344 0.615467
vt 0.190738 0.016203
vt 0.102374 0.617061
vt 0.190769 0.013901
vt 0.190769 0.616875
vt 0.290217 0.615496
vt 0.200873 0.016203
vt 0.200873 0.615312
vt 0.377641 0.617245
vt 0.277957 0.617037
vt 0.200842 0.013901
vt 0.378771 0.615679
vt 0.013970 0.617245
vt 0.200842 0.616875
vt 0.297235 0.742989
vt 0.272991 0.742989
vt 0.272991 0.755051
vt 0.297235 0.755051
vt 0.321480 0.742989
vt 0.321480 0.755051
vt 0.345724 0.742989
vt 0.345724 0.755051
vt 0.369969 0.742989
vt 0.369969 0.755051
vt 0.394214 0.742989
vt 0.394214 0.755051
vt 0.418458 0.742989
vt 0.418458 0.755051
vt 0.442703 0.742989
vt 0.442703 0.755051
vt 0.466948 0.742989
vt 0.466948 0.755051
vt 0.491192 0.742989
vt 0.491192 0.755051
vt 0.515437 0.742989
vt 0.515437 0.755051
vt 0.539682 0.742989
vt 0.539682 0.755051
vt 0.563926 0.742989
vt 0.563926 0.755051
vt 0.588171 0.742989
vt 0.588171 0.755051
vt 0.612416 0.742989
vt 0.612416 0.755051
vt 0.636660 0.742989
vt 0.636660 0.755051
vt 0.660905 0.742989
vt 0.660905 0.755051
vt 0.685150 0.742989
vt 0.685150 0.755051
vt 0.709394 0.742989
vt 0.709394 0.755051
vt 0.733639 0.742989
vt 0.733639 0.755051
vt 0.757884 0.742989
vt 0.757884 0.755051
vt 0.272991 0.767112
vt 0.297235 0.767112
vt 0.321480 0.767112
vt 0.345724 0.767112
vt 0.369969 0.767112
vt 0.394214 0.767112
vt 0.418458 0.767112
vt 0.442703 0.767112
vt 0.466948 0.767112
vt 0.491192 0.767112
vt 0.515437 0.767112
vt 0.539682 0.767112
vt 0.563926 0.767112
vt 0.588171 0.767112
vt 0.612416 0.767112
vt 0.636660 0.767112
vt 0.660905 0.767112
vt 0.685150 0.767112
vt 0.709394 0.767112
vt 0.733639 0.767112
vt 0.757884 0.767112
vt 0.272991 0.779174
vt 0.297235 0.779174
vt 0.321480 0.779174
vt 0.345724 0.779174
vt 0.369969 0.779174
vt 0.394214 0.779174
vt 0.418458 0.779174
vt 0.442703 0.779174
vt 0.466948 0.779174
vt 0.491192 0.779174
vt 0.515437 0.779174
vt 0.539682 0.779174
vt 0.563926 0.779174
vt 0.588171 0.779174
vt 0.612416 0.779174
vt 0.636660 0.779174
vt 0.660905 0.779174
vt 0.685150 0.779174
vt 0.709394 0.779174
vt 0.733639 0.779174
vt 0.757884 0.779174
vt 0.272991 0.791236
vt 0.297235 0.791236
vt 0.321480 0.791236
vt 0.345724 0.791236
vt 0.369969 0.791236
vt 0.394214 0.791236
vt 0.418458 0.791236
vt 0.442703 0.791236
vt 0.466948 0.791236
vt 0.491192 0.791236
vt 0.515437 0.791236
vt 0.539682 0.791236
vt 0.563926 0.791236
vt 0.588171 0.791236
vt 0.612416 0.791236
vt 0.636660 0.791236
vt 0.660905 0.791236
vt 0.685150 0.791236
vt 0.709394 0.791236
vt 0.733639 0.791236
vt 0.757884 0.791236
vt 0.272991 0.803298
vt 0.297235 0.803298
vt 0.321480 0.803298
vt 0.345724 0.803298
vt 0.369969 0.803298
vt 0.394214 0.803298
vt 0.418458 0.803298
vt 0.442703 0.803298
vt 0.466948 0.803298
vt 0.491192 0.803298
vt 0.515437 0.803298
vt 0.539682 0.803298
vt 0.563926 0.803298
vt 0.588171 0.803298
vt 0.612416 0.803298
vt 0.636660 0.803298
vt 0.660905 0.803298
vt 0.685150 0.803298
vt 0.709394 0.803298
vt 0.733639 0.803298
vt 0.757884 0.803298
vt 0.272991 0.815360
vt 0.297235 0.815360
vt 0.321480 0.815360
vt 0.345724 0.815360
vt 0.369969 0.815360
vt 0.394214 0.815360
vt 0.418458 0.815360
vt 0.442703 0.815360
vt 0.466948 0.815360
vt 0.491192 0.815360
vt 0.515437 0.815360
vt 0.539682 0.815360
vt 0.563926 0.815360
vt 0.588171 0.815360
vt 0.612416 0.815360
vt 0.636660 0.815360
vt 0.660905 0.815360
vt 0.685150 0.815360
vt 0.709394 0.815360
vt 0.733639 0.815360
vt 0.757884 0.815360
vt 0.272991 0.827422
vt 0.297235 0.827422
vt 0.321480 0.827422
vt 0.345724 0.827422
vt 0.369969 0.827422
vt 0.394214 0.827422
vt 0.418458 0.827422
vt 0.442703 0.827422
vt 0.466948 0.827422
vt 0.491192 0.827422
vt 0.515437 0.827422
vt 0.539682 0.827422
vt 0.563926 0.827422
vt 0.588171 0.827422
vt 0.612416 0.827422
vt 0.636660 0.827422
vt 0.660905 0.827422
vt 0.685150 0.827422
vt 0.709394 0.827422
vt 0.733639 0.827422
vt 0.757884 0.827422
vt 0.272991 0.839484
vt 0.297235 0.839484
vt 0.321480 0.839484
vt 0.345724 0.839484
vt 0.369969 0.839484
vt 0.394214 0.839484
vt 0.418458 0.839484
vt 0.442703 0.839484
vt 0.466948 0.839484
vt 0.491192 0.839484
vt 0.515437 0.839484
vt 0.539682 0.839484
vt 0.563926 0.839484
vt 0.588171 0.839484
vt 0.612416 0.839484
vt 0.636660 0.839484
vt 0.660905 0.839484
vt 0.685150 0.839484
vt 0.709394 0.839484
vt 0.733639 0.839484
vt 0.757884 0.839484
vt 0.272991 0.851546
vt 0.297235 0.851546
vt 0.321480 0.851546
vt 0.345724 0.851546
vt 0.369969 0.851546
vt 0.394214 0.851546
vt 0.418458 0.851546
vt 0.442703 0.851546
vt 0.466948 0.851546
vt 0.491192 0.851546
vt 0.515437 0.851546
vt 0.539682 0.851546
vt 0.563926 0.851546
vt 0.588171 0.851546
vt 0.612416 0.851546
vt 0.636660 0.851546
vt 0.660905 0.851546
vt 0.685150 0.851546
vt 0.709394 0.851546
vt 0.733639 0.851546
vt 0.757884 0.851546
vt 0.272991 0.863608
vt 0.297235 0.863608
vt 0.321480 0.863608
vt 0.345724 0.863608
vt 0.369969 0.863608
vt 0.394214 0.863608
vt 0.418458 0.863608
vt 0.442703 0.863608
vt 0.466948 0.863608
vt 0.491192 0.863608
vt 0.515437 0.863608
vt 0.539682 0.863608
vt 0.563926 0.863608
vt 0.588171 0.863608
vt 0.612416 0.863608
vt 0.636660 0.863608
vt 0.660905 0.863608
vt 0.685150 0.863608
vt 0.709394 0.863608
vt 0.733639 0.863608
vt 0.757884 0.863608
vt 0.272991 0.875670
vt 0.297235 0.875670
vt 0.321480 0.875670
vt 0.345724 0.875670
vt 0.369969 0.875670
vt 0.394214 0.875670
vt 0.418458 0.875670
vt 0.442703 0.875670
vt 0.466948 0.875670
vt 0.491192 0.875670
vt 0.515437 0.875670
vt 0.539682 0.875670
vt 0.563926 0.875670
vt 0.588171 0.875670
vt 0.612416 0.875670
vt 0.636660 0.875670
vt 0.660905 0.875670
vt 0.685150 0.875670
vt 0.709394 0.875670
vt 0.733639 0.875670
vt 0.757884 0.875670
vt 0.272991 0.887731
vt 0.297235 0.887731
vt 0.321480 0.887731
vt 0.345724 0.887731
vt 0.369969 0.887731
vt 0.394214 0.887731
vt 0.418458 0.887731
vt 0.442703 0.887731
vt 0.466948 0.887731
vt 0.491192 0.887731
vt 0.515437 0.887731
vt 0.539682 0.887731
vt 0.563926 0.887731
vt 0.588171 0.887731
vt 0.612416 0.887731
vt 0.636660 0.887731
vt 0.660905 0.887731
vt 0.685150 0.887731
vt 0.709394 0.887731
vt 0.733639 0.887731
vt 0.757884 0.887731
vt 0.272991 0.899793
vt 0.297235 0.899793
vt 0.321480 0.899793
vt 0.345724 0.899793
vt 0.369969 0.899793
vt 0.394214 0.899793
vt 0.418458 0.899793
vt 0.442703 0.899793
vt 0.466948 0.899793
vt 0.491192 0.899793
vt 0.515437 0.899793
vt 0.539682 0.899793
vt 0.563926 0.899793
vt 0.588171 0.899793
vt 0.612416 0.899793
vt 0.636660 0.899793
vt 0.660905 0.899793
vt 0.685150 0.899793
vt 0.709394 0.899793
vt 0.733639 0.899793
vt 0.757884 0.899793
vt 0.272991 0.911855
vt 0.297235 0.911855
vt 0.321480 0.911855
vt 0.345724 0.911855
vt 0.369969 0.911855
vt 0.394214 0.911855
vt 0.418458 0.911855
vt 0.442703 0.911855
vt 0.466948 0.911855
vt 0.491192 0.911855
vt 0.515437 0.911855
vt 0.539682 0.911855
vt 0.563926 0.911855
vt 0.588171 0.911855
vt 0.612416 0.911855
vt 0.636660 0.911855
vt 0.660905 0.911855
vt 0.685150 0.911855
vt 0.709394 0.911855
vt 0.733639 0.911855
vt 0.757884 0.911855
vt 0.272991 0.923917
vt 0.297235 0.923917
vt 0.321480 0.923917
vt 0.345724 0.923917
vt 0.369969 0.923917
vt 0.394214 0.923917
vt 0.418458 0.923917
vt 0.442703 0.923917
vt 0.466948 0.923917
vt 0.491192 0.923917
vt 0.515437 0.923917
vt 0.539682 0.923917
vt 0.563926 0.923917
vt 0.588171 0.923917
vt 0.612416 0.923917
vt 0.636660 0.923917
vt 0.660905 0.923917
vt 0.685150 0.923917
vt 0.709394 0.923917
vt 0.733639 0.923917
vt 0.757884 0.923917
vt 0.272991 0.935979
vt 0.297235 0.935979
vt 0.321480 0.935979
vt 0.345724 0.935979
vt 0.369969 0.935979
vt 0.394214 0.935979
vt 0.418458 0.935979
vt 0.442703 0.935979
vt 0.466948 0.935979
vt 0.491192 0.935979
vt 0.515437 0.935979
vt 0.539682 0.935979
vt 0.563926 0.935979
vt 0.588171 0.935979
vt 0.612416 0.935979
vt 0.636660 0.935979
vt 0.660905 0.935979
vt 0.685150 0.935979
vt 0.709394 0.935979
vt 0.733639 0.935979
vt 0.757884 0.935979
vt 0.272991 0.948041
vt 0.297235 0.948041
vt 0.321480 0.948041
vt 0.345724 0.948041
vt 0.369969 0.948041
vt 0.394214 0.948041
vt 0.418458 0.948041
vt 0.442703 0.948041
vt 0.466948 0.948041
vt 0.491192 0.948041
vt 0.515437 0.948041
vt 0.539682 0.948041
vt 0.563926 0.948041
vt 0.588171 0.948041
vt 0.612416 0.948041
vt 0.636660 0.948041
vt 0.660905 0.948041
vt 0.685150 0.948041
vt 0.709394 0.948041
vt 0.733639 0.948041
vt 0.757884 0.948041
vt 0.272991 0.960103
vt 0.297235 0.960103
vt 0.321480 0.960103
vt 0.345724 0.960103
vt 0.369969 0.960103
vt 0.394214 0.960103
vt 0.418458 0.960103
vt 0.442703 0.960103
vt 0.466948 0.960103
vt 0.491192 0.960103
vt 0.515437 0.960103
vt 0.539682 0.960103
vt 0.563926 0.960103
vt 0.588171 0.960103
vt 0.612416 0.960103
vt 0.636660 0.960103
vt 0.660905 0.960103
vt 0.685150 0.960103
vt 0.709394 0.960103
vt 0.733639 0.960103
vt 0.757884 0.960103
vt 0.272991 0.972165
vt 0.297235 0.972165
vt 0.321480 0.972165
vt 0.345724 0.972165
vt 0.369969 0.972165
vt 0.394214 0.972165
vt 0.418458 0.972165
vt 0.442703 0.972165
vt 0.466948 0.972165
vt 0.491192 0.972165
vt 0.515437 0.972165
vt 0.539682 0.972165
vt 0.563926 0.972165
vt 0.588171 0.972165
vt 0.612416 0.972165
vt 0.636660 0.972165
vt 0.660905 0.972165
vt 0.685150 0.972165
vt 0.709394 0.972165
vt 0.733639 0.972165
vt 0.757884 0.972165
vt 0.272991 0.984227
vt 0.297235 0.984227
vt 0.321480 0.984227
vt 0.345724 0.984227
vt 0.369969 0.984227
vt 0.394214 0.984227
vt 0.418458 0.984227
vt 0.442703 0.984227
vt 0.466948 0.984227
vt 0.491192 0.984227
vt 0.515437 0.984227
vt 0.539682 0.984227
vt 0.563926 0.984227
vt 0.588171 0.984227
vt 0.612416 0.984227
vt 0.636660 0.984227
vt 0.660905 0.984227
vt 0.685150 0.984227
vt 0.709394 0.984227
vt 0.733639 0.984227
vt 0.757884 0.984227
vt 0.924471 0.927327
vt 0.911725 0.927328
vt 0.911725 0.849129
vt 0.924471 0.849129
vt 0.892650 0.927328
vt 0.892650 0.849129
vt 0.870148 0.927328
vt 0.870148 0.849130
vt 0.847684 0.927328
vt 0.847684 0.849130
vt 0.828640 0.927328
vt 0.828640 0.849130
vt 0.815915 0.927328
vt 0.815915 0.849130
vt 0.811447 0.927328
vt 0.811447 0.849130
vt 0.870148 0.849130
vt 0.928947 0.927327
vt 0.928947 0.849129
vt 0.924471 0.825771
vt 0.911725 0.825771
vt 0.911725 0.747572
vt 0.924471 0.747572
vt 0.892650 0.825771
vt 0.892650 0.747573
vt 0.870148 0.825771
vt 0.870148 0.747573
vt 0.847684 0.825771
vt 0.847684 0.747573
vt 0.828640 0.825771
vt 0.828640 0.747573
vt 0.815915 0.825771
vt 0.815915 0.747573
vt 0.811447 0.825771
vt 0.811447 0.747573
vt 0.870148 0.825771
vt 0.870148 0.747573
vt 0.928947 0.825771
vt 0.928947 0.747572
vt 0.924471 0.724214
vt 0.911725 0.724214
vt 0.911725 0.646016
vt 0.924471 0.646015
vt 0.892650 0.724214
vt 0.892650 0.646016
vt 0.870148 0.724215
vt 0.870148 0.646016
vt 0.847684 0.724215
vt 0.847684 0.646016
vt 0.828640 0.724215
vt 0.828640 0.646016
vt 0.815915 0.724215
vt 0.815915 0.646016
vt 0.811447 0.724215
vt 0.811447 0.646016
vt 0.870148 0.724215
vt 0.870148 0.646016
vt 0.928947 0.724214
vt 0.928947 0.646015
vt 0.924471 0.622658
vt 0.911725 0.622658
vt 0.911725 0.544459
vt 0.924471 0.544459
vt 0.892650 0.622658
vt 0.892650 0.544459
vt 0.870148 0.622658
vt 0.870148 0.544460
vt 0.847684 0.622658
vt 0.847684 0.544460
vt 0.828640 0.622658
vt 0.828640 0.544460
vt 0.815915 0.622658
vt 0.815915 0.544460
vt 0.811447 0.622658
vt 0.811447 0.544460
vt 0.870148 0.622658
vt 0.870148 0.544460
vt 0.928947 0.622657
vt 0.928947 0.544459
vt 0.924471 0.521101
vt 0.911725 0.521101
vt 0.911725 0.442902
vt 0.924471 0.442902
vt 0.892650 0.521101
vt 0.892650 0.442903
vt 0.870148 0.521102
vt 0.870148 0.442903
vt 0.847684 0.521102
vt 0.847684 0.442903
vt 0.828640 0.521102
vt 0.828640 0.442903
vt 0.815915 0.521102
vt 0.815915 0.442903
vt 0.811447 0.521102
vt 0.811447 0.442903
vt 0.870148 0.521102
vt 0.870148 0.442903
vt 0.928947 0.521101
vt 0.928947 0.442902
vt 0.924471 0.419544
vt 0.911725 0.419544
vt 0.911725 0.341346
vt 0.924471 0.341345
vt 0.892650 0.419545
vt 0.892650 0.341346
vt 0.870148 0.419545
vt 0.870148 0.341346
vt 0.847684 0.419545
vt 0.847684 0.341346
vt 0.828640 0.419545
vt 0.828640 0.341346
vt 0.815915 0.419545
vt 0.815915 0.341346
vt 0.811447 0.419545
vt 0.811447 0.341346
vt 0.870148 0.419545
vt 0.870148 0.341346
vt 0.928947 0.419544
vt 0.928947 0.341345
vt 0.924471 0.317988
vt 0.911725 0.317988
vt 0.911725 0.239789
vt 0.924471 0.239789
vt 0.892650 0.317988
vt 0.892650 0.239789
vt 0.870148 0.317988
vt 0.870148 0.239790
vt 0.847684 0.317988
vt 0.847684 0.239790
vt 0.828640 0.317988
vt 0.828640 0.239790
vt 0.815915 0.317988
vt 0.815915 0.239790
vt 0.811447 0.317988
vt 0.811447 0.239790
vt 0.870148 0.317988
vt 0.870148 0.239790
vt 0.928947 0.317987
vt 0.928947 0.239789
vt 0.924471 0.216431
vt 0.911725 0.216431
vt 0.911725 0.138232
vt 0.924471 0.138232
vt 0.892650 0.216431
vt 0.892650 0.138233
vt 0.870148 0.216431
vt 0.870148 0.138233
vt 0.847684 0.216431
vt 0.847684 0.138233
vt 0.828640 0.216431
vt 0.828640 0.138233
vt 0.815915 0.216431
vt 0.815915 0.138233
vt 0.811447 0.216431
vt 0.811447 0.138233
vt 0.870148 0.216431
vt 0.870148 0.138233
vt 0.928947 0.216431
vt 0.928947 0.138232
vt 0.924471 0.114765
vt 0.911725 0.114765
vt 0.911716 0.035836
vt 0.924430 0.035836
vt 0.892650 0.114765
vt 0.892690 0.035836
vt 0.870148 0.114766
vt 0.870246 0.035836
vt 0.847684 0.114766
vt 0.847840 0.035836
vt 0.828640 0.114766
vt 0.828844 0.035836
vt 0.815915 0.114766
vt 0.816152 0.035836
vt 0.811447 0.114766
vt 0.811695 0.035836
vt 0.847839 0.035836
vt 0.870148 0.114766
vt 0.928947 0.114765
vt 0.928894 0.035836
vt 0.919533 0.126553
vt 0.907946 0.126553
vt 0.907937 0.024048
vt 0.919495 0.024047
vt 0.890604 0.126554
vt 0.890640 0.024048
vt 0.870148 0.126554
vt 0.870237 0.024048
vt 0.849726 0.126554
vt 0.849868 0.024048
vt 0.832414 0.126554
vt 0.832599 0.024048
vt 0.820846 0.126554
vt 0.821061 0.024048
vt 0.816783 0.126554
vt 0.817009 0.024048
vt 0.820846 0.126554
vt 0.832414 0.126554
vt 0.849726 0.126554
vt 0.870148 0.126554
vt 0.890640 0.024048
vt 0.923602 0.126553
vt 0.923553 0.024047
vt 0.919533 0.228110
vt 0.907946 0.228110
vt 0.890604 0.228110
vt 0.870148 0.228110
vt 0.849726 0.228110
vt 0.832414 0.228110
vt 0.820846 0.228110
vt 0.816783 0.228110
vt 0.820846 0.228110
vt 0.832414 0.228110
vt 0.849726 0.228110
vt 0.870148 0.228110
vt 0.923602 0.228110
vt 0.919533 0.329666
vt 0.907946 0.329667
vt 0.890604 0.329667
vt 0.870148 0.329667
vt 0.849726 0.329667
vt 0.832414 0.329667
vt 0.820846 0.329667
vt 0.816783 0.329667
vt 0.820846 0.329667
vt 0.832414 0.329667
vt 0.849726 0.329667
vt 0.870148 0.329667
vt 0.923602 0.329666
vt 0.919533 0.431223
vt 0.907946 0.431223
vt 0.890604 0.431224
vt 0.870148 0.431224
vt 0.849726 0.431224
vt 0.832414 0.431224
vt 0.820846 0.431224
vt 0.816783 0.431224
vt 0.820846 0.431224
vt 0.832414 0.431224
vt 0.849726 0.431224
vt 0.870148 0.431224
vt 0.890604 0.431224
vt 0.923602 0.431223
vt 0.919533 0.532780
vt 0.907946 0.532780
vt 0.890604 0.532780
vt 0.870148 0.532781
vt 0.849726 0.532781
vt 0.832414 0.532781
vt 0.820846 0.532781
vt 0.816783 0.532781
vt 0.820846 0.532781
vt 0.832414 0.532781
vt 0.849726 0.532781
vt 0.870148 0.532781
vt 0.890604 0.532780
vt 0.923602 0.532780
vt 0.919533 0.634337
vt 0.907946 0.634337
vt 0.890604 0.634337
vt 0.870148 0.634337
vt 0.849726 0.634337
vt 0.832414 0.634337
vt 0.820846 0.634337
vt 0.816783 0.634337
vt 0.820846 0.634337
vt 0.832414 0.634337
vt 0.849726 0.634337
vt 0.870148 0.634337
vt 0.890604 0.634337
vt 0.923602 0.634336
vt 0.919533 0.735893
vt 0.907946 0.735893
vt 0.890604 0.735894
vt 0.870148 0.735894
vt 0.849726 0.735894
vt 0.832414 0.735894
vt 0.820846 0.735894
vt 0.816783 0.735894
vt 0.820846 0.735894
vt 0.832414 0.735894
vt 0.849726 0.735894
vt 0.870148 0.735894
vt 0.890604 0.735894
vt 0.923602 0.735893
vt 0.919533 0.837450
vt 0.907946 0.837450
vt 0.890604 0.837450
vt 0.870148 0.837451
vt 0.849726 0.837451
vt 0.832414 0.837451
vt 0.820846 0.837451
vt 0.816783 0.837451
vt 0.820846 0.837451
vt 0.832414 0.837451
vt 0.849726 0.837451
vt 0.870148 0.837451
vt 0.890604 0.837450
vt 0.907946 0.837450
vt 0.923602 0.837450
vt 0.919533 0.939006
vt 0.907946 0.939007
vt 0.890604 0.939007
vt 0.870148 0.939007
vt 0.849726 0.939007
vt 0.832414 0.939007
vt 0.820846 0.939007
vt 0.816783 0.939007
vt 0.820846 0.939007
vt 0.832414 0.939007
vt 0.849726 0.939007
vt 0.907946 0.939007
vt 0.923602 0.939006
vt 0.010328 0.615685
vt 0.190738 0.013286
vt 0.017751 0.622019
vt 0.014726 0.621972
vt 0.157465 0.735276
vt 0.160387 0.735276
vt 0.116450 0.615465
vt 0.116882 0.618870
vt 0.190807 0.618711
vt 0.190738 0.615312
vt 0.118577 0.621907
vt 0.190870 0.621826
vt 0.195805 0.615307
vt 0.195805 0.013665
vt 0.195805 0.621876
vt 0.181165 0.735276
vt 0.195856 0.735276
vt 0.168709 0.735276
vt 0.013779 0.619091
vt 0.011106 0.618699
vt 0.195805 0.618698
vt 0.195805 0.010752
vt 0.011474 0.617251
vt 0.190769 0.010965
vt 0.018851 0.623626
vt 0.160607 0.737614
vt 0.157702 0.737614
vt 0.015845 0.623579
vt 0.102875 0.620488
vt 0.190837 0.620296
vt 0.104880 0.623529
vt 0.190901 0.623432
vt 0.195805 0.011346
vt 0.195805 0.616871
vt 0.195805 0.623482
vt 0.195855 0.737614
vt 0.181255 0.737614
vt 0.168877 0.737614
vt 0.014904 0.620680
vt 0.012247 0.620284
vt 0.195805 0.620283
vt 0.195805 0.008414
vt 0.381283 0.615685
vt 0.200873 0.013286
vt 0.373860 0.622019
vt 0.231323 0.735276
vt 0.234246 0.735276
vt 0.376885 0.621972
vt 0.289710 0.618902
vt 0.200805 0.618711
vt 0.287684 0.621923
vt 0.200741 0.621826
vt 0.210547 0.735276
vt 0.223001 0.735276
vt 0.377832 0.619091
vt 0.380505 0.618699
vt 0.380137 0.617251
vt 0.200842 0.010965
vt 0.372760 0.623626
vt 0.375766 0.623579
vt 0.234008 0.737614
vt 0.231104 0.737614
vt 0.277512 0.620463
vt 0.200774 0.620296
vt 0.275755 0.623517
vt 0.200710 0.623432
vt 0.210455 0.737614
vt 0.222833 0.737614
vt 0.376708 0.620680
vt 0.379364 0.620284
s 1
usemtl lambert1
f 1/1/1 2/2/2 3/3/3
f 4/4/4 1/1/1 3/3/3
f 5/5/5 4/4/4 3/3/3
f 6/6/6 5/5/5 3/3/3
f 7/7/7 6/6/6 3/3/3
f 8/8/8 7/7/7 3/3/3
f 9/9/9 8/8/8 3/3/3
f 10/8/10 9/9/9 3/3/3
f 11/10/11 10/8/10 3/3/3
f 12/6/12 11/10/11 3/3/3
f 13/5/13 12/6/12 3/3/3
f 14/4/14 13/5/13 3/3/3
f 15/1/15 14/4/14 3/3/3
f 16/2/16 15/1/15 3/3/3
f 17/11/17 16/2/16 3/3/3
f 2/2/2 17/11/17 3/3/3
f 18/12/18 19/13/19 20/14/20
f 21/15/21 22/16/22 23/17/23
f 24/18/24 25/19/25 26/20/26
f 27/21/27 28/22/28 29/23/29
f 30/24/30 25/19/25 24/18/24
f 31/25/21 22/16/22 21/15/21
f 29/23/29 28/22/28 32/26/31
f 33/27/32 34/28/33 35/29/34
f 33/27/32 35/29/34 36/30/35
f 37/31/36 33/27/32 36/30/35
f 37/31/36 36/30/35 38/32/37
f 39/33/38 37/31/36 38/32/37
f 39/33/38 38/32/37 40/34/39
f 41/35/3 39/33/38 40/34/39
f 41/35/3 40/34/39 42/36/40
f 43/37/41 41/35/3 42/36/40
f 43/37/41 42/36/40 44/38/42
f 45/39/43 43/37/41 44/38/42
f 45/39/43 44/38/42 46/40/44
f 47/41/45 45/39/43 46/40/44
f 47/41/45 46/40/44 48/42/46
f 49/43/47 47/41/45 48/42/46
f 49/43/47 48/42/46 50/44/48
f 51/45/49 49/43/47 50/44/48
f 51/45/49 50/44/48 52/46/50
f 53/47/51 51/45/49 52/46/50
f 53/47/51 52/46/50 54/48/52
f 55/49/53 53/47/51 54/48/52
f 55/49/53 54/48/52 56/50/54
f 57/51/55 55/49/53 56/50/54
f 57/51/55 56/50/54 58/52/56
f 59/53/57 57/51/55 58/52/56
f 59/53/57 58/52/56 60/54/58
f 61/55/59 59/53/57 60/54/58
f 61/55/59 60/54/58 62/56/60
f 63/57/61 61/55/59 62/56/60
f 63/57/61 62/56/60 64/58/62
f 65/59/63 63/57/61 64/58/62
f 65/59/63 64/58/62 66/60/64
f 67/61/65 65/59/63 66/60/64
f 67/61/65 66/60/64 68/62/66
f 69/63/67 67/61/65 68/62/66
f 69/63/67 68/62/66 70/64/68
f 71/65/69 69/63/67 70/64/68
f 71/65/69 70/64/68 72/66/70
f 73/67/33 71/65/69 72/66/70
f 73/67/33 72/66/70 74/68/34
f 36/30/35 35/29/34 75/69/71
f 36/30/35 75/69/71 76/70/72
f 38/32/37 36/30/35 76/70/72
f 38/32/37 76/70/72 77/71/73
f 40/34/39 38/32/37 77/71/73
f 40/34/39 77/71/73 78/72/74
f 42/36/40 40/34/39 78/72/74
f 42/36/40 78/72/74 79/73/75
f 44/38/42 42/36/40 79/73/75
f 44/38/42 79/73/75 80/74/76
f 46/40/44 44/38/42 80/74/76
f 46/40/44 80/74/76 81/75/77
f 48/42/46 46/40/44 81/75/77
f 48/42/46 81/75/77 82/76/78
f 50/44/48 48/42/46 82/76/78
f 50/44/48 82/76/78 83/77/79
f 52/46/50 50/44/48 83/77/79
f 52/46/50 83/77/79 84/78/80
f 54/48/52 52/46/50 84/78/80
f 54/48/52 84/78/80 85/79/81
f 56/50/54 54/48/52 85/79/81
f 56/50/54 85/79/81 86/80/82
f 58/52/56 56/50/54 86/80/82
f 58/52/56 86/80/82 87/81/83
f 60/54/58 58/52/56 87/81/83
f 60/54/58 87/81/83 88/82/84
f 62/56/60 60/54/58 88/82/84
f 62/56/60 88/82/84 89/83/85
f 64/58/62 62/56/60 89/83/85
f 64/58/62 89/83/85 90/84/86
f 66/60/64 64/58/62 90/84/86
f 66/60/64 90/84/86 91/85/87
f 68/62/66 66/60/64 91/85/87
f 68/62/66 91/85/87 92/86/88
f 70/64/68 68/62/66 92/86/88
f 70/64/68 92/86/88 93/87/89
f 72/66/70 70/64/68 93/87/89
f 72/66/70 93/87/89 94/88/90
f 74/68/34 72/66/70 94/88/90
f 74/68/34 94/88/90 95/89/71
f 76/70/72 75/69/71 96/90/91
f 76/70/72 96/90/91 97/91/92
f 77/71/73 76/70/72 97/91/92
f 77/71/73 97/91/92 98/92/93
f 78/72/74 77/71/73 98/92/93
f 78/72/74 98/92/93 99/93/94
f 79/73/75 78/72/74 99/93/94
f 79/73/75 99/93/94 100/94/95
f 80/74/76 79/73/75 100/94/95
f 80/74/76 100/94/95 101/95/96
f 81/75/77 80/74/76 101/95/96
f 81/75/77 101/95/96 102/96/97
f 82/76/78 81/75/77 102/96/97
f 82/76/78 102/96/97 103/97/98
f 83/77/79 82/76/78 103/97/98
f 83/77/79 103/97/98 104/98/99
f 84/78/80 83/77/79 104/98/99
f 84/78/80 104/98/99 105/99/100
f 85/79/81 84/78/80 105/99/100
f 85/79/81 105/99/100 106/100/101
f 86/80/82 85/79/81 106/100/101
f 86/80/82 106/100/101 107/101/102
f 87/81/83 86/80/82 107/101/102
f 87/81/83 107/101/102 108/102/103
f 88/82/84 87/81/83 108/102/103
f 88/82/84 108/102/103 109/103/104
f 89/83/85 88/82/84 109/103/104
f 89/83/85 109/103/104 110/104/105
f 90/84/86 89/83/85 110/104/105
f 90/84/86 110/104/105 111/105/106
f 91/85/87 90/84/86 111/105/106
f 91/85/87 111/105/106 112/106/107
f 92/86/88 91/85/87 112/106/107
f 92/86/88 112/106/107 113/107/108
f 93/87/89 92/86/88 113/107/108
f 93/87/89 113/107/108 114/108/109
f 94/88/90 93/87/89 114/108/109
f 94/88/90 114/108/109 115/109/110
f 95/89/71 94/88/90 115/109/110
f 95/89/71 115/109/110 116/110/111
f 97/91/92 96/90/91 117/111/112
f 97/91/92 117/111/112 118/112/113
f 98/92/93 97/91/92 118/112/113
f 98/92/93 118/112/113 119/113/114
f 99/93/94 98/92/93 119/113/114
f 99/93/94 119/113/114 120/114/115
f 100/94/95 99/93/94 120/114/115
f 100/94/95 120/114/115 121/115/116
f 101/95/96 100/94/95 121/115/116
f 101/95/96 121/115/116 122/116/117
f 102/96/97 101/95/96 122/116/117
f 102/96/97 122/116/117 123/117/118
f 103/97/98 102/96/97 123/117/118
f 103/97/98 123/117/118 124/118/119
f 104/98/99 103/97/98 124/118/119
f 104/98/99 124/118/119 125/119/120
f 105/99/100 104/98/99 125/119/120
f 105/99/100 125/119/120 126/120/121
f 106/100/101 105/99/100 126/120/121
f 106/100/101 126/120/121 127/121/122
f 107/101/102 106/100/101 127/121/122
f 107/101/102 127/121/122 128/122/123
f 108/102/103 107/101/102 128/122/123
f 108/102/103 128/122/123 129/123/124
f 109/103/104 108/102/103 129/123/124
f 109/103/104 129/123/124 130/124/125
f 110/104/105 109/103/104 130/124/125
f 110/104/105 130/124/125 131/125/126
f 111/105/106 110/104/105 131/125/126
f 111/105/106 131/125/126 132/126/127
f 112/106/107 111/105/106 132/126/127
f 112/106/107 132/126/127 133/127/128
f 113/107/108 112/106/107 133/127/128
f 113/107/108 133/127/128 134/128/129
f 114/108/109 113/107/108 134/128/129
f 114/108/109 134/128/129 135/129/130
f 115/109/110 114/108/109 135/129/130
f 115/109/110 135/129/130 136/130/131
f 116/110/111 115/109/110 136/130/131
f 116/110/111 136/130/131 137/131/132
f 118/112/113 117/111/112 138/132/133
f 118/112/113 138/132/133 139/133/134
f 119/113/114 118/112/113 139/133/134
f 119/113/114 139/133/134 140/134/135
f 120/114/115 119/113/114 140/134/135
f 120/114/115 140/134/135 141/135/136
f 121/115/116 120/114/115 141/135/136
f 121/115/116 141/135/136 142/136/137
f 122/116/117 121/115/116 142/136/137
f 122/116/117 142/136/137 143/137/138
f 123/117/118 122/116/117 143/137/138
f 123/117/118 143/137/138 144/138/139
f 124/118/119 123/117/118 144/138/139
f 124/118/119 144/138/139 145/139/140
f 125/119/120 124/118/119 145/139/140
f 125/119/120 145/139/140 146/140/141
f 126/120/121 125/119/120 146/140/141
f 126/120/121 146/140/141 147/141/142
f 127/121/122 126/120/121 147/141/142
f 127/121/122 147/141/142 148/142/143
f 128/122/123 127/121/122 148/142/143
f 128/122/123 148/142/143 149/143/144
f 129/123/124 128/122/123 149/143/144
f 129/123/124 149/143/144 150/144/145
f 130/124/125 129/123/124 150/144/145
f 130/124/125 150/144/145 151/145/146
f 131/125/126 130/124/125 151/145/146
f 131/125/126 151/145/146 152/146/147
f 132/126/127 131/125/126 152/146/147
f 132/126/127 152/146/147 153/147/148
f 133/127/128 132/126/127 153/147/148
f 133/127/128 153/147/148 154/148/149
f 134/128/129 133/127/128 154/148/149
f 134/128/129 154/148/149 155/149/150
f 135/129/130 134/128/129 155/149/150
f 135/129/130 155/149/150 156/150/151
f 136/130/131 135/129/130 156/150/151
f 136/130/131 156/150/151 157/151/152
f 137/131/132 136/130/131 157/151/152
f 137/131/132 157/151/152 158/152/133
f 139/133/134 138/132/133 159/153/153
f 139/133/134 159/153/153 160/154/154
f 140/134/135 139/133/134 160/154/154
f 140/134/135 160/154/154 161/155/155
f 141/135/136 140/134/135 161/155/155
f 141/135/136 161/155/155 162/156/156
f 142/136/137 141/135/136 162/156/156
f 142/136/137 162/156/156 163/157/157
f 143/137/138 142/136/137 163/157/157
f 143/137/138 163/157/157 164/158/158
f 144/138/139 143/137/138 164/158/158
f 144/138/139 164/158/158 165/159/159
f 145/139/140 144/138/139 165/159/159
f 145/139/140 165/159/159 166/160/160
f 146/140/141 145/139/140 166/160/160
f 146/140/141 166/160/160 167/161/161
f 147/141/142 146/140/141 167/161/161
f 147/141/142 167/161/161 168/162/162
f 148/142/143 147/141/142 168/162/162
f 148/142/143 168/162/162 169/163/163
f 149/143/144 148/142/143 169/163/163
f 149/143/144 169/163/163 170/164/164
f 150/144/145 149/143/144 170/164/164
f 150/144/145 170/164/164 171/165/165
f 151/145/146 150/144/145 171/165/165
f 151/145/146 171/165/165 172/166/166
f 152/146/147 151/145/146 172/166/166
f 152/146/147 172/166/166 173/167/167
f 153/147/148 152/146/147 173/167/167
f 153/147/148 173/167/167 174/168/168
f 154/148/149 153/147/148 174/168/168
f 154/148/149 174/168/168 175/169/169
f 155/149/150 154/148/149 175/169/169
f 155/149/150 175/169/169 176/170/170
f 156/150/151 155/149/150 176/170/170
f 156/150/151 176/170/170 177/171/171
f 157/151/152 156/150/151 177/171/171
f 157/151/152 177/171/171 178/172/172
f 158/152/133 157/151/152 178/172/172
f 158/152/133 178/172/172 179/173/173
f 160/154/154 159/153/153 180/174/174
f 160/154/154 180/174/174 181/175/175
f 161/155/155 160/154/154 181/175/175
f 161/155/155 181/175/175 182/176/176
f 162/156/156 161/155/155 182/176/176
f 162/156/156 182/176/176 183/177/177
f 163/157/157 162/156/156 183/177/177
f 163/157/157 183/177/177 184/178/178
f 164/158/158 163/157/157 184/178/178
f 164/158/158 184/178/178 185/179/179
f 165/159/159 164/158/158 185/179/179
f 165/159/159 185/179/179 186/180/180
f 166/160/160 165/159/159 186/180/180
f 166/160/160 186/180/180 187/181/181
f 167/161/161 166/160/160 187/181/181
f 167/161/161 187/181/181 188/182/182
f 168/162/162 167/161/161 188/182/182
f 168/162/162 188/182/182 189/183/183
f 169/163/163 168/162/162 189/183/183
f 169/163/163 189/183/183 190/184/184
f 170/164/164 169/163/163 190/184/184
f 170/164/164 190/184/184 191/185/185
f 171/165/165 170/164/164 191/185/185
f 171/165/165 191/185/185 192/186/186
f 172/166/166 171/165/165 192/186/186
f 172/166/166 192/186/186 193/187/187
f 173/167/167 172/166/166 193/187/187
f 173/167/167 193/187/187 194/188/188
f 174/168/168 173/167/167 194/188/188
f 174/168/168 194/188/188 195/189/189
f 175/169/169 174/168/168 195/189/189
f 175/169/169 195/189/189 196/190/190
f 176/170/170 175/169/169 196/190/190
f 176/170/170 196/190/190 197/191/191
f 177/171/171 176/170/170 197/191/191
f 177/171/171 197/191/191 198/192/192
f 178/172/172 177/171/171 198/192/192
f 178/172/172 198/192/192 199/193/193
f 179/173/173 178/172/172 199/193/193
f 179/173/173 199/193/193 200/194/194
f 181/175/175 180/174/174 201/195/195
f 181/175/175 201/195/195 202/196/196
f 182/176/176 181/175/175 202/196/196
f 182/176/176 202/196/196 203/197/197
f 183/177/177 182/176/176 203/197/197
f 183/177/177 203/197/197 204/198/198
f 184/178/178 183/177/177 204/198/198
f 184/178/178 204/198/198 205/199/199
f 185/179/179 184/178/178 205/199/199
f 185/179/179 205/199/199 206/200/200
f 186/180/180 185/179/179 206/200/200
f 186/180/180 206/200/200 207/201/201
f 187/181/181 186/180/180 207/201/201
f 187/181/181 207/201/201 208/202/202
f 188/182/182 187/181/181 208/202/202
f 188/182/182 208/202/202 209/203/203
f 189/183/183 188/182/182 209/203/203
f 189/183/183 209/203/203 210/204/204
f 190/184/184 189/183/183 210/204/204
f 190/184/184 210/204/204 211/205/205
f 191/185/185 190/184/184 211/205/205
f 191/185/185 211/205/205 212/206/206
f 192/186/186 191/185/185 212/206/206
f 192/186/186 212/206/206 213/207/207
f 193/187/187 192/186/186 213/207/207
f 193/187/187 213/207/207 214/208/208
f 194/188/188 193/187/187 214/208/208
f 194/188/188 214/208/208 215/209/209
f 195/189/189 194/188/188 215/209/209
f 195/189/189 215/209/209 216/210/210
f 196/190/190 195/189/189 216/210/210
f 196/190/190 216/210/210 217/211/211
f 197/191/191 196/190/190 217/211/211
f 197/191/191 217/211/211 218/212/212
f 198/192/192 197/191/191 218/212/212
f 198/192/192 218/212/212 219/213/213
f 199/193/193 198/192/192 219/213/213
f 199/193/193 219/213/213 220/214/214
f 200/194/194 199/193/193 220/214/214
f 200/194/194 220/214/214 221/215/215
f 202/196/196 201/195/195 222/216/216
f 202/196/196 222/216/216 223/217/217
f 203/197/197 202/196/196 223/217/217
f 203/197/197 223/217/217 224/218/218
f 204/198/198 203/197/197 224/218/218
f 204/198/198 224/218/218 225/219/219
f 205/199/199 204/198/198 225/219/219
f 205/199/199 225/219/219 226/220/220
f 206/200/200 205/199/199 226/220/220
f 206/200/200 226/220/220 227/221/221
f 207/201/201 206/200/200 227/221/221
f 207/201/201 227/221/221 228/222/222
f 208/202/202 207/201/201 228/222/222
f 208/202/202 228/222/222 229/223/223
f 209/203/203 208/202/202 229/223/223
f 209/203/203 229/223/223 230/224/224
f 210/204/204 209/203/203 230/224/224
f 210/204/204 230/224/224 231/225/225
f 211/205/205 210/204/204 231/225/225
f 211/205/205 231/225/225 232/226/226
f 212/206/206 211/205/205 232/226/226
f 212/206/206 232/226/226 233/227/227
f 213/207/207 212/206/206 233/227/227
f 213/207/207 233/227/227 234/228/228
f 214/208/208 213/207/207 234/228/228
f 214/208/208 234/228/228 235/229/229
f 215/209/209 214/208/208 235/229/229
f 215/209/209 235/229/229 236/230/230
f 216/210/210 215/209/209 236/230/230
f 216/210/210 236/230/230 237/231/231
f 217/211/211 216/210/210 237/231/231
f 217/211/211 237/231/231 238/232/232
f 218/212/212 217/211/211 238/232/232
f 218/212/212 238/232/232 239/233/233
f 219/213/213 218/212/212 239/233/233
f 219/213/213 239/233/233 240/234/234
f 220/214/214 219/213/213 240/234/234
f 220/214/214 240/234/234 241/235/235
f 221/215/215 220/214/214 241/235/235
f 221/215/215 241/235/235 242/236/236
f 223/217/217 222/216/216 243/237/237
f 223/217/217 243/237/237 244/238/53
f 224/218/218 223/217/217 244/238/53
f 224/218/218 244/238/53 245/239/55
f 225/219/219 224/218/218 245/239/55
f 225/219/219 245/239/55 246/240/57
f 226/220/220 225/219/219 246/240/57
f 226/220/220 246/240/57 247/241/59
f 227/221/221 226/220/220 247/241/59
f 227/221/221 247/241/59 248/242/61
f 228/222/222 227/221/221 248/242/61
f 228/222/222 248/242/61 249/243/63
f 229/223/223 228/222/222 249/243/63
f 229/223/223 249/243/63 250/244/65
f 230/224/224 229/223/223 250/244/65
f 230/224/224 250/244/65 251/245/67
f 231/225/225 230/224/224 251/245/67
f 231/225/225 251/245/67 252/246/69
f 232/226/226 231/225/225 252/246/69
f 232/226/226 252/246/69 253/247/33
f 233/227/227 232/226/226 253/247/33
f 233/227/227 253/247/33 254/248/32
f 234/228/228 233/227/227 254/248/32
f 234/228/228 254/248/32 255/249/36
f 235/229/229 234/228/228 255/249/36
f 235/229/229 255/249/36 256/250/38
f 236/230/230 235/229/229 256/250/38
f 236/230/230 256/250/38 257/251/3
f 237/231/231 236/230/230 257/251/3
f 237/231/231 257/251/3 258/252/41
f 238/232/232 237/231/231 258/252/41
f 238/232/232 258/252/41 259/253/43
f 239/233/233 238/232/232 259/253/43
f 239/233/233 259/253/43 260/254/45
f 240/234/234 239/233/233 260/254/45
f 240/234/234 260/254/45 261/255/47
f 241/235/235 240/234/234 261/255/47
f 241/235/235 261/255/47 262/256/49
f 242/236/236 241/235/235 262/256/49
f 242/236/236 262/256/49 263/257/51
f 244/238/53 243/237/237 264/258/238
f 244/238/53 264/258/238 265/259/239
f 245/239/55 244/238/53 265/259/239
f 245/239/55 265/259/239 266/260/240
f 246/240/57 245/239/55 266/260/240
f 246/240/57 266/260/240 267/261/241
f 247/241/59 246/240/57 267/261/241
f 247/241/59 267/261/241 268/262/242
f 248/242/61 247/241/59 268/262/242
f 248/242/61 268/262/242 269/263/243
f 249/243/63 248/242/61 269/263/243
f 249/243/63 269/263/243 270/264/244
f 250/244/65 249/243/63 270/264/244
f 250/244/65 270/264/244 271/265/245
f 251/245/67 250/244/65 271/265/245
f 251/245/67 271/265/245 272/266/246
f 252/246/69 251/245/67 272/266/246
f 252/246/69 272/266/246 273/267/247
f 253/247/33 252/246/69 273/267/247
f 253/247/33 273/267/247 274/268/248
f 254/248/32 253/247/33 274/268/248
f 254/248/32 274/268/248 275/269/249
f 255/249/36 254/248/32 275/269/249
f 255/249/36 275/269/249 276/270/250
f 256/250/38 255/249/36 276/270/250
f 256/250/38 276/270/250 277/271/251
f 257/251/3 256/250/38 277/271/251
f 257/251/3 277/271/251 278/272/252
f 258/252/41 257/251/3 278/272/252
f 258/252/41 278/272/252 279/273/253
f 259/253/43 258/252/41 279/273/253
f 259/253/43 279/273/253 280/274/254
f 260/254/45 259/253/43 280/274/254
f 260/254/45 280/274/254 281/275/255
f 261/255/47 260/254/45 281/275/255
f 261/255/47 281/275/255 282/276/256
f 262/256/49 261/255/47 282/276/256
f 262/256/49 282/276/256 283/277/257
f 263/257/51 262/256/49 283/277/257
f 263/257/51 283/277/257 284/278/258
f 265/259/239 264/258/238 285/279/259
f 265/259/239 285/279/259 286/280/260
f 266/260/240 265/259/239 286/280/260
f 266/260/240 286/280/260 287/281/261
f 267/261/241 266/260/240 287/281/261
f 267/261/241 287/281/261 288/282/262
f 268/262/242 267/261/241 288/282/262
f 268/262/242 288/282/262 289/283/263
f 269/263/243 268/262/242 289/283/263
f 269/263/243 289/283/263 290/284/264
f 270/264/244 269/263/243 290/284/264
f 270/264/244 290/284/264 291/285/265
f 271/265/245 270/264/244 291/285/265
f 271/265/245 291/285/265 292/286/266
f 272/266/246 271/265/245 292/286/266
f 272/266/246 292/286/266 293/287/267
f 273/267/247 272/266/246 293/287/267
f 273/267/247 293/287/267 294/288/268
f 274/268/248 273/267/247 294/288/268
f 274/268/248 294/288/268 295/289/269
f 275/269/249 274/268/248 295/289/269
f 275/269/249 295/289/269 296/290/270
f 276/270/250 275/269/249 296/290/270
f 276/270/250 296/290/270 297/291/271
f 277/271/251 276/270/250 297/291/271
f 277/271/251 297/291/271 298/292/272
f 278/272/252 277/271/251 298/292/272
f 278/272/252 298/292/272 299/293/273
f 279/273/253 278/272/252 299/293/273
f 279/273/253 299/293/273 300/294/274
f 280/274/254 279/273/253 300/294/274
f 280/274/254 300/294/274 301/295/275
f 281/275/255 280/274/254 301/295/275
f 281/275/255 301/295/275 302/296/276
f 282/276/256 281/275/255 302/296/276
f 282/276/256 302/296/276 303/297/277
f 283/277/257 282/276/256 303/297/277
f 283/277/257 303/297/277 304/298/278
f 284/278/258 283/277/257 304/298/278
f 284/278/258 304/298/278 305/299/279
f 286/280/260 285/279/259 306/300/280
f 286/280/260 306/300/280 307/301/281
f 287/281/261 286/280/260 307/301/281
f 287/281/261 307/301/281 308/302/282
f 288/282/262 287/281/261 308/302/282
f 288/282/262 308/302/282 309/303/283
f 289/283/263 288/282/262 309/303/283
f 289/283/263 309/303/283 310/304/284
f 290/284/264 289/283/263 310/304/284
f 290/284/264 310/304/284 311/305/285
f 291/285/265 290/284/264 311/305/285
f 291/285/265 311/305/285 312/306/286
f 292/286/266 291/285/265 312/306/286
f 292/286/266 312/306/286 313/307/287
f 293/287/267 292/286/266 313/307/287
f 293/287/267 313/307/287 314/308/288
f 294/288/268 293/287/267 314/308/288
f 294/288/268 314/308/288 315/309/289
f 295/289/269 294/288/268 315/309/289
f 295/289/269 315/309/289 316/310/290
f 296/290/270 295/289/269 316/310/290
f 296/290/270 316/310/290 317/311/291
f 297/291/271 296/290/270 317/311/291
f 297/291/271 317/311/291 318/312/292
f 298/292/272 297/291/271 318/312/292
f 298/292/272 318/312/292 319/313/293
f 299/293/273 298/292/272 319/313/293
f 299/293/273 319/313/293 320/314/294
f 300/294/274 299/293/273 320/314/294
f 300/294/274 320/314/294 321/315/295
f 301/295/275 300/294/274 321/315/295
f 301/295/275 321/315/295 322/316/296
f 302/296/276 301/295/275 322/316/296
f 302/296/276 322/316/296 323/317/297
f 303/297/277 302/296/276 323/317/297
f 303/297/277 323/317/297 324/318/298
f 304/298/278 303/297/277 324/318/298
f 304/298/278 324/318/298 325/319/299
f 305/299/279 304/298/278 325/319/299
f 305/299/279 325/319/299 326/320/300
f 307/301/281 306/300/280 327/321/301
f 307/301/281 327/321/301 328/322/302
f 308/302/282 307/301/281 328/322/302
f 308/302/282 328/322/302 329/323/303
f 309/303/283 308/302/282 329/323/303
f 309/303/283 329/323/303 330/324/304
f 310/304/284 309/303/283 330/324/304
f 310/304/284 330/324/304 331/325/305
f 311/305/285 310/304/284 331/325/305
f 311/305/285 331/325/305 332/326/306
f 312/306/286 311/305/285 332/326/306
f 312/306/286 332/326/306 333/327/307
f 313/307/287 312/306/286 333/327/307
f 313/307/287 333/327/307 334/328/308
f 314/308/288 313/307/287 334/328/308
f 314/308/288 334/328/308 335/329/309
f 315/309/289 314/308/288 335/329/309
f 315/309/289 335/329/309 336/330/310
f 316/310/290 315/309/289 336/330/310
f 316/310/290 336/330/310 337/331/311
f 317/311/291 316/310/290 337/331/311
f 317/311/291 337/331/311 338/332/312
f 318/312/292 317/311/291 338/332/312
f 318/312/292 338/332/312 339/333/313
f 319/313/293 318/312/292 339/333/313
f 319/313/293 339/333/313 340/334/314
f 320/314/294 319/313/293 340/334/314
f 320/314/294 340/334/314 341/335/315
f 321/315/295 320/314/294 341/335/315
f 321/315/295 341/335/315 342/336/316
f 322/316/296 321/315/295 342/336/316
f 322/316/296 342/336/316 343/337/317
f 323/317/297 322/316/296 343/337/317
f 323/317/297 343/337/317 344/338/318
f 324/318/298 323/317/297 344/338/318
f 324/318/298 344/338/318 345/339/319
f 325/319/299 324/318/298 345/339/319
f 325/319/299 345/339/319 346/340/320
f 326/320/300 325/319/299 346/340/320
f 326/320/300 346/340/320 347/341/321
f 328/322/302 327/321/301 348/342/322
f 328/322/302 348/342/322 349/343/323
f 329/323/303 328/322/302 349/343/323
f 329/323/303 349/343/323 350/344/324
f 330/324/304 329/323/303 350/344/324
f 330/324/304 350/344/324 351/345/325
f 331/325/305 330/324/304 351/345/325
f 331/325/305 351/345/325 352/346/326
f 332/326/306 331/325/305 352/346/326
f 332/326/306 352/346/326 353/347/327
f 333/327/307 332/326/306 353/347/327
f 333/327/307 353/347/327 354/348/328
f 334/328/308 333/327/307 354/348/328
f 334/328/308 354/348/328 355/349/329
f 335/329/309 334/328/308 355/349/329
f 335/329/309 355/349/329 356/350/330
f 336/330/310 335/329/309 356/350/330
f 336/330/310 356/350/330 357/351/331
f 337/331/311 336/330/310 357/351/331
f 337/331/311 357/351/331 358/352/332
f 338/332/312 337/331/311 358/352/332
f 338/332/312 358/352/332 359/353/333
f 339/333/313 338/332/312 359/353/333
f 339/333/313 359/353/333 360/354/334
f 340/334/314 339/333/313 360/354/334
f 340/334/314 360/354/334 361/355/335
f 341/335/315 340/334/314 361/355/335
f 341/335/315 361/355/335 362/356/336
f 342/336/316 341/335/315 362/356/336
f 342/336/316 362/356/336 363/357/337
f 343/337/317 342/336/316 363/357/337
f 343/337/317 363/357/337 364/358/338
f 344/338/318 343/337/317 364/358/338
f 344/338/318 364/358/338 365/359/339
f 345/339/319 344/338/318 365/359/339
f 345/339/319 365/359/339 366/360/340
f 346/340/320 345/339/319 366/360/340
f 346/340/320 366/360/340 367/361/341
f 347/341/321 346/340/320 367/361/341
f 347/341/321 367/361/341 368/362/322
f 349/343/323 348/342/322 369/363/342
f 349/343/323 369/363/342 370/364/343
f 350/344/324 349/343/323 370/364/343
f 350/344/324 370/364/343 371/365/344
f 351/345/325 350/344/324 371/365/344
f 351/345/325 371/365/344 372/366/345
f 352/346/326 351/345/325 372/366/345
f 352/346/326 372/366/345 373/367/346
f 353/347/327 352/346/326 373/367/346
f 353/347/327 373/367/346 374/368/347
f 354/348/328 353/347/327 374/368/347
f 354/348/328 374/368/347 375/369/348
f 355/349/329 354/348/328 375/369/348
f 355/349/329 375/369/348 376/370/349
f 356/350/330 355/349/329 376/370/349
f 356/350/330 376/370/349 377/371/350
f 357/351/331 356/350/330 377/371/350
f 357/351/331 377/371/350 378/372/351
f 358/352/332 357/351/331 378/372/351
f 358/352/332 378/372/351 379/373/352
f 359/353/333 358/352/332 379/373/352
f 359/353/333 379/373/352 380/374/353
f 360/354/334 359/353/333 380/374/353
f 360/354/334 380/374/353 381/375/354
f 361/355/335 360/354/334 381/375/354
f 361/355/335 381/375/354 382/376/355
f 362/356/336 361/355/335 382/376/355
f 362/356/336 382/376/355 383/377/356
f 363/357/337 362/356/336 383/377/356
f 363/357/337 383/377/356 384/378/357
f 364/358/338 363/357/337 384/378/357
f 364/358/338 384/378/357 385/379/358
f 365/359/339 364/358/338 385/379/358
f 365/359/339 385/379/358 386/380/359
f 366/360/340 365/359/339 386/380/359
f 366/360/340 386/380/359 387/381/360
f 367/361/341 366/360/340 387/381/360
f 367/361/341 387/381/360 388/382/361
f 368/362/322 367/361/341 388/382/361
f 368/362/322 388/382/361 389/383/342
f 370/364/343 369/363/342 390/384/362
f 370/364/343 390/384/362 391/385/363
f 371/365/344 370/364/343 391/385/363
f 371/365/344 391/385/363 392/386/364
f 372/366/345 371/365/344 392/386/364
f 372/366/345 392/386/364 393/387/365
f 373/367/346 372/366/345 393/387/365
f 373/367/346 393/387/365 394/388/366
f 374/368/347 373/367/346 394/388/366
f 374/368/347 394/388/366 395/389/367
f 375/369/348 374/368/347 395/389/367
f 375/369/348 395/389/367 396/390/368
f 376/370/349 375/369/348 396/390/368
f 376/370/349 396/390/368 397/391/369
f 377/371/350 376/370/349 397/391/369
f 377/371/350 397/391/369 398/392/370
f 378/372/351 377/371/350 398/392/370
f 378/372/351 398/392/370 399/393/371
f 379/373/352 378/372/351 399/393/371
f 379/373/352 399/393/371 400/394/372
f 380/374/353 379/373/352 400/394/372
f 380/374/353 400/394/372 401/395/373
f 381/375/354 380/374/353 401/395/373
f 381/375/354 401/395/373 402/396/374
f 382/376/355 381/375/354 402/396/374
f 382/376/355 402/396/374 403/397/375
f 383/377/356 382/376/355 403/397/375
f 383/377/356 403/397/375 404/398/376
f 384/378/357 383/377/356 404/398/376
f 384/378/357 404/398/376 405/399/377
f 385/379/358 384/378/357 405/399/377
f 385/379/358 405/399/377 406/400/378
f 386/380/359 385/379/358 406/400/378
f 386/380/359 406/400/378 407/401/379
f 387/381/360 386/380/359 407/401/379
f 387/381/360 407/401/379 408/402/380
f 388/382/361 387/381/360 408/402/380
f 388/382/361 408/402/380 409/403/381
f 389/383/342 388/382/361 409/403/381
f 389/383/342 409/403/381 410/404/382
f 391/385/363 390/384/362 411/405/383
f 391/385/363 411/405/383 412/406/384
f 392/386/364 391/385/363 412/406/384
f 392/386/364 412/406/384 413/407/385
f 393/387/365 392/386/364 413/407/385
f 393/387/365 413/407/385 414/408/386
f 394/388/366 393/387/365 414/408/386
f 394/388/366 414/408/386 415/409/387
f 395/389/367 394/388/366 415/409/387
f 395/389/367 415/409/387 416/410/388
f 396/390/368 395/389/367 416/410/388
f 396/390/368 416/410/388 417/411/389
f 397/391/369 396/390/368 417/411/389
f 397/391/369 417/411/389 418/412/390
f 398/392/370 397/391/369 418/412/390
f 398/392/370 418/412/390 419/413/391
f 399/393/371 398/392/370 419/413/391
f 399/393/371 419/413/391 420/414/392
f 400/394/372 399/393/371 420/414/392
f 400/394/372 420/414/392 421/415/393
f 401/395/373 400/394/372 421/415/393
f 401/395/373 421/415/393 422/416/394
f 402/396/374 401/395/373 422/416/394
f 402/396/374 422/416/394 423/417/395
f 403/397/375 402/396/374 423/417/395
f 403/397/375 423/417/395 424/418/396
f 404/398/376 403/397/375 424/418/396
f 404/398/376 424/418/396 425/419/397
f 405/399/377 404/398/376 425/419/397
f 405/399/377 425/419/397 426/420/398
f 406/400/378 405/399/377 426/420/398
f 406/400/378 426/420/398 427/421/399
f 407/401/379 406/400/378 427/421/399
f 407/401/379 427/421/399 428/422/400
f 408/402/380 407/401/379 428/422/400
f 408/402/380 428/422/400 429/423/401
f 409/403/381 408/402/380 429/423/401
f 409/403/381 429/423/401 430/424/402
f 410/404/382 409/403/381 430/424/402
f 410/404/382 430/424/402 431/425/383
f 412/406/384 411/405/383 432/426/403
f 412/406/384 432/426/403 433/427/404
f 413/407/385 412/406/384 433/427/404
f 413/407/385 433/427/404 434/428/405
f 414/408/386 413/407/385 434/428/405
f 414/408/386 434/428/405 435/429/406
f 415/409/387 414/408/386 435/429/406
f 415/409/387 435/429/406 436/430/407
f 416/410/388 415/409/387 436/430/407
f 416/410/388 436/430/407 437/431/408
f 417/411/389 416/410/388 437/431/408
f 417/411/389 437/431/408 438/432/409
f 418/412/390 417/411/389 438/432/409
f 418/412/390 438/432/409 439/433/410
f 419/413/391 418/412/390 439/433/410
f 419/413/391 439/433/410 440/434/411
f 420/414/392 419/413/391 440/434/411
f 420/414/392 440/434/411 441/435/412
f 421/415/393 420/414/392 441/435/412
f 421/415/393 441/435/412 442/436/413
f 422/416/394 421/415/393 442/436/413
f 422/416/394 442/436/413 443/437/414
f 423/417/395 422/416/394 443/437/414
f 423/417/395 443/437/414 444/438/415
f 424/418/396 423/417/395 444/438/415
f 424/418/396 444/438/415 445/439/416
f 425/419/397 424/418/396 445/439/416
f 425/419/397 445/439/416 446/440/417
f 426/420/398 425/419/397 446/440/417
f 426/420/398 446/440/417 447/441/418
f 427/421/399 426/420/398 447/441/418
f 427/421/399 447/441/418 448/442/419
f 428/422/400 427/421/399 448/442/419
f 428/422/400 448/442/419 449/443/420
f 429/423/401 428/422/400 449/443/420
f 429/423/401 449/443/420 450/444/421
f 430/424/402 429/423/401 450/444/421
f 430/424/402 450/444/421 451/445/422
f 431/425/383 430/424/402 451/445/422
f 431/425/383 451/445/422 452/446/423
f 433/427/404 432/426/403 453/447/33
f 433/427/404 453/447/33 454/448/32
f 434/428/405 433/427/404 454/448/32
f 434/428/405 454/448/32 455/449/36
f 435/429/406 434/428/405 455/449/36
f 435/429/406 455/449/36 456/450/38
f 436/430/407 435/429/406 456/450/38
f 436/430/407 456/450/38 457/451/3
f 437/431/408 436/430/407 457/451/3
f 437/431/408 457/451/3 458/452/41
f 438/432/409 437/431/408 458/452/41
f 438/432/409 458/452/41 459/453/43
f 439/433/410 438/432/409 459/453/43
f 439/433/410 459/453/43 460/454/45
f 440/434/411 439/433/410 460/454/45
f 440/434/411 460/454/45 461/455/47
f 441/435/412 440/434/411 461/455/47
f 441/435/412 461/455/47 462/456/49
f 442/436/413 441/435/412 462/456/49
f 442/436/413 462/456/49 463/457/51
f 443/437/414 442/436/413 463/457/51
f 443/437/414 463/457/51 464/458/53
f 444/438/415 443/437/414 464/458/53
f 444/438/415 464/458/53 465/459/55
f 445/439/416 444/438/415 465/459/55
f 445/439/416 465/459/55 466/460/57
f 446/440/417 445/439/416 466/460/57
f 446/440/417 466/460/57 467/461/59
f 447/441/418 446/440/417 467/461/59
f 447/441/418 467/461/59 468/462/61
f 448/442/419 447/441/418 468/462/61
f 448/442/419 468/462/61 469/463/63
f 449/443/420 448/442/419 469/463/63
f 449/443/420 469/463/63 470/464/65
f 450/444/421 449/443/420 470/464/65
f 450/444/421 470/464/65 471/465/67
f 451/445/422 450/444/421 471/465/67
f 451/445/422 471/465/67 472/466/69
f 452/446/423 451/445/422 472/466/69
f 452/446/423 472/466/69 473/467/33
f 474/468/424 475/469/425 476/470/426
f 474/468/424 476/470/426 477/471/427
f 475/469/425 478/472/428 479/473/429
f 475/469/425 479/473/429 476/470/426
f 478/472/428 480/474/430 481/475/431
f 478/472/428 481/475/431 479/473/429
f 480/474/430 482/476/432 483/477/433
f 480/474/430 483/477/433 481/475/431
f 482/476/432 484/478/434 485/479/435
f 482/476/432 485/479/435 483/477/433
f 484/478/434 486/480/436 487/481/437
f 484/478/434 487/481/437 485/479/435
f 486/480/436 488/482/438 489/483/69
f 486/480/436 489/483/69 487/481/437
f 488/482/438 490/480/439 491/481/440
f 488/482/438 491/481/440 489/483/69
f 490/480/439 492/478/441 493/479/442
f 490/480/439 493/479/442 491/481/440
f 492/478/441 494/476/443 495/477/444
f 492/478/441 495/477/444 493/479/442
f 494/476/443 496/474/445 497/484/446
f 494/476/443 497/484/446 495/477/444
f 496/474/445 498/472/447 499/473/448
f 496/474/445 499/473/448 497/484/446
f 498/472/447 500/469/449 501/470/450
f 498/472/447 501/470/450 499/473/448
f 500/469/449 502/468/451 503/471/452
f 500/469/449 503/471/452 501/470/450
f 502/468/451 504/485/453 505/486/49
f 502/468/451 505/486/49 503/471/452
f 504/485/453 474/468/424 477/471/427
f 504/485/453 477/471/427 505/486/49
f 506/487/427 507/488/426 508/489/426
f 506/487/427 508/489/426 509/490/427
f 507/488/426 510/491/429 511/492/429
f 507/488/426 511/492/429 508/489/426
f 510/491/429 512/493/431 513/494/431
f 510/491/429 513/494/431 511/492/429
f 512/493/431 514/495/433 515/496/433
f 512/493/431 515/496/433 513/494/431
f 514/495/433 516/497/435 517/498/435
f 514/495/433 517/498/435 515/496/433
f 516/497/435 518/499/437 519/500/437
f 516/497/435 519/500/437 517/498/435
f 518/499/437 520/501/69 521/502/69
f 518/499/437 521/502/69 519/500/437
f 520/501/69 522/499/440 523/500/440
f 520/501/69 523/500/440 521/502/69
f 522/499/440 524/497/442 525/498/442
f 522/499/440 525/498/442 523/500/440
f 524/497/442 526/495/444 527/496/444
f 524/497/442 527/496/444 525/498/442
f 526/495/444 528/503/446 529/504/446
f 526/495/444 529/504/446 527/496/444
f 528/503/446 530/491/448 531/492/448
f 528/503/446 531/492/448 529/504/446
f 530/491/448 532/488/450 533/489/450
f 530/491/448 533/489/450 531/492/448
f 532/488/450 534/487/452 535/490/452
f 532/488/450 535/490/452 533/489/450
f 534/487/452 536/505/49 537/506/49
f 534/487/452 537/506/49 535/490/452
f 536/505/49 506/487/427 509/490/427
f 536/505/49 509/490/427 537/506/49
f 538/507/427 539/508/426 540/509/426
f 538/507/427 540/509/426 541/510/427
f 539/508/426 542/511/429 543/512/429
f 539/508/426 543/512/429 540/509/426
f 542/511/429 544/513/431 545/514/431
f 542/511/429 545/514/431 543/512/429
f 544/513/431 546/515/433 547/516/433
f 544/513/431 547/516/433 545/514/431
f 546/515/433 548/517/435 549/518/435
f 546/515/433 549/518/435 547/516/433
f 548/517/435 550/519/437 551/520/437
f 548/517/435 551/520/437 549/518/435
f 550/519/437 552/521/69 553/522/69
f 550/519/437 553/522/69 551/520/437
f 552/521/69 554/519/440 555/520/440
f 552/521/69 555/520/440 553/522/69
f 554/519/440 556/517/442 557/518/442
f 554/519/440 557/518/442 555/520/440
f 556/517/442 558/515/444 559/516/444
f 556/517/442 559/516/444 557/518/442
f 558/515/444 560/523/446 561/524/446
f 558/515/444 561/524/446 559/516/444
f 560/523/446 562/511/448 563/512/448
f 560/523/446 563/512/448 561/524/446
f 562/511/448 564/508/450 565/509/450
f 562/511/448 565/509/450 563/512/448
f 564/508/450 566/507/452 567/510/452
f 564/508/450 567/510/452 565/509/450
f 566/507/452 568/525/49 569/526/49
f 566/507/452 569/526/49 567/510/452
f 568/525/49 538/507/427 541/510/427
f 568/525/49 541/510/427 569/526/49
f 570/527/427 571/528/426 572/529/426
f 570/527/427 572/529/426 573/530/427
f 571/528/426 574/531/429 575/532/429
f 571/528/426 575/532/429 572/529/426
f 574/531/429 576/533/431 577/534/431
f 574/531/429 577/534/431 575/532/429
f 576/533/431 578/535/433 579/536/433
f 576/533/431 579/536/433 577/534/431
f 578/535/433 580/537/435 581/538/435
f 578/535/433 581/538/435 579/536/433
f 580/537/435 582/539/437 583/540/437
f 580/537/435 583/540/437 581/538/435
f 582/539/437 584/541/69 585/542/69
f 582/539/437 585/542/69 583/540/437
f 584/541/69 586/539/440 587/540/440
f 584/541/69 587/540/440 585/542/69
f 586/539/440 588/537/442 589/538/442
f 586/539/440 589/538/442 587/540/440
f 588/537/442 590/535/444 591/536/444
f 588/537/442 591/536/444 589/538/442
f 590/535/444 592/543/446 593/544/446
f 590/535/444 593/544/446 591/536/444
f 592/543/446 594/531/448 595/532/448
f 592/543/446 595/532/448 593/544/446
f 594/531/448 596/528/450 597/529/450
f 594/531/448 597/529/450 595/532/448
f 596/528/450 598/527/452 599/530/452
f 596/528/450 599/530/452 597/529/450
f 598/527/452 600/545/49 601/546/49
f 598/527/452 601/546/49 599/530/452
f 600/545/49 570/527/427 573/530/427
f 600/545/49 573/530/427 601/546/49
f 602/547/427 603/548/426 604/549/426
f 602/547/427 604/549/426 605/550/427
f 603/548/426 606/551/429 607/552/429
f 603/548/426 607/552/429 604/549/426
f 606/551/429 608/553/431 609/554/431
f 606/551/429 609/554/431 607/552/429
f 608/553/431 610/555/433 611/556/433
f 608/553/431 611/556/433 609/554/431
f 610/555/433 612/557/435 613/558/435
f 610/555/433 613/558/435 611/556/433
f 612/557/435 614/559/437 615/560/437
f 612/557/435 615/560/437 613/558/435
f 614/559/437 616/561/69 617/562/69
f 614/559/437 617/562/69 615/560/437
f 616/561/69 618/559/440 619/560/440
f 616/561/69 619/560/440 617/562/69
f 618/559/440 620/557/442 621/558/442
f 618/559/440 621/558/442 619/560/440
f 620/557/442 622/555/444 623/556/444
f 620/557/442 623/556/444 621/558/442
f 622/555/444 624/563/446 625/564/446
f 622/555/444 625/564/446 623/556/444
f 624/563/446 626/551/448 627/552/448
f 624/563/446 627/552/448 625/564/446
f 626/551/448 628/548/450 629/549/450
f 626/551/448 629/549/450 627/552/448
f 628/548/450 630/547/452 631/550/452
f 628/548/450 631/550/452 629/549/450
f 630/547/452 632/565/49 633/566/49
f 630/547/452 633/566/49 631/550/452
f 632/565/49 602/547/427 605/550/427
f 632/565/49 605/550/427 633/566/49
f 634/567/427 635/568/426 636/569/426
f 634/567/427 636/569/426 637/570/427
f 635/568/426 638/571/429 639/572/429
f 635/568/426 639/572/429 636/569/426
f 638/571/429 640/573/431 641/574/431
f 638/571/429 641/574/431 639/572/429
f 640/573/431 642/575/433 643/576/433
f 640/573/431 643/576/433 641/574/431
f 642/575/433 644/577/435 645/578/435
f 642/575/433 645/578/435 643/576/433
f 644/577/435 646/579/437 647/580/437
f 644/577/435 647/580/437 645/578/435
f 646/579/437 648/581/69 649/582/69
f 646/579/437 649/582/69 647/580/437
f 648/581/69 650/579/440 651/580/440
f 648/581/69 651/580/440 649/582/69
f 650/579/440 652/577/442 653/578/442
f 650/579/440 653/578/442 651/580/440
f 652/577/442 654/575/444 655/576/444
f 652/577/442 655/576/444 653/578/442
f 654/575/444 656/583/446 657/584/446
f 654/575/444 657/584/446 655/576/444
f 656/583/446 658/571/448 659/572/448
f 656/583/446 659/572/448 657/584/446
f 658/571/448 660/568/450 661/569/450
f 658/571/448 661/569/450 659/572/448
f 660/568/450 662/567/452 663/570/452
f 660/568/450 663/570/452 661/569/450
f 662/567/452 664/585/49 665/586/49
f 662/567/452 665/586/49 663/570/452
f 664/585/49 634/567/427 637/570/427
f 664/585/49 637/570/427 665/586/49
f 666/587/427 667/588/426 668/589/426
f 666/587/427 668/589/426 669/590/427
f 667/588/426 670/591/429 671/592/429
f 667/588/426 671/592/429 668/589/426
f 670/591/429 672/593/431 673/594/431
f 670/591/429 673/594/431 671/592/429
f 672/593/431 674/595/433 675/596/433
f 672/593/431 675/596/433 673/594/431
f 674/595/433 676/597/435 677/598/435
f 674/595/433 677/598/435 675/596/433
f 676/597/435 678/599/437 679/600/437
f 676/597/435 679/600/437 677/598/435
f 678/599/437 680/601/69 681/602/69
f 678/599/437 681/602/69 679/600/437
f 680/601/69 682/599/440 683/600/440
f 680/601/69 683/600/440 681/602/69
f 682/599/440 684/597/442 685/598/442
f 682/599/440 685/598/442 683/600/440
f 684/597/442 686/595/444 687/596/444
f 684/597/442 687/596/444 685/598/442
f 686/595/444 688/603/446 689/604/446
f 686/595/444 689/604/446 687/596/444
f 688/603/446 690/591/448 691/592/448
f 688/603/446 691/592/448 689/604/446
f 690/591/448 692/588/450 693/589/450
f 690/591/448 693/589/450 691/592/448
f 692/588/450 694/587/452 695/590/452
f 692/588/450 695/590/452 693/589/450
f 694/587/452 696/605/49 697/606/49
f 694/587/452 697/606/49 695/590/452
f 696/605/49 666/587/427 669/590/427
f 696/605/49 669/590/427 697/606/49
f 698/607/427 699/608/426 700/609/426
f 698/607/427 700/609/426 701/610/427
f 699/608/426 702/611/429 703/612/429
f 699/608/426 703/612/429 700/609/426
f 702/611/429 704/613/431 705/614/431
f 702/611/429 705/614/431 703/612/429
f 704/613/431 706/615/433 707/616/433
f 704/613/431 707/616/433 705/614/431
f 706/615/433 708/617/435 709/618/435
f 706/615/433 709/618/435 707/616/433
f 708/617/435 710/619/437 711/620/437
f 708/617/435 711/620/437 709/618/435
f 710/619/437 712/621/69 713/622/69
f 710/619/437 713/622/69 711/620/437
f 712/621/69 714/619/440 715/620/440
f 712/621/69 715/620/440 713/622/69
f 714/619/440 716/617/442 717/618/442
f 714/619/440 717/618/442 715/620/440
f 716/617/442 718/615/444 719/616/444
f 716/617/442 719/616/444 717/618/442
f 718/615/444 720/623/446 721/624/446
f 718/615/444 721/624/446 719/616/444
f 720/623/446 722/611/448 723/612/448
f 720/623/446 723/612/448 721/624/446
f 722/611/448 724/608/450 725/609/450
f 722/611/448 725/609/450 723/612/448
f 724/608/450 726/607/452 727/610/452
f 724/608/450 727/610/452 725/609/450
f 726/607/452 728/625/49 729/626/49
f 726/607/452 729/626/49 727/610/452
f 728/625/49 698/607/427 701/610/427
f 728/625/49 701/610/427 729/626/49
f 730/627/454 731/628/455 732/629/456
f 730/627/454 732/629/456 733/630/457
f 731/628/455 734/631/458 735/632/459
f 731/628/455 735/632/459 732/629/456
f 734/631/458 736/633/460 737/634/461
f 734/631/458 737/634/461 735/632/459
f 736/633/460 738/635/462 739/636/463
f 736/633/460 739/636/463 737/634/461
f 738/635/462 740/637/464 741/638/465
f 738/635/462 741/638/465 739/636/463
f 740/637/464 742/639/466 743/640/467
f 740/637/464 743/640/467 741/638/465
f 742/639/466 744/641/468 745/642/468
f 742/639/466 745/642/468 743/640/467
f 744/641/468 746/639/469 747/640/470
f 744/641/468 747/640/470 745/642/468
f 746/639/469 748/637/471 749/638/472
f 746/639/469 749/638/472 747/640/470
f 748/637/471 750/635/473 751/643/474
f 748/637/471 751/643/474 749/638/472
f 750/635/473 752/644/475 753/634/476
f 750/635/473 753/634/476 751/643/474
f 752/644/475 754/631/477 755/632/478
f 752/644/475 755/632/478 753/634/476
f 754/631/477 756/628/479 757/629/480
f 754/631/477 757/629/480 755/632/478
f 756/628/479 758/627/481 759/630/482
f 756/628/479 759/630/482 757/629/480
f 758/627/481 760/645/483 761/646/483
f 758/627/481 761/646/483 759/630/482
f 760/645/483 730/627/454 733/630/457
f 760/645/483 733/630/457 761/646/483
f 762/647/484 763/648/485 764/628/485
f 762/647/484 764/628/485 765/627/484
f 766/649/486 767/650/487 768/630/488
f 766/649/486 768/630/488 769/629/489
f 763/648/485 770/651/490 771/631/490
f 763/648/485 771/631/490 764/628/485
f 772/652/491 766/649/486 769/629/489
f 772/652/491 769/629/489 773/632/492
f 770/651/490 774/653/493 775/633/493
f 770/651/490 775/633/493 771/631/490
f 776/654/494 772/652/491 773/632/492
f 776/654/494 773/632/492 777/634/495
f 774/653/493 778/655/496 779/635/496
f 774/653/493 779/635/496 775/633/493
f 780/656/497 776/654/494 777/634/495
f 780/656/497 777/634/495 781/636/498
f 778/655/496 782/657/499 783/637/499
f 778/655/496 783/637/499 779/635/496
f 784/658/500 780/656/497 781/636/498
f 784/658/500 781/636/498 785/638/501
f 782/657/499 786/659/502 787/639/502
f 782/657/499 787/639/502 783/637/499
f 788/660/503 784/658/500 785/638/501
f 788/660/503 785/638/501 789/640/504
f 786/659/502 790/661/505 791/641/505
f 786/659/502 791/641/505 787/639/502
f 792/662/506 788/660/503 789/640/504
f 792/662/506 789/640/504 793/642/506
f 790/661/505 794/663/507 795/639/507
f 790/661/505 795/639/507 791/641/505
f 796/660/508 792/662/506 793/642/506
f 796/660/508 793/642/506 797/640/509
f 794/663/507 798/664/510 799/637/510
f 794/663/507 799/637/510 795/639/507
f 800/658/511 796/660/508 797/640/509
f 800/658/511 797/640/509 801/638/512
f 798/664/510 802/665/513 803/635/513
f 798/664/510 803/635/513 799/637/510
f 804/656/514 800/658/511 801/638/512
f 804/656/514 801/638/512 805/643/515
f 802/665/513 806/666/516 807/644/516
f 802/665/513 807/644/516 803/635/513
f 808/654/517 804/656/514 805/643/515
f 808/654/517 805/643/515 809/634/518
f 806/666/516 810/651/519 811/631/519
f 806/666/516 811/631/519 807/644/516
f 812/667/520 808/654/517 809/634/518
f 812/667/520 809/634/518 813/632/521
f 810/651/519 814/648/522 815/628/522
f 810/651/519 815/628/522 811/631/519
f 816/649/523 812/667/520 813/632/521
f 816/649/523 813/632/521 817/629/524
f 814/648/522 818/647/525 819/627/525
f 814/648/522 819/627/525 815/628/522
f 820/650/526 816/649/523 817/629/524
f 820/650/526 817/629/524 821/630/526
f 818/647/525 822/668/527 823/645/527
f 818/647/525 823/645/527 819/627/525
f 824/669/528 820/650/526 821/630/526
f 824/669/528 821/630/526 825/646/528
f 822/668/527 762/647/484 765/627/484
f 822/668/527 765/627/484 823/645/527
f 767/650/487 824/669/528 825/646/528
f 767/650/487 825/646/528 768/630/488
f 826/670/529 827/671/530 828/608/530
f 826/670/529 828/608/530 829/607/529
f 830/648/531 831/647/532 832/610/532
f 830/648/531 832/610/532 833/609/533
f 827/671/530 834/672/534 835/611/534
f 827/671/530 835/611/534 828/608/530
f 836/651/535 830/648/531 833/609/533
f 836/651/535 833/609/533 837/612/535
f 834/672/534 838/673/536 839/613/536
f 834/672/534 839/613/536 835/611/534
f 840/653/537 836/651/535 837/612/535
f 840/653/537 837/612/535 841/614/537
f 838/673/536 842/674/538 843/615/538
f 838/673/536 843/615/538 839/613/536
f 844/655/539 840/653/537 841/614/537
f 844/655/539 841/614/537 845/616/539
f 842/674/538 846/675/540 847/617/540
f 842/674/538 847/617/540 843/615/538
f 848/657/541 844/655/539 845/616/539
f 848/657/541 845/616/539 849/618/541
f 846/675/540 850/676/542 851/619/542
f 846/675/540 851/619/542 847/617/540
f 852/659/543 848/657/541 849/618/541
f 852/659/543 849/618/541 853/620/543
f 850/676/542 854/677/544 855/621/544
f 850/676/542 855/621/544 851/619/542
f 856/661/545 852/659/543 853/620/543
f 856/661/545 853/620/543 857/622/545
f 854/677/544 858/678/546 859/619/546
f 854/677/544 859/619/546 855/621/544
f 860/663/547 856/661/545 857/622/545
f 860/663/547 857/622/545 861/620/547
f 858/678/546 862/679/548 863/617/548
f 858/678/546 863/617/548 859/619/546
f 864/664/549 860/663/547 861/620/547
f 864/664/549 861/620/547 865/618/550
f 862/679/548 866/680/551 867/615/551
f 862/679/548 867/615/551 863/617/548
f 868/665/552 864/664/549 865/618/550
f 868/665/552 865/618/550 869/616/552
f 866/680/551 870/681/553 871/623/553
f 866/680/551 871/623/553 867/615/551
f 872/666/554 868/665/552 869/616/552
f 872/666/554 869/616/552 873/624/554
f 870/681/553 874/672/555 875/611/555
f 870/681/553 875/611/555 871/623/553
f 876/651/556 872/666/554 873/624/554
f 876/651/556 873/624/554 877/612/556
f 874/672/555 878/671/557 879/608/557
f 874/672/555 879/608/557 875/611/555
f 880/648/558 876/651/556 877/612/556
f 880/648/558 877/612/556 881/609/559
f 878/671/557 882/670/560 883/607/560
f 878/671/557 883/607/560 879/608/557
f 884/647/561 880/648/558 881/609/559
f 884/647/561 881/609/559 885/610/561
f 882/670/560 886/682/562 887/625/562
f 882/670/560 887/625/562 883/607/560
f 888/668/563 884/647/561 885/610/561
f 888/668/563 885/610/561 889/626/563
f 886/682/562 826/670/529 829/607/529
f 886/682/562 829/607/529 887/625/562
f 831/647/532 888/668/563 889/626/563
f 831/647/532 889/626/563 832/610/532
f 890/683/529 891/684/530 892/588/530
f 890/683/529 892/588/530 893/587/529
f 894/671/531 895/670/532 896/590/532
f 894/671/531 896/590/532 897/589/533
f 891/684/530 898/685/534 899/591/534
f 891/684/530 899/591/534 892/588/530
f 900/672/535 894/671/531 897/589/533
f 900/672/535 897/589/533 901/592/535
f 898/685/534 902/686/536 903/593/536
f 898/685/534 903/593/536 899/591/534
f 904/673/537 900/672/535 901/592/535
f 904/673/537 901/592/535 905/594/537
f 902/686/536 906/687/538 907/595/538
f 902/686/536 907/595/538 903/593/536
f 908/674/539 904/673/537 905/594/537
f 908/674/539 905/594/537 909/596/539
f 906/687/538 910/688/540 911/597/540
f 906/687/538 911/597/540 907/595/538
f 912/675/541 908/674/539 909/596/539
f 912/675/541 909/596/539 913/598/564
f 910/688/540 914/689/542 915/599/542
f 910/688/540 915/599/542 911/597/540
f 916/676/543 912/675/541 913/598/564
f 916/676/543 913/598/564 917/600/543
f 914/689/542 918/690/544 919/601/544
f 914/689/542 919/601/544 915/599/542
f 920/677/545 916/676/543 917/600/543
f 920/677/545 917/600/543 921/602/545
f 918/690/544 922/691/546 923/599/546
f 918/690/544 923/599/546 919/601/544
f 924/678/547 920/677/545 921/602/545
f 924/678/547 921/602/545 925/600/547
f 922/691/546 926/692/548 927/597/548
f 922/691/546 927/597/548 923/599/546
f 928/679/549 924/678/547 925/600/547
f 928/679/549 925/600/547 929/598/550
f 926/692/548 930/693/551 931/595/551
f 926/692/548 931/595/551 927/597/548
f 932/680/552 928/679/549 929/598/550
f 932/680/552 929/598/550 933/596/552
f 930/693/551 934/694/553 935/603/553
f 930/693/551 935/603/553 931/595/551
f 936/681/554 932/680/552 933/596/552
f 936/681/554 933/596/552 937/604/554
f 934/694/553 938/685/555 939/591/555
f 934/694/553 939/591/555 935/603/553
f 940/672/556 936/681/554 937/604/554
f 940/672/556 937/604/554 941/592/556
f 938/685/555 942/684/557 943/588/557
f 938/685/555 943/588/557 939/591/555
f 944/671/558 940/672/556 941/592/556
f 944/671/558 941/592/556 945/589/558
f 942/684/557 946/683/560 947/587/560
f 942/684/557 947/587/560 943/588/557
f 948/670/561 944/671/558 945/589/558
f 948/670/561 945/589/558 949/590/561
f 946/683/560 950/695/562 951/605/562
f 946/683/560 951/605/562 947/587/560
f 952/682/563 948/670/561 949/590/561
f 952/682/563 949/590/561 953/606/563
f 950/695/562 890/683/529 893/587/529
f 950/695/562 893/587/529 951/605/562
f 895/670/532 952/682/563 953/606/563
f 895/670/532 953/606/563 896/590/532
f 954/696/529 955/697/530 956/568/530
f 954/696/529 956/568/530 957/567/529
f 958/684/531 959/683/532 960/570/532
f 958/684/531 960/570/532 961/569/531
f 955/697/530 962/698/534 963/571/534
f 955/697/530 963/571/534 956/568/530
f 964/685/535 958/684/531 961/569/531
f 964/685/535 961/569/531 965/572/535
f 962/698/534 966/699/536 967/573/536
f 962/698/534 967/573/536 963/571/534
f 968/686/537 964/685/535 965/572/535
f 968/686/537 965/572/535 969/574/537
f 966/699/536 970/700/538 971/575/538
f 966/699/536 971/575/538 967/573/536
f 972/687/539 968/686/537 969/574/537
f 972/687/539 969/574/537 973/576/539
f 970/700/538 974/701/540 975/577/540
f 970/700/538 975/577/540 971/575/538
f 976/688/541 972/687/539 973/576/539
f 976/688/541 973/576/539 977/578/541
f 974/701/540 978/702/542 979/579/542
f 974/701/540 979/579/542 975/577/540
f 980/689/543 976/688/541 977/578/541
f 980/689/543 977/578/541 981/580/543
f 978/702/542 982/703/544 983/581/544
f 978/702/542 983/581/544 979/579/542
f 984/690/545 980/689/543 981/580/543
f 984/690/545 981/580/543 985/582/545
f 982/703/544 986/704/546 987/579/546
f 982/703/544 987/579/546 983/581/544
f 988/691/547 984/690/545 985/582/545
f 988/691/547 985/582/545 989/580/547
f 986/704/546 990/705/548 991/577/548
f 986/704/546 991/577/548 987/579/546
f 992/692/549 988/691/547 989/580/547
f 992/692/549 989/580/547 993/578/549
f 990/705/548 994/706/551 995/575/551
f 990/705/548 995/575/551 991/577/548
f 996/693/552 992/692/549 993/578/549
f 996/693/552 993/578/549 997/576/552
f 994/706/551 998/707/553 999/583/553
f 994/706/551 999/583/553 995/575/551
f 1000/694/554 996/693/552 997/576/552
f 1000/694/554 997/576/552 1001/584/554
f 998/707/553 1002/708/555 1003/571/555
f 998/707/553 1003/571/555 999/583/553
f 1004/685/556 1000/694/554 1001/584/554
f 1004/685/556 1001/584/554 1005/572/556
f 1002/708/555 1006/697/557 1007/568/557
f 1002/708/555 1007/568/557 1003/571/555
f 1008/684/558 1004/685/556 1005/572/556
f 1008/684/558 1005/572/556 1009/569/558
f 1006/697/557 1010/696/560 1011/567/560
f 1006/697/557 1011/567/560 1007/568/557
f 1012/683/561 1008/684/558 1009/569/558
f 1012/683/561 1009/569/558 1013/570/561
f 1010/696/560 1014/709/562 1015/585/562
f 1010/696/560 1015/585/562 1011/567/560
f 1016/695/563 1012/683/561 1013/570/561
f 1016/695/563 1013/570/561 1017/586/563
f 1014/709/562 954/696/529 957/567/529
f 1014/709/562 957/567/529 1015/585/562
f 959/683/532 1016/695/563 1017/586/563
f 959/683/532 1017/586/563 960/570/532
f 1018/710/529 1019/711/530 1020/548/530
f 1018/710/529 1020/548/530 1021/547/529
f 1022/697/531 1023/696/532 1024/550/532
f 1022/697/531 1024/550/532 1025/549/531
f 1019/711/530 1026/712/534 1027/551/534
f 1019/711/530 1027/551/534 1020/548/530
f 1028/698/535 1022/697/531 1025/549/531
f 1028/698/535 1025/549/531 1029/552/535
f 1026/712/534 1030/713/536 1031/553/536
f 1026/712/534 1031/553/536 1027/551/534
f 1032/699/537 1028/698/535 1029/552/535
f 1032/699/537 1029/552/535 1033/554/537
f 1030/713/536 1034/714/538 1035/555/538
f 1030/713/536 1035/555/538 1031/553/536
f 1036/700/539 1032/699/537 1033/554/537
f 1036/700/539 1033/554/537 1037/556/539
f 1034/714/538 1038/715/540 1039/557/540
f 1034/714/538 1039/557/540 1035/555/538
f 1040/701/541 1036/700/539 1037/556/539
f 1040/701/541 1037/556/539 1041/558/541
f 1038/715/540 1042/716/542 1043/559/542
f 1038/715/540 1043/559/542 1039/557/540
f 1044/702/543 1040/701/541 1041/558/541
f 1044/702/543 1041/558/541 1045/560/543
f 1042/716/542 1046/717/544 1047/561/544
f 1042/716/542 1047/561/544 1043/559/542
f 1048/703/545 1044/702/543 1045/560/543
f 1048/703/545 1045/560/543 1049/562/545
f 1046/717/544 1050/718/546 1051/559/546
f 1046/717/544 1051/559/546 1047/561/544
f 1052/704/547 1048/703/545 1049/562/545
f 1052/704/547 1049/562/545 1053/560/547
f 1050/718/546 1054/719/548 1055/557/548
f 1050/718/546 1055/557/548 1051/559/546
f 1056/705/549 1052/704/547 1053/560/547
f 1056/705/549 1053/560/547 1057/558/549
f 1054/719/548 1058/720/551 1059/555/551
f 1054/719/548 1059/555/551 1055/557/548
f 1060/706/552 1056/705/549 1057/558/549
f 1060/706/552 1057/558/549 1061/556/552
f 1058/720/551 1062/721/553 1063/563/553
f 1058/720/551 1063/563/553 1059/555/551
f 1064/707/554 1060/706/552 1061/556/552
f 1064/707/554 1061/556/552 1065/564/554
f 1062/721/553 1066/722/555 1067/551/555
f 1062/721/553 1067/551/555 1063/563/553
f 1068/708/556 1064/707/554 1065/564/554
f 1068/708/556 1065/564/554 1069/552/556
f 1066/722/555 1070/711/557 1071/548/557
f 1066/722/555 1071/548/557 1067/551/555
f 1072/697/558 1068/708/556 1069/552/556
f 1072/697/558 1069/552/556 1073/549/558
f 1070/711/557 1074/710/560 1075/547/560
f 1070/711/557 1075/547/560 1071/548/557
f 1076/696/561 1072/697/558 1073/549/558
f 1076/696/561 1073/549/558 1077/550/561
f 1074/710/560 1078/723/562 1079/565/562
f 1074/710/560 1079/565/562 1075/547/560
f 1080/709/563 1076/696/561 1077/550/561
f 1080/709/563 1077/550/561 1081/566/563
f 1078/723/562 1018/710/529 1021/547/529
f 1078/723/562 1021/547/529 1079/565/562
f 1023/696/532 1080/709/563 1081/566/563
f 1023/696/532 1081/566/563 1024/550/532
f 1082/724/529 1083/725/530 1084/528/530
f 1082/724/529 1084/528/530 1085/527/529
f 1086/711/531 1087/710/532 1088/530/532
f 1086/711/531 1088/530/532 1089/529/531
f 1083/725/530 1090/726/534 1091/531/534
f 1083/725/530 1091/531/534 1084/528/530
f 1092/712/535 1086/711/531 1089/529/531
f 1092/712/535 1089/529/531 1093/532/535
f 1090/726/534 1094/727/536 1095/533/536
f 1090/726/534 1095/533/536 1091/531/534
f 1096/713/537 1092/712/535 1093/532/535
f 1096/713/537 1093/532/535 1097/534/537
f 1094/727/536 1098/728/538 1099/535/538
f 1094/727/536 1099/535/538 1095/533/536
f 1100/714/539 1096/713/537 1097/534/537
f 1100/714/539 1097/534/537 1101/536/539
f 1098/728/538 1102/729/540 1103/537/540
f 1098/728/538 1103/537/540 1099/535/538
f 1104/715/541 1100/714/539 1101/536/539
f 1104/715/541 1101/536/539 1105/538/541
f 1102/729/540 1106/730/542 1107/539/542
f 1102/729/540 1107/539/542 1103/537/540
f 1108/716/543 1104/715/541 1105/538/541
f 1108/716/543 1105/538/541 1109/540/543
f 1106/730/542 1110/731/544 1111/541/544
f 1106/730/542 1111/541/544 1107/539/542
f 1112/717/545 1108/716/543 1109/540/543
f 1112/717/545 1109/540/543 1113/542/545
f 1110/731/544 1114/732/546 1115/539/546
f 1110/731/544 1115/539/546 1111/541/544
f 1116/718/547 1112/717/545 1113/542/545
f 1116/718/547 1113/542/545 1117/540/547
f 1114/732/546 1118/733/548 1119/537/548
f 1114/732/546 1119/537/548 1115/539/546
f 1120/719/549 1116/718/547 1117/540/547
f 1120/719/549 1117/540/547 1121/538/549
f 1118/733/548 1122/734/551 1123/535/551
f 1118/733/548 1123/535/551 1119/537/548
f 1124/720/552 1120/719/549 1121/538/549
f 1124/720/552 1121/538/549 1125/536/552
f 1122/734/551 1126/735/553 1127/543/553
f 1122/734/551 1127/543/553 1123/535/551
f 1128/721/554 1124/720/552 1125/536/552
f 1128/721/554 1125/536/552 1129/544/554
f 1126/735/553 1130/736/555 1131/531/555
f 1126/735/553 1131/531/555 1127/543/553
f 1132/722/556 1128/721/554 1129/544/554
f 1132/722/556 1129/544/554 1133/532/556
f 1130/736/555 1134/725/557 1135/528/557
f 1130/736/555 1135/528/557 1131/531/555
f 1136/711/558 1132/722/556 1133/532/556
f 1136/711/558 1133/532/556 1137/529/558
f 1134/725/557 1138/724/560 1139/527/560
f 1134/725/557 1139/527/560 1135/528/557
f 1140/710/561 1136/711/558 1137/529/558
f 1140/710/561 1137/529/558 1141/530/561
f 1138/724/560 1142/737/562 1143/545/562
f 1138/724/560 1143/545/562 1139/527/560
f 1144/723/563 1140/710/561 1141/530/561
f 1144/723/563 1141/530/561 1145/546/563
f 1142/737/562 1082/724/529 1085/527/529
f 1142/737/562 1085/527/529 1143/545/562
f 1087/710/532 1144/723/563 1145/546/563
f 1087/710/532 1145/546/563 1088/530/532
f 1146/738/529 1147/739/530 1148/508/530
f 1146/738/529 1148/508/530 1149/507/529
f 1150/725/531 1151/724/532 1152/510/532
f 1150/725/531 1152/510/532 1153/509/531
f 1147/739/530 1154/740/534 1155/511/534
f 1147/739/530 1155/511/534 1148/508/530
f 1156/726/535 1150/725/531 1153/509/531
f 1156/726/535 1153/509/531 1157/512/535
f 1154/740/534 1158/741/536 1159/513/536
f 1154/740/534 1159/513/536 1155/511/534
f 1160/727/537 1156/726/535 1157/512/535
f 1160/727/537 1157/512/535 1161/514/537
f 1158/741/536 1162/742/538 1163/515/538
f 1158/741/536 1163/515/538 1159/513/536
f 1164/728/539 1160/727/537 1161/514/537
f 1164/728/539 1161/514/537 1165/516/539
f 1162/742/538 1166/743/540 1167/517/540
f 1162/742/538 1167/517/540 1163/515/538
f 1168/729/541 1164/728/539 1165/516/539
f 1168/729/541 1165/516/539 1169/518/541
f 1166/743/540 1170/744/542 1171/519/542
f 1166/743/540 1171/519/542 1167/517/540
f 1172/730/543 1168/729/541 1169/518/541
f 1172/730/543 1169/518/541 1173/520/543
f 1170/744/542 1174/745/544 1175/521/544
f 1170/744/542 1175/521/544 1171/519/542
f 1176/731/545 1172/730/543 1173/520/543
f 1176/731/545 1173/520/543 1177/522/545
f 1174/745/544 1178/746/546 1179/519/546
f 1174/745/544 1179/519/546 1175/521/544
f 1180/732/547 1176/731/545 1177/522/545
f 1180/732/547 1177/522/545 1181/520/547
f 1178/746/546 1182/747/548 1183/517/548
f 1178/746/546 1183/517/548 1179/519/546
f 1184/733/549 1180/732/547 1181/520/547
f 1184/733/549 1181/520/547 1185/518/549
f 1182/747/548 1186/748/551 1187/515/551
f 1182/747/548 1187/515/551 1183/517/548
f 1188/734/552 1184/733/549 1185/518/549
f 1188/734/552 1185/518/549 1189/516/552
f 1186/748/551 1190/749/553 1191/523/553
f 1186/748/551 1191/523/553 1187/515/551
f 1192/735/554 1188/734/552 1189/516/552
f 1192/735/554 1189/516/552 1193/524/554
f 1190/749/553 1194/750/555 1195/511/555
f 1190/749/553 1195/511/555 1191/523/553
f 1196/736/556 1192/735/554 1193/524/554
f 1196/736/556 1193/524/554 1197/512/556
f 1194/750/555 1198/739/557 1199/508/557
f 1194/750/555 1199/508/557 1195/511/555
f 1200/725/558 1196/736/556 1197/512/556
f 1200/725/558 1197/512/556 1201/509/558
f 1198/739/557 1202/738/560 1203/507/560
f 1198/739/557 1203/507/560 1199/508/557
f 1204/724/561 1200/725/558 1201/509/558
f 1204/724/561 1201/509/558 1205/510/561
f 1202/738/560 1206/751/562 1207/525/562
f 1202/738/560 1207/525/562 1203/507/560
f 1208/737/563 1204/724/561 1205/510/561
f 1208/737/563 1205/510/561 1209/526/563
f 1206/751/562 1146/738/529 1149/507/529
f 1206/751/562 1149/507/529 1207/525/562
f 1151/724/532 1208/737/563 1209/526/563
f 1151/724/532 1209/526/563 1152/510/532
f 1210/752/529 1211/753/530 1212/488/530
f 1210/752/529 1212/488/530 1213/487/529
f 1214/739/531 1215/738/532 1216/490/532
f 1214/739/531 1216/490/532 1217/489/531
f 1211/753/530 1218/754/534 1219/491/534
f 1211/753/530 1219/491/534 1212/488/530
f 1220/740/535 1214/739/531 1217/489/531
f 1220/740/535 1217/489/531 1221/492/535
f 1218/754/534 1222/755/536 1223/493/536
f 1218/754/534 1223/493/536 1219/491/534
f 1224/741/537 1220/740/535 1221/492/535
f 1224/741/537 1221/492/535 1225/494/537
f 1222/755/536 1226/756/538 1227/495/538
f 1222/755/536 1227/495/538 1223/493/536
f 1228/742/539 1224/741/537 1225/494/537
f 1228/742/539 1225/494/537 1229/496/539
f 1226/756/538 1230/757/540 1231/497/540
f 1226/756/538 1231/497/540 1227/495/538
f 1232/743/541 1228/742/539 1229/496/539
f 1232/743/541 1229/496/539 1233/498/541
f 1230/757/540 1234/758/542 1235/499/542
f 1230/757/540 1235/499/542 1231/497/540
f 1236/744/543 1232/743/541 1233/498/541
f 1236/744/543 1233/498/541 1237/500/543
f 1234/758/542 1238/759/544 1239/501/544
f 1234/758/542 1239/501/544 1235/499/542
f 1240/745/545 1236/744/543 1237/500/543
f 1240/745/545 1237/500/543 1241/502/545
f 1238/759/544 1242/760/546 1243/499/546
f 1238/759/544 1243/499/546 1239/501/544
f 1244/746/547 1240/745/545 1241/502/545
f 1244/746/547 1241/502/545 1245/500/547
f 1242/760/546 1246/761/548 1247/497/548
f 1242/760/546 1247/497/548 1243/499/546
f 1248/747/549 1244/746/547 1245/500/547
f 1248/747/549 1245/500/547 1249/498/549
f 1246/761/548 1250/762/551 1251/495/551
f 1246/761/548 1251/495/551 1247/497/548
f 1252/748/552 1248/747/549 1249/498/549
f 1252/748/552 1249/498/549 1253/496/552
f 1250/762/551 1254/763/553 1255/503/553
f 1250/762/551 1255/503/553 1251/495/551
f 1256/749/554 1252/748/552 1253/496/552
f 1256/749/554 1253/496/552 1257/504/554
f 1254/763/553 1258/764/555 1259/491/555
f 1254/763/553 1259/491/555 1255/503/553
f 1260/750/556 1256/749/554 1257/504/554
f 1260/750/556 1257/504/554 1261/492/556
f 1258/764/555 1262/765/557 1263/488/557
f 1258/764/555 1263/488/557 1259/491/555
f 1264/739/558 1260/750/556 1261/492/556
f 1264/739/558 1261/492/556 1265/489/558
f 1262/765/557 1266/752/560 1267/487/560
f 1262/765/557 1267/487/560 1263/488/557
f 1268/738/561 1264/739/558 1265/489/558
f 1268/738/561 1265/489/558 1269/490/561
f 1266/752/560 1270/766/562 1271/505/562
f 1266/752/560 1271/505/562 1267/487/560
f 1272/751/563 1268/738/561 1269/490/561
f 1272/751/563 1269/490/561 1273/506/563
f 1270/766/562 1210/752/529 1213/487/529
f 1270/766/562 1213/487/529 1271/505/562
f 1215/738/532 1272/751/563 1273/506/563
f 1215/738/532 1273/506/563 1216/490/532
f 1274/767/565 1275/768/566 475/469/425
f 1274/767/565 475/469/425 474/468/424
f 1276/753/531 1277/752/532 1278/471/532
f 1276/753/531 1278/471/532 1279/470/533
f 1275/768/566 1280/769/567 478/472/428
f 1275/768/566 478/472/428 475/469/425
f 1281/754/535 1276/753/531 1279/470/533
f 1281/754/535 1279/470/533 1282/473/535
f 1280/769/567 1283/770/568 480/474/430
f 1280/769/567 480/474/430 478/472/428
f 1284/755/537 1281/754/535 1282/473/535
f 1284/755/537 1282/473/535 1285/475/537
f 1283/770/568 1286/771/569 482/476/432
f 1283/770/568 482/476/432 480/474/430
f 1287/756/539 1284/755/537 1285/475/537
f 1287/756/539 1285/475/537 1288/477/539
f 1286/771/569 1289/772/570 484/478/434
f 1286/771/569 484/478/434 482/476/432
f 1290/757/541 1287/756/539 1288/477/539
f 1290/757/541 1288/477/539 1291/479/564
f 1289/772/570 1292/773/571 486/480/436
f 1289/772/570 486/480/436 484/478/434
f 1293/758/543 1290/757/541 1291/479/564
f 1293/758/543 1291/479/564 1294/481/543
f 1292/773/571 1295/774/572 488/482/438
f 1292/773/571 488/482/438 486/480/436
f 1296/759/545 1293/758/543 1294/481/543
f 1296/759/545 1294/481/543 1297/483/545
f 1295/774/572 1298/775/573 490/480/439
f 1295/774/572 490/480/439 488/482/438
f 1299/760/547 1296/759/545 1297/483/545
f 1299/760/547 1297/483/545 1300/481/547
f 1298/775/573 1301/776/574 492/478/441
f 1298/775/573 492/478/441 490/480/439
f 1302/761/549 1299/760/547 1300/481/547
f 1302/761/549 1300/481/547 1303/479/550
f 1301/776/574 1304/777/575 494/476/443
f 1301/776/574 494/476/443 492/478/441
f 1305/762/552 1302/761/549 1303/479/550
f 1305/762/552 1303/479/550 1306/477/552
f 1304/777/575 1307/770/576 496/474/445
f 1304/777/575 496/474/445 494/476/443
f 1308/763/554 1305/762/552 1306/477/552
f 1308/763/554 1306/477/552 1309/484/554
f 1307/770/576 1310/769/577 498/472/447
f 1307/770/576 498/472/447 496/474/445
f 1311/764/556 1308/763/554 1309/484/554
f 1311/764/556 1309/484/554 1312/473/556
f 1310/769/577 1313/778/578 500/469/449
f 1310/769/577 500/469/449 498/472/447
f 1314/765/558 1311/764/556 1312/473/556
f 1314/765/558 1312/473/556 1315/470/559
f 1313/778/578 1316/767/579 502/468/451
f 1313/778/578 502/468/451 500/469/449
f 1317/752/561 1314/765/558 1315/470/559
f 1317/752/561 1315/470/559 1318/471/561
f 1316/767/579 1319/779/580 504/485/453
f 1316/767/579 504/485/453 502/468/451
f 1320/766/563 1317/752/561 1318/471/561
f 1320/766/563 1318/471/561 1321/486/563
f 1319/779/580 1274/767/565 474/468/424
f 1319/779/580 474/468/424 504/485/453
f 1277/752/532 1320/766/563 1321/486/563
f 1277/752/532 1321/486/563 1278/471/532
f 1275/768/566 1274/767/565 2/2/2
f 1275/768/566 2/2/2 1/1/1
f 1280/769/567 1275/768/566 1/1/1
f 1280/769/567 1/1/1 4/4/4
f 1283/770/568 1280/769/567 4/4/4
f 1283/770/568 4/4/4 5/5/5
f 1286/771/569 1283/770/568 5/5/5
f 1286/771/569 5/5/5 6/6/6
f 1289/772/570 1286/771/569 6/6/6
f 1289/772/570 6/6/6 7/7/7
f 1292/773/571 1289/772/570 7/7/7
f 1292/773/571 7/7/7 8/8/8
f 1295/774/572 1292/773/571 8/8/8
f 1295/774/572 8/8/8 9/9/9
f 1298/775/573 1295/774/572 9/9/9
f 1298/775/573 9/9/9 10/8/10
f 1301/776/574 1298/775/573 10/8/10
f 1301/776/574 10/8/10 11/10/11
f 1304/777/575 1301/776/574 11/10/11
f 1304/777/575 11/10/11 12/6/12
f 1307/770/576 1304/777/575 12/6/12
f 1307/770/576 12/6/12 13/5/13
f 1310/769/577 1307/770/576 13/5/13
f 1310/769/577 13/5/13 14/4/14
f 1313/778/578 1310/769/577 14/4/14
f 1313/778/578 14/4/14 15/1/15
f 1316/767/579 1313/778/578 15/1/15
f 1316/767/579 15/1/15 16/2/16
f 1319/779/580 1316/767/579 16/2/16
f 1319/779/580 16/2/16 17/11/17
f 1274/767/565 1319/779/580 17/11/17
f 1274/767/565 17/11/17 2/2/2
f 1322/780/581 1323/12/581 1324/14/582
f 1322/780/581 1324/14/582 1325/781/582
f 1326/782/583 1327/783/584 1328/784/585
f 1326/782/583 1328/784/585 1329/785/586
f 1330/786/19 1331/787/587 1332/788/588
f 1330/786/19 1332/788/588 1333/789/589
f 1331/787/587 1334/790/590 1335/791/591
f 1331/787/587 1335/791/591 1332/788/588
f 1333/789/589 1336/792/592 1337/793/593
f 1333/789/589 1337/793/593 20/14/20
f 1338/794/594 1335/791/591 1339/795/595
f 1338/794/594 1339/795/595 1340/796/596
f 1335/791/591 1334/790/590 1341/797/597
f 1335/791/591 1341/797/597 1339/795/595
f 1342/798/598 1323/12/581 1322/780/581
f 1342/798/598 1322/780/581 1343/799/599
f 1327/783/584 1326/782/583 1342/798/598
f 1327/783/584 1342/798/598 1343/799/599
f 1336/792/592 1333/789/589 1332/788/588
f 1336/792/592 1332/788/588 1344/800/600
f 1332/788/588 1335/791/591 1338/794/594
f 1332/788/588 1338/794/594 1344/800/600
f 1345/781/601 1346/14/601 1347/793/602
s 0
f 1345/781/603 1347/793/603 1348/801/603
s 1
f 1349/802/604 1350/803/605 1351/16/605
f 1349/802/604 1351/16/605 1352/25/604
f 1353/804/606 1354/805/607 1355/806/608
f 1353/804/606 1355/806/608 1356/807/584
f 1357/808/609 21/15/21 23/17/23
f 1357/808/609 23/17/23 1358/809/610
f 1359/810/611 1357/808/609 1358/809/610
f 1359/810/611 1358/809/610 1360/811/612
f 23/17/23 22/16/22 1361/812/613
f 23/17/23 1361/812/613 1362/813/614
f 1363/814/615 1364/815/616 1365/816/617
f 1363/814/615 1365/816/617 1360/811/612
f 1360/811/612 1365/816/617 1366/817/618
f 1360/811/612 1366/817/618 1359/810/611
f 1367/818/619 1368/819/620 1349/802/604
f 1367/818/619 1349/802/604 1352/25/604
f 1356/807/584 1368/819/620 1367/818/619
f 1356/807/584 1367/818/619 1353/804/606
f 1362/813/614 1369/820/621 1358/809/610
f 1362/813/614 1358/809/610 23/17/23
f 1358/809/610 1369/820/621 1363/814/615
f 1358/809/610 1363/814/615 1360/811/612
s 0
f 1370/803/622 1371/821/622 1372/812/623
f 1370/803/624 1372/812/624 1373/16/624
s 1
f 1374/822/625 1375/823/626 1376/19/627
f 1374/822/625 1376/19/627 1377/24/625
f 1378/824/628 1379/825/629 1380/826/630
f 1378/824/628 1380/826/630 1381/827/631
f 1382/828/632 24/18/24 26/20/26
f 1382/828/632 26/20/26 1383/829/633
f 1384/830/634 1382/828/632 1383/829/633
f 1384/830/634 1383/829/633 1385/831/635
f 26/20/26 25/19/25 1337/793/593
f 26/20/26 1337/793/593 1336/792/592
f 1338/794/594 1340/796/596 1386/832/636
f 1338/794/594 1386/832/636 1385/831/635
f 1385/831/635 1386/832/636 1387/833/637
f 1385/831/635 1387/833/637 1384/830/634
f 1388/834/638 1389/835/639 1374/822/625
f 1388/834/638 1374/822/625 1377/24/625
f 1381/827/631 1389/835/639 1388/834/638
f 1381/827/631 1388/834/638 1378/824/628
f 1336/792/592 1344/800/600 1383/829/633
f 1336/792/592 1383/829/633 26/20/26
f 1383/829/633 1344/800/600 1338/794/594
f 1383/829/633 1338/794/594 1385/831/635
s 0
f 1390/823/640 1391/801/640 1392/793/640
f 1390/823/641 1392/793/641 1393/19/641
s 1
f 1394/836/642 1395/21/642 1396/23/643
f 1394/836/642 1396/23/643 1397/837/644
f 1398/838/645 1399/839/631 1400/840/646
f 1398/838/645 1400/840/646 1401/841/647
f 28/22/28 1402/842/648 1403/843/649
f 28/22/28 1403/843/649 32/26/31
f 1402/842/648 1404/844/650 1405/845/651
f 1402/842/648 1405/845/651 1403/843/649
f 32/26/31 1362/813/614 1361/812/613
f 32/26/31 1361/812/613 29/23/29
f 1363/814/615 1405/845/651 1406/846/652
f 1363/814/615 1406/846/652 1364/815/616
f 1405/845/651 1404/844/650 1407/847/653
f 1405/845/651 1407/847/653 1406/846/652
f 1408/848/654 1395/21/642 1394/836/642
f 1408/848/654 1394/836/642 1409/849/655
f 1399/839/631 1398/838/645 1408/848/654
f 1399/839/631 1408/848/654 1409/849/655
f 1362/813/614 32/26/31 1403/843/649
f 1362/813/614 1403/843/649 1369/820/621
f 1403/843/649 1405/845/651 1363/814/615
f 1403/843/649 1363/814/615 1369/820/621
s 0
f 1410/837/656 1411/23/656 1412/812/656
f 1410/837/657 1412/812/657 1413/821/657
s 1
f 1359/810/611 1366/817/618 1414/805/658
f 1359/810/611 1414/805/658 1415/804/659
f 1416/818/660 1357/808/609 1359/810/611
f 1416/818/660 1359/810/611 1415/804/659
f 31/25/21 21/15/21 1357/808/609
f 31/25/21 1357/808/609 1416/818/660
f 27/21/27 1417/848/661 1402/842/648
f 27/21/27 1402/842/648 28/22/28
f 1417/848/661 1418/838/662 1404/844/650
f 1417/848/661 1404/844/650 1402/842/648
f 1407/847/653 1404/844/650 1418/838/662
f 1407/847/653 1418/838/662 1419/841/663
f 1420/798/664 1421/782/665 1334/790/590
f 1420/798/664 1334/790/590 1331/787/587
f 1341/797/597 1334/790/590 1421/782/665
f 1341/797/597 1421/782/665 1422/785/666
f 1384/830/634 1387/833/637 1423/825/667
f 1384/830/634 1423/825/667 1424/824/668
f 1425/834/669 1382/828/632 1384/830/634
f 1425/834/669 1384/830/634 1424/824/668
f 30/24/30 24/18/24 1382/828/632
f 30/24/30 1382/828/632 1425/834/669
f 20/14/20 19/13/19 1330/786/19
f 20/14/20 1330/786/19 1333/789/589
f 1420/798/664 19/13/19 18/12/18
f 19/13/19 1420/798/664 1331/787/587
f 19/13/19 1331/787/587 1330/786/19
