# Made in Blockbench 4.12.6
mtllib katana.mtl

o obj1
v 0.058747256250000005 0.019913984374999985 -0.72140515625
v 0.06790134687499999 -0.05542250000000001 0.010692146875000001
v 0.05156729999999998 -0.06203781562500001 0.010692150000000001
v 0.053926578124999985 -0.064980409375 0.010692150000000001
v 0.08916113437499999 -0.01540264687500002 0.01069214375
v 0.08432624062499999 -0.02917700000000002 0.009089721875
v 0.084147365625 -0.02917700000000002 0.01069214375
v -0.03259760937499999 0.07003417812500001 0.010692171875
v -0.014441787499999985 0.070938071875 0.010692165625
v -0.015271509374999983 0.07441432187500001 0.010692165625
v 0.079370153125 -0.04377615312500002 0.01069214375
v 0.06489857499999999 -0.05292005312500001 0.010692150000000001
v -0.04854359999999999 0.06282473750000002 0.010692175000000002
v -0.030970034374999983 0.066759640625 0.010692171875
v 0.0880766 -0.03053337187500002 0.01069214375
v 0.07583926249999999 -0.041809987500000007 0.01069214375
v -0.083666875 -0.015402659374999982 0.010692184375
v -0.089612803125 -0.00107780624999998 0.010692184375
v -0.0878381625 -0.01609413124999998 0.010692184375
v -0.06251836562499999 0.053266806250000014 0.010692178125
v -0.04618432187499999 0.05988214687500001 0.010692171875
v 0.093332421875 -0.01609411562500002 0.010692140624999999
v 0.084147365625 -0.02917700000000002 0.01069214375
v -0.07865309375000001 -0.02917702187499998 0.010692184375
v -0.08258233125 -0.030533390624999983 0.010692184375
v -0.07398717499999999 0.041620459375000016 0.01069218125
v -0.05951555624999999 0.05076435937500001 0.010692178125
v 0.095107071875 -0.001077790625000021 0.010692140624999999
v 0.08916113437499999 -0.01540264687500002 0.01069214375
v -0.07045617812500002 -0.04180998749999998 0.01069218125
v -0.07398706250000002 -0.04377615312499999 0.01069218125
v -0.08258240624999999 0.02837765625000002 0.010692184375
v -0.07045629062499999 0.039654293750000014 0.01069218125
v 0.08916113437499999 0.013247062499999981 0.01069214375
v 0.093332390625 0.01393853437499998 0.010692140624999999
v -0.05951548437500001 -0.052920053124999984 0.010692178125
v -0.06251825937500001 -0.055422499999999986 0.010692178125
v -0.0878381625 0.013938393750000019 0.010692184375
v -0.0786531375 0.027021284375000017 0.010692184375
v 0.08414733125000001 0.027021415624999982 0.01069214375
v 0.088076565625 0.028377784374999982 0.01069214375
v -0.04618421562500001 -0.06203781562499999 0.010692171875
v -0.04854345625000001 -0.06498040937499998 0.010692175000000002
v -0.08366690624999999 0.013246931250000019 0.010692184375
v 0.07583923125000001 0.03965440312499998 0.01069214375
v 0.07937011875000001 0.041620565624999974 0.01069214375
v -0.030969962500000017 -0.06891526875 0.010692171875
v -0.032597465625000016 -0.07218985312499998 0.010692171875
v 0.06489850000000001 0.05076444687499999 0.010692150000000001
v 0.06790127500000001 0.053266912499999985 0.010692146875000001
v -0.014441684375000015 -0.073093696875 0.010692165625
v -0.015271400000000017 -0.07656995312499999 0.010692165625
v 0.05156722812500002 0.05988223437499998 0.010692150000000001
v 0.05392650625000002 0.06282480312499998 0.010692150000000001
v 0.002747128124999983 -0.074504571875 0.010692162500000001
v 0.0027471281249999823 -0.078048921875 0.010692162500000001
v 0.036464125000000014 0.06675970937499999 0.010692153125
v 0.03809166250000001 0.07003426562499998 0.010692153125
v 0.020765656249999983 -0.07656995312499999 0.01069215625
v 0.01993585625000002 0.070938090625 0.010692159375
v 0.02076556875000002 0.074414346875 0.01069215625
v 0.03809173124999998 -0.07218985312500001 0.010692153125
v 0.019935937499999983 -0.073093696875 0.010692159375
v 0.002747028125000016 0.072348946875 0.010692162500000001
v 0.0027470281250000167 0.075893315625 0.010692162500000001
v 0.03646419062499999 -0.06891529375000001 0.010692153125
v -0.07847422812499999 -0.02917702187499998 0.00454580625
v -0.083666875 -0.015402659374999982 0.010692184375
v -0.07865309375000001 -0.02917702187499998 0.010692184375
v -0.07024917499999998 0.039654293750000014 0.005306762499999999
v -0.05951555624999999 0.05076435937500001 0.010692178125
v -0.07045629062499999 0.039654293750000014 0.01069218125
v 0.09085409062500001 -0.0010777906250000202 0.01069214375
v 0.08934004375 -0.01540264687500002 0.0092296625
v -0.07024906562500001 -0.04180998749999998 0.00530675625
v -0.07045617812500002 -0.04180998749999998 0.01069218125
v -0.0786531375 0.027021284375000017 0.010692184375
v 0.089340009375 0.013247062499999981 0.009229665625000001
v 0.08916113437499999 0.013247062499999981 0.01069214375
v -0.05951548437500001 -0.052920053124999984 0.010692178125
v -0.08366690624999999 0.013246931250000019 0.010692184375
v -0.07847426249999999 0.027021284375000017 0.004545809375
v 0.08432620625 0.027021415624999982 0.009089728125
v 0.08414733125000001 0.027021415624999982 0.01069214375
v -0.04618421562500001 -0.06203781562499999 0.010692171875
v -0.059308371875000016 -0.052920053124999984 0.005612121875
v -0.08535982812500001 -0.001077809374999981 0.010692184375
v -0.08348803437499999 0.013246931250000019 0.00440586875
v 0.07604638125000002 0.03965440312499998 0.009390012500000001
v 0.07583923125000001 0.03965440312499998 0.01069214375
v -0.030969962500000017 -0.06891526875 0.010692171875
v -0.04597706250000001 -0.06203781562499999 0.005984209375
v 0.06510565312500001 0.05076444687499999 0.009084646875
v 0.06489850000000001 0.05076444687499999 0.010692150000000001
v -0.014441684375000015 -0.073093696875 0.010692165625
v -0.030791053125000013 -0.06891526875 0.005876684375000001
v 0.051774378125000006 0.05988223437499998 0.0087125625
v 0.05156722812500002 0.05988223437499998 0.010692150000000001
v 0.002747128124999983 -0.074504571875 0.010692162500000001
v -0.014262793750000015 -0.073093696875 0.006338
v 0.036464125000000014 0.06675970937499999 0.010692153125
v 0.019935937499999983 -0.073093696875 0.010692159375
v 0.0029260218749999835 -0.074504571875 0.00681775625
v 0.020114753125000016 0.070938090625 0.007297528124999999
v 0.01993585625000002 0.070938090625 0.010692159375
v 0.03646419062499999 -0.06891529375000001 0.010692153125
v 0.02011483437499998 -0.073093696875 0.0072975125000000005
v 0.0029259250000000163 0.072348946875 0.006817771875
v 0.002747028125000016 0.072348946875 0.010692162500000001
v 0.051774449999999986 -0.06203781562500001 0.00871255
v 0.05156729999999998 -0.06203781562500001 0.010692150000000001
v -0.014262899999999985 0.070938071875 0.0063380125
v -0.014441787499999985 0.070938071875 0.010692165625
v 0.06489857499999999 -0.05292005312500001 0.010692150000000001
v -0.030791159374999984 0.066759640625 0.00587669375
v -0.030970034374999983 0.066759640625 0.010692171875
v 0.07583926249999999 -0.041809987500000007 0.01069214375
v 0.06510568749999998 -0.05292005312500001 0.009084640625
v -0.045977206249999986 0.05988214687500001 0.00598421875
v -0.04618432187499999 0.05988214687500001 0.010692171875
v 0.07604641562499999 -0.041809987500000007 0.009390006250000001
v -0.083488 -0.015402659374999982 0.004405865625
v -0.05930844374999999 0.05076435937500001 0.00561213125
v -0.07317011250000001 -0.04377615312499999 -0.0038050125
v -0.05906885625000002 -0.05322869999999999 -0.0038050156250000002
v -0.06170127187500001 -0.055422499999999986 -0.0038050156250000002
v 0.06587332187500002 0.051073093749999986 0.001388690625
v 0.05267519687500001 0.060245174999999984 -0.00380504375
v 0.06608588750000001 0.051073093749999986 -0.00380504375
v -0.07843213437499999 0.02718859062500002 -0.0038050093749999996
v -0.08713256250000001 0.01393840000000002 -0.0038050093749999996
v -0.08187677500000001 0.02837765625000002 -0.0038050093749999996
v 0.09403802187499999 0.01393853437499998 -0.003805053125
v 0.085337559375 0.027188721874999985 -0.00380505
v 0.08878219999999999 0.028377784374999982 -0.00380505
v -0.04565820312500001 -0.062400756249999995 -0.0038050187500000003
v -0.047726468750000015 -0.06498040937499998 -0.0038050187500000003
v -0.083475784375 0.01333221562500002 -0.0038050093749999996
v -0.0889072125 -0.0010778031249999802 -0.0038050093749999996
v 0.07709170937500001 0.03989691562499999 -0.00380505
v 0.0801871125 0.041620565624999974 -0.00380505
v -0.030465065625000017 -0.06931917812499999 -0.003805021875
v -0.031891865625000015 -0.07218985312499998 -0.003805021875
v 0.06871826562500001 0.053266912499999985 -0.003805046875
v -0.013838400000000015 -0.07352245 -0.003805025
v -0.014565775000000019 -0.07656995312499999 -0.003805025
v 0.054743500000000014 0.06282480312499998 -0.00380504375
v 0.0034527531249999833 -0.07494173125 -0.0038050312500000003
v 0.0034527531249999824 -0.078048921875 -0.0038050312500000003
v 0.03737048437500001 0.06716357187499998 -0.0038050375
v 0.038797300000000014 0.07003426562499998 -0.0038050375
v 0.021471278124999982 -0.07656995312499999 -0.0038050375
v 0.020743812500000017 0.07136684374999999 -0.0038050343750000003
v 0.021471190625000015 0.074414346875 -0.0038050375
v 0.020743899999999985 -0.07352245 -0.0038050343750000003
v 0.038797368749999984 -0.07218985312500001 -0.0038050375
v 0.003452656250000016 0.072786103125 -0.0038050312500000003
v 0.003452653125000017 0.075893315625 -0.0038050312500000003
v 0.03737055937499999 -0.069319178125 -0.0038050375
v 0.054743568749999985 -0.064980409375 -0.00380504375
v -0.014565887499999982 0.07441432187500001 -0.003805025
v 0.05267526874999999 -0.062400756250000015 -0.00380504375
v 0.06871833749999999 -0.05542250000000001 -0.003805046875
v -0.013838506249999985 0.071366821875 -0.003805025
v -0.03189197187499999 0.07003417812500001 -0.003805021875
v 0.06608592187499998 -0.05322870000000002 -0.00380504375
v 0.08018714374999998 -0.04377615312500002 -0.00380505
v -0.030465171874999985 0.067163525 -0.003805021875
v -0.047726574999999986 0.06282473750000002 -0.0038050187500000003
v 0.07709178437499999 -0.042052478125000015 -0.00380505
v 0.088782234375 -0.03053337187500002 -0.00380505
v -0.08347574999999999 -0.015487943749999981 -0.0038050093749999996
v -0.08713251875 -0.01609413124999998 -0.0038050093749999996
v -0.04565830937499999 0.06024508750000001 -0.0038050187500000003
v -0.061701378124999984 0.053266806250000014 -0.0038050156250000002
v 0.08533759375 -0.029344306250000018 -0.00380505
v 0.09403802187499999 -0.01609411250000002 -0.003805053125
v -0.0784321 -0.029344306249999983 -0.0038050093749999996
v -0.08187673125 -0.030533371874999982 -0.0038050093749999996
v -0.05906896249999999 0.05107300625000001 -0.0038050156250000002
v -0.07317018124999998 0.041620459375000016 -0.0038050125
v 0.09038125 -0.01548793125000002 -0.00380505
v 0.09581270625 -0.0010777875000000212 -0.003805053125
v -0.07007467500000002 -0.04205247812499999 -0.0038050156250000002
v -0.07007478437499999 0.039896806250000014 -0.0038050156250000002
v 0.090381209375 0.013332353124999979 -0.00380505
v 0.0032691562499999834 -0.07494173125 0.00016190625
v 0.05246263750000001 0.060245174999999984 0.0010143875
v 0.02056030937499998 -0.07352245 0.00064451875
v 0.03718689375000001 0.06716357187499998 0.0011085968749999999
v 0.037186968749999987 -0.069319178125 0.0011085875
v 0.020560221875000017 0.07136684374999999 0.000644534375
v 0.052462706249999984 -0.062400756250000015 0.001014375
v 0.0032690593750000162 0.072786103125 0.00016191875000000003
v 0.06587335624999999 -0.05322870000000002 0.001388678125
v -0.014022099999999985 0.071366821875 -0.00032069374999999997
v 0.07687918437499998 -0.042052478125000015 0.001695865625
v -0.045870909374999984 0.06024508750000001 -0.001730196875
v -0.08517878125 -0.0010778062499999812 -0.0038050093749999996
v -0.0836593625 -0.015487943749999981 -0.0022643437500000003
v 0.085154015625 -0.029344306250000018 0.0024473937500000004
v -0.07861570312499999 -0.029344306249999983 -0.002123571875
v -0.059281521874999986 0.05107300625000001 -0.0021045031249999997
v 0.090197671875 -0.01548793125000002 0.00258816875
v 0.09208428437499999 -0.0010777875000000203 -0.00380505
v -0.07028727500000001 -0.04205247812499999 -0.00241169375
v -0.07028738437499998 0.039896806250000014 -0.0024116875
v 0.09019764062499999 0.013332353124999979 0.002588171875
v -0.059281453125000015 -0.05322869999999999 -0.002104509375
v -0.07861578124999999 0.02718859062500002 -0.0021235687499999998
v 0.08515398125000001 0.027188721874999985 0.0024474
v -0.04587076562500002 -0.062400756249999995 -0.001730209375
v -0.08365939687500001 0.01333221562500002 -0.0022643437500000003
v 0.07687914687500001 0.03989691562499999 0.001695871875
v -0.014021990625000015 -0.07352245 -0.00032070625
v -0.045977206249999986 0.05988214687500001 0.00598421875
v -0.01859514062499999 0.042345887500000005 0.005580221875
v -0.030791159374999984 0.066759640625 0.00587669375
v 0.06587332187500002 0.051073093749999986 0.001388690625
v 0.030389637500000007 0.032825203124999994 0.0016397
v 0.05246263750000001 0.060245174999999984 0.0010143875
v 0.043428178124999994 -0.023597003125000012 0.007932946875
v -0.03140410000000001 -0.02973931249999999 0.005094325
v 0.03737948124999999 -0.029739312500000004 0.007703496875
v 0.043888559375000004 0.021575474999999986 0.00215175
v -0.03138928437499999 0.027754278125000007 -0.000703765625
v 0.037803859375000005 0.027754343749999993 0.001920940625
v -0.052327149999999996 -0.010247349999999987 0.004300653125
v -0.08518095625 -0.0010778062499999812 0.004358615624999999
v -0.083488 -0.015402659374999982 0.004405865625
v 0.03718689375000001 0.06716357187499998 0.0011085968749999999
v 0.014275590625000011 0.045295009375 0.00102844375
v 0.020560221875000017 0.07136684374999999 0.000644534375
v -0.07024917499999998 0.039654293750000014 0.005306762499999999
v -0.031404168749999996 0.027583643750000005 0.00509433125
v -0.05930844374999999 0.05076435937500001 0.00561213125
v -0.037452771875000006 -0.023597003124999995 0.0048648812500000005
v -0.07847422812499999 -0.02917702187499998 0.00454580625
v -0.07024906562500001 -0.04180998749999998 0.00530675625
v 0.0032072750000000103 0.046203499999999995 0.0006085875
v -0.014022099999999985 0.071366821875 -0.00032069374999999997
v 0.0032690593750000162 0.072786103125 0.00016191875000000003
v -0.08348803437499999 0.013246931250000019 0.00440586875
v -0.049117796874999994 0.016908812500000012 0.004422396875
v -0.07847426249999999 0.027021284375000017 0.004545809375
v -0.02403375937500001 -0.03478016874999999 0.00537390625
v -0.059308371875000016 -0.052920053124999984 0.005612121875
v -0.04597706250000001 -0.06203781562499999 0.005984209375
v -0.01850400937499999 0.042604409375000006 -0.00021498750000000001
v -0.045870909374999984 0.06024508750000001 -0.001730196875
v -0.030648749999999985 0.067163525 -0.000784759375
v -0.08536239375000002 -0.0010778062499999812 -0.002311875
v -0.052436834375 -0.010301937499999988 -0.00150216875
v -0.0836593625 -0.015487943749999981 -0.0022643437500000003
v -0.00801510937500001 -0.0471761875 0.005981540625
v -0.030791053125000013 -0.06891526875 0.005876684375000001
v -0.014262793750000015 -0.073093696875 0.006338
v -0.07028738437499998 0.039896806250000014 -0.0024116875
v -0.059281521874999986 0.05107300625000001 -0.0021045031249999997
v -0.07861570312499999 -0.029344306249999983 -0.002123571875
v -0.037473887500000004 -0.023731081249999994 -0.000934584375
v -0.07028727500000001 -0.04205247812499999 -0.00241169375
v 0.02011483437499998 -0.073093696875 0.0072975125000000005
v 0.002987690624999989 -0.048079306249999995 0.006398909375
v 0.0029260218749999835 -0.074504571875 0.00681775625
v -0.049208356249999995 0.01701590000000001 -0.001379703125
v -0.08365939687500001 0.01333221562500002 -0.0022643437500000003
v -0.07861578124999999 0.02718859062500002 -0.0021235687499999998
v -0.059281453125000015 -0.05322869999999999 -0.002104509375
v -0.023974990625000005 -0.03498083124999999 -0.000422528125
v -0.04587076562500002 -0.062400756249999995 -0.001730209375
v 0.051774449999999986 -0.06203781562500001 0.00871255
v 0.02457046249999999 -0.04450151250000001 0.0072176125
v 0.036643090624999985 -0.06891529375000001 0.007758834375
v -0.030648643750000013 -0.06931917812499999 -0.0007847718749999999
v -0.00786097500000001 -0.047450640625 0.000188721875
v -0.014021990625000015 -0.07352245 -0.00032070625
v 0.07604641562499999 -0.041809987500000007 0.009390006250000001
v 0.06510568749999998 -0.05292005312500001 0.009084640625
v 0.003207334374999989 -0.048359125 0.0006085781250000001
v 0.02056030937499998 -0.07352245 0.00064451875
v 0.0032691562499999834 -0.07494173125 0.00016190625
v 0.08934004375 -0.01540264687500002 0.0092296625
v 0.05509313124999999 -0.019064503125000014 0.008375434375
v 0.08432624062499999 -0.02917700000000002 0.009089721875
v 0.02491860624999999 -0.044760056250000006 0.001432153125
v 0.052462706249999984 -0.062400756250000015 0.001014375
v 0.037186968749999987 -0.069319178125 0.0011085875
v 0.058302518750000004 0.008091737499999987 0.00849718125
v 0.091032965625 -0.0010777906250000202 0.009276915625
v 0.089340009375 0.013247062499999981 0.009229665625000001
v 0.037803887499999994 -0.029909950000000008 0.0019209343749999998
v 0.07687918437499998 -0.042052478125000015 0.001695865625
v 0.06587335624999999 -0.05322870000000002 0.001388678125
v 0.04342814375000001 0.02144139062499999 0.007932953125
v 0.08432620625 0.027021415624999982 0.009089728125
v 0.07604638125000002 0.03965440312499998 0.009390012500000001
v 0.055622990624999986 -0.019171587500000014 0.00259686875
v 0.090197671875 -0.01548793125000002 0.00258816875
v 0.085154015625 -0.029344306250000018 0.0024473937500000004
v 0.030009121875000006 0.032624559374999994 0.007423928125000001
v 0.06510565312500001 0.05076444687499999 0.009084646875
v 0.051774378125000006 0.05988223437499998 0.0087125625
v 0.09190067187499999 -0.0010777875000000203 0.00263570625
v 0.058851468750000004 0.008146331249999986 0.0027193406250000003
v 0.09019764062499999 0.013332353124999979 0.002588171875
v 0.01399043437500001 0.045020559375 0.006816293750000001
v 0.036643021875000015 0.06675970937499999 0.007758846874999999
v 0.020114753125000016 0.070938090625 0.007297528124999999
v 0.08515398125000001 0.027188721874999985 0.0024474
v 0.07687914687500001 0.03989691562499999 0.001695871875
v -0.014262899999999985 0.070938071875 0.0063380125
v 0.0029876281250000103 0.045923678125000006 0.006398921875
v 0.0029259250000000163 0.072348946875 0.006817771875
v -0.018503937500000008 -0.04476005624999999 -0.00021499687499999999
v -0.030791053125000013 -0.06891526875 0.005876684375000001
v -0.01859507812500001 -0.04450151249999999 0.005580209375000001
v -0.014262793750000015 -0.073093696875 0.006338
v -0.00801510937500001 -0.0471761875 0.005981540625
v 0.0029260218749999835 -0.074504571875 0.00681775625
v 0.002987690624999989 -0.048079306249999995 0.006398909375
v 0.02011483437499998 -0.073093696875 0.0072975125000000005
v 0.014275643749999989 -0.047450640625 0.001028434375
v 0.01399049062499999 -0.0471761875 0.00681628125
v 0.036643090624999985 -0.06891529375000001 0.007758834375
v 0.02457046249999999 -0.04450151250000001 0.0072176125
v 0.06510568749999998 -0.05292005312500001 0.009084640625
v 0.03737948124999999 -0.029739312500000004 0.007703496875
v 0.08432624062499999 -0.02917700000000002 0.009089721875
v 0.05509313124999999 -0.019064503125000014 0.008375434375
v 0.059941596875 -0.0010778000000000133 0.002760690625
v 0.091032965625 -0.0010777906250000202 0.009276915625
v 0.059386206250000004 -0.0010778000000000133 0.0085382875
v 0.089340009375 0.013247062499999981 0.009229665625000001
v 0.058302518750000004 0.008091737499999987 0.00849718125
v 0.07604638125000002 0.03965440312499998 0.009390012500000001
v 0.04342814375000001 0.02144139062499999 0.007932953125
v 0.051774378125000006 0.05988223437499998 0.0087125625
v 0.020114753125000016 0.070938090625 0.007297528124999999
v -0.007861040624999989 0.045294990625 0.000188734375
v -0.014262899999999985 0.070938071875 0.0063380125
v -0.045977206249999986 0.05988214687500001 0.00598421875
v -0.02397504999999999 0.03282515937500001 -0.000422521875
v -0.024033831249999995 0.032624518750000005 0.0053739124999999995
v -0.08518095625 -0.0010778062499999812 0.004358615624999999
v -0.053526965625000006 -0.001077812499999988 -0.001543521875
v -0.04920831875000001 -0.01917159062499999 -0.001379703125
v -0.07847422812499999 -0.02917702187499998 0.00454580625
v -0.04911772500000001 -0.01906450312499999 0.00442239375
v -0.031389212500000006 -0.029909949999999994 -0.000703771875
v -0.059308371875000016 -0.052920053124999984 0.005612121875
v -0.03140410000000001 -0.02973931249999999 0.005094325
v -0.04597706250000001 -0.06203781562499999 0.005984209375
v -0.02403375937500001 -0.03478016874999999 0.00537390625
v -0.07024906562500001 -0.04180998749999998 0.00530675625
v -0.037452771875000006 -0.023597003124999995 0.0048648812500000005
v -0.083488 -0.015402659374999982 0.004405865625
v -0.052327149999999996 -0.010247349999999987 0.004300653125
v 0.05562295625 0.017015984374999984 0.002596875
v 0.08432620625 0.027021415624999982 0.009089728125
v 0.055093096875000004 0.016908893749999987 0.0083754375
v 0.06510565312500001 0.05076444687499999 0.009084646875
v 0.036643021875000015 0.06675970937499999 0.007758846874999999
v 0.024918562500000012 0.04260445312499999 0.0014321656249999999
v 0.0029259250000000163 0.072348946875 0.006817771875
v -0.030791159374999984 0.066759640625 0.00587669375
v -0.01859514062499999 0.042345887500000005 0.005580221875
v -0.05930844374999999 0.05076435937500001 0.00561213125
v -0.031404168749999996 0.027583643750000005 0.00509433125
v -0.07847426249999999 0.027021284375000017 0.004545809375
v -0.049117796874999994 0.016908812500000012 0.004422396875
v -0.07024917499999998 0.039654293750000014 0.005306762499999999
v -0.037473959375 0.021575409375000007 -0.0009345781250000001
v -0.03745284374999999 0.021441337500000004 0.0048648875
v -0.08348803437499999 0.013246931250000019 0.00440586875
v -0.052436834375 0.008146243750000013 -0.00150216875
v -0.052327149999999996 0.008091653125000013 0.00430065625
v 0.03000915624999999 -0.03478016875000001 0.007423921875
v 0.043428178124999994 -0.023597003125000012 0.007932946875
v 0.058302518750000004 -0.010247340625000012 0.008497175
v 0.03737945937500001 0.027583706249999992 0.0077035062500000005
v 0.02457041250000001 0.042345906249999996 0.007217621875
v 0.030009121875000006 0.032624559374999994 0.007423928125000001
v 0.0029876281250000103 0.045923678125000006 0.006398921875
v 0.01399043437500001 0.045020559375 0.006816293750000001
v -0.00801518124999999 0.0450205375 0.0059815499999999995
v -0.053410799999999994 -0.001077812499999988 0.004259546875
v 0.051774449999999986 -0.06203781562500001 0.00871255
v 0.030389678124999993 -0.034980831250000004 0.001639690625
v -0.08536239375000002 -0.0010778062499999812 -0.002311875
v 0.036643021875000015 0.06675970937499999 0.007758846874999999
v 0.07604641562499999 -0.041809987500000007 0.009390006250000001
v 0.04388859374999999 -0.02373108125000001 0.002151746875
v 0.08934004375 -0.01540264687500002 0.0092296625
v 0.058851468750000004 -0.010301931250000014 0.0027193375000000002
v 0.09190067187499999 -0.0010777875000000203 0.00263570625
v -0.08535982812500001 -0.001077809374999981 0.010692184375
v 0.09085409062500001 -0.0010777906250000202 0.01069214375
v 0.091032965625 -0.0010777906250000202 0.009276915625
v -0.08518095625 -0.0010778062499999812 0.004358615624999999
v 0.036643090624999985 -0.06891529375000001 0.007758834375
v -0.030648749999999985 0.067163525 -0.000784759375
v -0.030648643750000013 -0.06931917812499999 -0.0007847718749999999
v -0.024033831249999995 0.032624518750000005 0.0053739124999999995
v -0.053410799999999994 -0.001077812499999988 0.004259546875
v -0.04911772500000001 -0.01906450312499999 0.00442239375
v -0.052327149999999996 0.008091653125000013 0.00430065625
v -0.03745284374999999 0.021441337500000004 0.0048648875
v 0.03737945937500001 0.027583706249999992 0.0077035062500000005
v -0.01859507812500001 -0.04450151249999999 0.005580209375000001
v 0.01399049062499999 -0.0471761875 0.00681628125
v 0.03000915624999999 -0.03478016875000001 0.007423921875
v 0.058302518750000004 -0.010247340625000012 0.008497175
v 0.059386206250000004 -0.0010778000000000133 0.0085382875
v 0.055093096875000004 0.016908893749999987 0.0083754375
v 0.02457041250000001 0.042345906249999996 0.007217621875
v -0.00801518124999999 0.0450205375 0.0059815499999999995
v 0.0058232281250000005 3.124999999870698e-8 -0.7634542062499999
v 0.009229721875000003 0.011882006249999999 -0.7650636125
v 0.007027825 9.374999998439508e-9 -0.765334184375
v 0.0058232281250000005 3.124999999870698e-8 -0.7634542062499999
v 0.009229746874999997 -0.011882028125000001 -0.7650636125
v 0.008043043749999996 -0.012203646875 -0.76317625625
v 0.08475384375 4.062499998118087e-8 -0.75615199375
v 0.08409620312499999 0.011882065624999981 -0.7584949750000001
v 0.08493613125 0.012203731249999981 -0.7564298625
v 0.062414674999999996 -0.019913921875000015 -0.7584060125000001
v 0.08409620312499999 -0.01188202187500002 -0.7584949750000001
v 0.08493613125 -0.012203640625000019 -0.7564298625
v 0.08387811875 1.8749999981375316e-8 -0.75822440625
v 0.046662974999999995 -0.020122118750000008 -0.761779375
v 0.046662940625 0.02012214062499999 -0.761779375
v 0.06241463437500001 0.019913984374999985 -0.7584060125000001
v 0.030564515624999997 -0.019913921875000008 -0.76120035
v 0.046662974999999995 -0.020122118750000008 -0.761779375
v 0.04648958437499999 -0.02066680000000001 -0.759803059375
v 0.06216835 -0.019389081250000013 -0.7604188968750001
v 0.030564471875000002 0.01991396874999999 -0.76120035
v 0.008043015625000004 0.012203674999999997 -0.76317625625
v 0.046489550000000004 0.02066685312499999 -0.759803059375
v 0.0621683125 0.019389112499999986 -0.7604188968750001
v 0.046662940625 0.02012214062499999 -0.761779375
v 0.031157590625000006 0.019389093749999992 -0.763139690625
v 0.06037825 0.011672918749999987 -0.5052244
v 0.04904275 0.01904782187499999 -0.63054448125
v 0.03875357187500001 0.019047818749999994 -0.505224396875
v 0.08475384375 4.062499998118087e-8 -0.75615199375
v 0.08387811875 1.8749999981375316e-8 -0.75822440625
v 0.041479975 0.011672896874999991 -0.047900721875
v 0.021427540625000005 0.021092856249999997 -0.04770931875000001
v 0.04309054062499999 0.012291774999999991 -0.047709325
v -0.009523031250000003 -0.019047781249999996 -0.124131775
v -0.027758534375000005 -0.011672871874999994 -0.250307159375
v -0.006133884375000004 -0.01904778125 -0.250307165625
v -0.021689200000000002 -0.011672865624999994 -0.376482721875
v -0.00006455625000000423 -0.019047775 -0.376482728125
v -0.013452931250000001 -0.011672859374999997 -0.5052243875
v 0.008171718749999996 -0.019047771875000005 -0.505224390625
v 0.044563478125 1.249999999010492e-8 -0.124131784375
v 0.046072659375 0.01167290624999999 -0.250307171875
v 0.042683490625 0.011672899999999991 -0.124131784375
v 0.04777761875 1.8749999989391236e-8 -0.250307171875
v 0.052141965624999995 0.011672912499999988 -0.37648273437499996
v 0.053533509375 2.4999999988113172e-8 -0.37648273437499996
v 0.061344490625 2.8124999986378786e-8 -0.5052244
v 0.07066741562500001 0.011672924999999985 -0.6305444875
v -0.003163762500000003 -0.011672853125 -0.630544475
v 0.018460893749999995 -0.019047768750000003 -0.630544478125
v -0.009523071874999997 0.019047790625000005 -0.124131775
v -0.027758559375 0.011672853125000007 -0.250307159375
v -0.031147681249999996 0.011672846875000007 -0.124131771875
v -0.006133924999999996 0.01904779375 -0.250307165625
v -0.021689234374999995 0.011672859375000006 -0.376482721875
v -0.00006459999999999577 0.0190478 -0.376482728125
v -0.013452953124999998 0.011672865625000002 -0.5052243875
v 0.044563478125 1.249999999010492e-8 -0.124131784375
v 0.046072659375 -0.01167286562500001 -0.250307171875
v 0.04777761875 1.8749999989391236e-8 -0.250307171875
v 0.052141965624999995 -0.011672859375000013 -0.37648273437499996
v 0.053533509375 2.4999999988113172e-8 -0.37648273437499996
v 0.06037825 -0.011672853125000014 -0.5052244
v 0.061344490625 2.8124999986378786e-8 -0.5052244
v 0.07066741562500001 -0.011672846875000016 -0.6305444875
v 0.0711023375 3.437499998421211e-8 -0.6305444875
v 0.008171675000000003 0.019047803125 -0.505224390625
v -0.0031637812499999973 0.011672868749999999 -0.630544475
v 0.042683490625 -0.01167287500000001 -0.124131784375
v 0.024447993749999997 -0.019047781250000007 -0.25030716875000003
v 0.030517318749999998 -0.019047775000000006 -0.37648273125
v 0.03875359999999999 -0.019047771875000008 -0.505224396875
v 0.04904279062499999 -0.01904776875000001 -0.63054448125
v 0.024447968750000004 0.019047809374999992 -0.25030716875000003
v 0.021058818750000003 0.019047806249999997 -0.12413178125
v 0.03051729375 0.019047812499999994 -0.37648273125
v -0.028009946874999997 9.375000006219456e-9 -0.250307159375
v -0.031224071875000002 6.2500000069331364e-9 -0.124131771875
v -0.022254040625 1.5625000004941388e-8 -0.376482721875
v -0.014443078125 2.187500000320701e-8 -0.5052243875
v -0.0046852375 2.500000000104033e-8 -0.630544475
v -0.031147681250000003 -0.011672878124999992 -0.124131771875
v -0.028009946874999997 9.375000006219456e-9 -0.250307159375
v -0.022254040625 1.5625000004941388e-8 -0.376482721875
v -0.014443078125 2.187500000320701e-8 -0.5052243875
v -0.0046852375 2.500000000104033e-8 -0.630544475
v 0.005767875000000005 0.019767931250000002 -0.12413177812500001
v 0.009157021875000006 0.019767934374999994 -0.250307165625
v 0.015226346875000005 0.019767940624999997 -0.376482728125
v 0.023462621875000002 0.019767943749999992 -0.50522439375
v 0.018460853125000003 0.019047806249999997 -0.630544478125
v 0.033751796875000004 0.019767949999999992 -0.63054448125
v 0.021058843749999997 -0.019047784375000005 -0.12413178125
v 0.009157056249999995 -0.019767912500000005 -0.250307165625
v 0.015226384374999994 -0.019767909375000003 -0.376482728125
v 0.023462659374999997 -0.019767903125000007 -0.50522439375
v 0.03375183749999999 -0.019767900000000005 -0.63054448125
v 0.005767909374999996 -0.01976791875 -0.12413177812500001
v 0.0037373968749999952 -0.021890290625 0.003609846875
v -0.012304834375000006 -0.021092837499999996 -0.047709315625
v 0.004561365624999995 -0.021890290625 -0.04770931875000001
v 0.021427565625 -0.021092840625 -0.04770931875000001
v 0.041479987499999996 -0.011672878125000008 -0.047900721875
v 0.04309054062499999 -0.012291759375000011 -0.047709325
v 0.02060359375 -0.021092840625 0.0036098437499999998
v -0.012304884374999995 0.021092837500000003 -0.047709315625
v -0.032351225000000004 0.011672840625000007 -0.047900750000000006
v -0.03397676875 0.012291718750000007 -0.047709312499999997
v 0.020603568750000006 0.021092853124999998 0.0036098437499999998
v 0.004561328125000005 0.021890290625 -0.04770931875000001
v 0.0037373593750000046 0.021890290625 0.003609846875
v -0.013128853124999994 0.021092837500000003 0.0036098499999999995
v -0.03475650625 -0.012291765624999992 0.0036098531250000005
v -0.037152790625 8.249576716190532e-18 -0.048602109374999994
v -0.033976731249999996 -0.012291762499999994 -0.047709312499999997
v 0.019855300000000003 0.019047806249999997 -0.04790071875
v -0.034756537500000004 0.012291718750000007 0.0036098531250000005
v -0.037152790625 8.249576716190532e-18 -0.048602109374999994
v -0.037976471875 8.432470693930938e-18 0.0045026625
v -0.032351190625 -0.011672881249999992 -0.047900709375
v -0.010726553125000005 -0.019047781249999996 -0.0479007125
v 0.046946425 9.374999989575798e-9 0.004502646875
v 0.047770065625 1.2499999989392914e-8 -0.048602121875
v 0.046946425 9.374999989575798e-9 0.004502646875
v 0.04231076875 0.012291774999999993 0.0036098406249999997
v -0.013128806250000007 -0.021092840624999994 0.0036098499999999995
v 0.02686309375 0.01991396874999999 -0.723423365625
v 0.0057700906250000026 0.011672875 -0.7224533249999999
v 0.027337093750000006 0.019047812499999994 -0.721136875
v 0.047770065625 1.2499999989392914e-8 -0.048602121875
v 0.043422115625 9.374999990358353e-9 -0.0479007625
v 0.043422115625 9.374999990358353e-9 -0.0479007625
v 0.04231080625 -0.01229175937500001 0.0036098406249999997
v -0.010726593749999996 0.019047784375000005 -0.0479007125
v -0.03236543125 7.186569395134512e-18 -0.047900709375
v -0.031224071875000002 6.2500000069331364e-9 -0.124131771875
v 0.0045643562500000045 0.019767928124999997 -0.04790071562499999
v 0.019855321874999995 -0.019047784375000005 -0.04790071875
v 0.004564387499999996 -0.01976791875 -0.04790071562499999
v 0.0013031562500000027 0.011672871875000001 -0.6764989
v -0.000445125 2.8125000000098837e-8 -0.6765915499999999
v 0.003794984375 2.8124999999157343e-8 -0.722638625
v 0.0013031781249999974 -0.011672849999999999 -0.6764989
v 0.027337137499999997 -0.019047762500000006 -0.721136875
v 0.022899012499999996 -0.019047765625000004 -0.6758408
v 0.0794045375 0.011672931249999982 -0.7179593125
v 0.08130184062500001 3.7499999981947364e-8 -0.719777634375
v 0.081292790625 0.012203731249999983 -0.7199781843749999
v 0.005770115624999998 -0.011672846875000002 -0.72245356875
v 0.0268631375 -0.019913921875000008 -0.723423365625
v 0.053440125 -0.01904776562500001 -0.674910121875
v 0.0794045375 -0.011672840625000017 -0.7179593125
v 0.07503598125 -0.011672843750000017 -0.6742519812500001
v 0.004317637499999997 -0.012203646875 -0.72485075
v 0.08130184062500001 3.7499999981947364e-8 -0.719777634375
v 0.07938057812499999 3.749999998237397e-8 -0.7177742593750001
v 0.081292790625 -0.012203640625000017 -0.7199781843749999
v -0.000445125 2.8125000000098837e-8 -0.6765915499999999
v 0.05344012500000001 0.01904782499999999 -0.674910121875
v 0.057837462500000006 0.019047824999999987 -0.7192755156249999
v 0.022898971875000004 0.019047809374999995 -0.6758408
v 0.04258727812500001 0.01976795312499999 -0.7202064406249999
v 0.004317606250000002 0.012203671874999999 -0.7248505031249999
v 0.058747290625 -0.019913921875000015 -0.72140515625
v 0.03816954375000001 0.019767949999999992 -0.675375459375
v 0.002286996875 3.124999999949218e-8 -0.7250513000000001
v 0.05783749687499999 -0.019047762500000013 -0.7192755156249999
v 0.002286996875 3.124999999949218e-8 -0.7250513000000001
v 0.042805184375000006 0.02066685312499999 -0.722414465625
v 0.03816957812499999 -0.01976789687500001 -0.675375459375
v 0.04280521874999999 -0.02066680000000001 -0.722414465625
v 0.042587312499999995 -0.019767896875000013 -0.7202064406249999
v 0.07524145625 3.4374999983293044e-8 -0.674159371875
v 0.07503598125 0.011672928124999982 -0.6742519812500001
v 0.07938057812499999 3.749999998237397e-8 -0.7177742593750001
v 0.07524145625 3.4374999983293044e-8 -0.674159371875
v 0.007027825 9.374999998439508e-9 -0.765334184375
v 0.08387811875 1.8749999981375316e-8 -0.75822440625
v 0.009229746874999997 -0.011882028125000001 -0.7650636125
v 0.007027825 9.374999998439508e-9 -0.765334184375
v 0.031157634374999996 -0.019389081250000006 -0.763139690625
v 0.009229721875000003 0.011882006249999999 -0.7650636125
v 0.031157590625000006 0.019389093749999992 -0.763139690625
v 0.0621683125 0.019389112499999986 -0.7604188968750001
v 0.08409620312499999 -0.01188202187500002 -0.7584949750000001
v 0.06216835 -0.019389081250000013 -0.7604188968750001
v 0.08409620312499999 0.011882065624999981 -0.7584949750000001
v 0.031157634374999996 -0.019389081250000006 -0.763139690625
v 0.0711023375 3.437499998421211e-8 -0.6305444875
v -0.037976471875 8.432470693930938e-18 0.0045026625
v -0.03236543125 7.186569395134512e-18 -0.047900709375
v 0.003794984375 2.8124999999157343e-8 -0.722638625
v 0.054880425 6.249999987814097e-9 0.003663953125
v 0.053964156250000006 0.006355781249999987 0.046152078125
v 0.05488043125 3.1249999878140963e-9 0.046152078125
v 0.042669450000000005 0.009996624999999992 0.04615208125
v 0.025765812500000002 0.013033496874999995 0.046152084375
v 0.0426694875 -0.009815787500000008 0.04615208125
v -0.031016221875000003 -0.009815787499999992 0.0036639656249999996
v -0.014112559375000003 -0.012852665624999997 0.046152090625
v -0.031016215625000003 -0.009815787499999992 0.04615209375
v -0.043227131249999995 9.598351280448724e-18 0.0036639687499999997
v -0.04231088125 0.00545159375000001 0.04615209375
v -0.042310890625 0.0054515968750000095 0.0036639687499999997
v 0.042669450000000005 0.009996624999999992 0.04615208125
v 0.053964146875 0.006355784374999988 0.003663953125
v 0.042669443749999994 0.009996624999999992 0.0036639562499999998
v 0.005826643749999996 -0.013919071875000003 0.046152087499999994
v -0.014112559375000003 -0.012852662499999997 0.0036639656249999996
v 0.005826640624999996 -0.013919071875000003 0.0036639625
v 0.025765806250000002 0.013033496874999995 0.0036639562499999998
v 0.025765846874999995 -0.012852665625000006 0.046152084375
v 0.025765837499999996 -0.012852665625000006 0.0036639562499999998
v 0.005826596875000003 0.014099903124999997 0.0036639625
v 0.025765812500000002 0.013033496874999995 0.046152084375
v -0.014112618749999997 0.013033490625000005 0.0036639656249999996
v 0.005826596875000003 0.014099899999999999 0.046152087499999994
v 0.053964156250000006 -0.006355775000000011 0.046152078125
v 0.04266948125 -0.009815787500000008 0.0036639562499999998
v 0.053964146875 -0.006355775000000011 0.003663953125
v -0.031016256249999995 0.009996606250000007 0.0036639656249999996
v -0.014112615624999996 0.013033487500000003 0.046152090625
v -0.04231085625 -0.006355778124999991 0.0036639687499999997
v -0.043227125 9.598349892669944e-18 0.04615209375
v -0.043227131249999995 9.598351280448724e-18 0.0036639687499999997
v 0.05488043125 3.1249999878140963e-9 0.046152078125
v 0.054880425 6.249999987814097e-9 0.003663953125
v -0.03101625 0.009996606250000007 0.04615209375
v -0.042310846875 -0.00635578124999999 0.04615209375
v -0.04231088125 0.00545159375000001 0.04615209375
v -0.043227125 9.598349892669944e-18 0.04615209375
v -0.03101625 0.009996606250000007 0.04615209375
v -0.042310846875 -0.00635578124999999 0.04615209375
v -0.031016215625000003 -0.009815787499999992 0.04615209375
v -0.014112559375000003 -0.012852665624999997 0.046152090625
v 0.005826643749999996 -0.013919071875000003 0.046152087499999994
v 0.005826596875000003 0.014099899999999999 0.046152087499999994
v 0.025765846874999995 -0.012852665625000006 0.046152084375
v 0.053964156250000006 -0.006355775000000011 0.046152078125
v 0.05488043125 3.1249999878140963e-9 0.046152078125
v 0.053964156250000006 0.006355781249999987 0.046152078125
v -0.014112615624999996 0.013033487500000003 0.046152090625
v -0.043227125 9.598349892669944e-18 0.04615209375
v 0.0426694875 -0.009815787500000008 0.04615208125
v 0.010141268749999998 -0.004087625000000003 0.026424646875
v 0.047596418749999994 -0.004087628125000011 0.127278653125
v 0.007127193749999999 -0.004087628125000002 0.127274578125
v 0.04496594375 -0.004087634375000011 0.244096415625
v 0.004496737499999999 -0.004087634375000001 0.244092140625
v 0.0430720875 -0.00408765937500001 0.78505475
v 0.0040233562499999995 -0.0040876687500000005 0.9746482468750001
v 0.002602868749999999 -0.004087659375000001 0.78505049375
v 0.07735263125 -0.004087700000000017 1.7611201125
v 0.04199708437499999 -0.004087703125000009 1.8342118906249998
v 0.03688343125 -0.0040877000000000075 1.76111601875
v 0.0824663125 -0.004087703125000018 1.8342161468750002
v 0.0477056 -0.00408770312500001 1.8544442187499999
v 0.084749709375 -0.004087703125000019 1.8598954843750002
v 0.059350968750000004 -0.004087703125000013 1.873119859375
v 0.08611974687499999 -0.004087703125000019 1.88265675
v 0.0689412875 -0.004087703125000015 1.884792296875
v 0.010141268750000001 0.005109893749999998 0.026424646875
v 0.047596418749999994 0.00510988749999999 0.127278653125
v 0.050610465625 0.005109893749999989 0.026428915625
v 0.0026028687500000013 0.0051098593749999985 0.78505049375
v 0.042125090625 0.00510986562499999 0.6470923906250001
v 0.0016558781250000012 0.0051098656249999996 0.64708809375
v 0.04496594375 0.00510988124999999 0.244096415625
v 0.04212505625 -0.004087643750000009 0.44660299999999997
v 0.04496594375 -0.004087634375000011 0.244096415625
v 0.06996624374999999 0.005109824999999984 1.6333232781250002
v 0.07735263125 -0.004087700000000017 1.7611201125
v 0.06996624374999999 -0.004087693750000015 1.6333232781250002
v 0.04685999375 0.0051098468749999895 1.08800764375
v 0.05064790625 -0.004087675000000011 1.2150786125
v 0.04685999375 -0.00408766875000001 1.08800764375
v 0.04212505625 0.00510987499999999 0.44660299999999997
v 0.042125090625 -0.00408765312500001 0.6470923906250001
v 0.0824663125 0.005109815624999982 1.8342161468750002
v 0.0824663125 -0.004087703125000018 1.8342161468750002
v 0.04149605 0.005109893749999991 0.026430228125
v 0.050610465625 -0.004087625000000011 0.026428915625
v 0.04149605 -0.00408762500000001 0.026430228125
v 0.056897953125 0.005109834374999987 1.3709519625
v 0.056897953125 -0.004087681250000013 1.3709519625
v 0.042125090625 0.00510986562499999 0.6470923906250001
v 0.0430720875 -0.00408765937500001 0.78505475
v 0.084749709375 -0.004087703125000019 1.8598954843750002
v 0.050610465625 0.005109893749999989 0.026428915625
v 0.047596418749999994 -0.004087628125000011 0.127278653125
v 0.050610465625 -0.004087625000000011 0.026428915625
v 0.06371620625 -0.004087687500000014 1.5132714999999999
v 0.0430720875 0.00510985937499999 0.78505475
v 0.04449257499999999 -0.004087668750000009 0.974652503125
v 0.08611974687499999 0.005109812499999981 1.88265675
v 0.08611974687499999 -0.004087703125000019 1.88265675
v 0.047596418749999994 0.00510988749999999 0.127278653125
v 0.06371620625 0.005109828124999986 1.5132714999999999
v 0.04449257499999999 0.0051098531249999905 0.974652503125
v 0.087033109375 -0.0036242031250000198 1.8968581281249999
v 0.029497025 -0.004087693750000006 1.6333190218749998
v -0.01626000625 0.0005110718750000035 1.518001590625
v 0.02324698125 -0.004087687500000005 1.51326724375
v -0.025971775000000002 0.0005110750000000057 1.371153184375
v 0.01642875625 -0.0040876812500000035 1.37094786875
v 0.010178712499999997 -0.004087675000000002 1.215074271875
v -0.031629959375 0.000511084375000007 1.214766075
v 0.006390799999999999 -0.004087668750000001 1.088003553125
v 0.088174840625 0.0029988124999999802 1.919425078125
v 0.087033109375 0.004646309374999981 1.8968581281249999
v 0.010178712500000001 0.005109843749999998 1.215074271875
v -0.025971775000000002 0.0005110750000000057 1.371153184375
v 0.01642875625 0.005109834374999997 1.37094786875
v 0.02324698125 0.005109828124999995 1.51326724375
v 0.0689412875 0.005109812499999984 1.884792296875
v 0.04358040625 0.0005110531249999903 1.9059627749999999
v 0.087033109375 0.004646309374999981 1.8968581281249999
v -0.01626000625 0.0005110718750000035 1.518001590625
v 0.029497025 0.005109824999999992 1.6333190218749998
v -0.010009965625 0.0005110656250000023 1.6380533656249998
v 0.03688343125 0.005109818749999992 1.76111601875
v -0.00262355625 0.0005110593750000006 1.76585053125
v 0.04199708437499999 0.00510981562499999 1.8342118906249998
v 0.0016558781249999992 -0.004087653125 0.64708809375
v -0.044427368749999994 0.0005111156250000099 0.44657054375
v 0.001655846874999999 -0.00408764375 0.44659870312500005
v 0.0024901156250000003 0.0005110562499999995 1.8389462343749998
v 0.0477056 0.0051098156249999895 1.8544442187499999
v 0.018265703125 0.000511053124999996 1.877854534375
v 0.059350968750000004 0.005109812499999987 1.873119859375
v 0.066414496875 0.0005110531249999852 1.923082384375
v -0.0425729125 0.0005111218750000094 0.244064209375
v 0.001655846875000001 0.005109875 0.44659870312500005
v 0.0044967375 0.005109881249999999 0.244092140625
v 0.027461425 0.0005110531249999939 1.8905351375000001
v 0.087033109375 -0.0036242031250000198 1.8968581281249999
v 0.066414496875 0.0005110531249999852 1.923082384375
v 0.04358040625 0.0005110531249999903 1.9059627749999999
v 0.0837684125 0.0005110531249999813 1.930864171875
v 0.088174840625 0.0029988124999999802 1.919425078125
v 0.08908820312499999 0.0005110531249999802 1.9316811312500002
v 0.088174840625 -0.0019767031250000192 1.919425078125
v 0.088174840625 -0.0019767031250000192 1.919425078125
v 0.0837684125 0.0005110531249999813 1.930864171875
v 0.04212505625 -0.004087643750000009 0.44660299999999997
v 0.001655846874999999 -0.00408764375 0.44659870312500005
v 0.0016558781249999992 -0.004087653125 0.64708809375
v 0.042125090625 -0.00408765312500001 0.6470923906250001
v 0.04449257499999999 -0.004087668750000009 0.974652503125
v 0.006390799999999999 -0.004087668750000001 1.088003553125
v 0.04685999375 -0.00408766875000001 1.08800764375
v 0.010178712499999997 -0.004087675000000002 1.215074271875
v 0.05064790625 -0.004087675000000011 1.2150786125
v 0.01642875625 -0.0040876812500000035 1.37094786875
v 0.056897953125 -0.004087681250000013 1.3709519625
v 0.02324698125 -0.004087687500000005 1.51326724375
v 0.06371620625 -0.004087687500000014 1.5132714999999999
v 0.029497025 -0.004087693750000006 1.6333190218749998
v 0.06996624374999999 -0.004087693750000015 1.6333232781250002
v 0.007127193750000001 0.0051098874999999985 0.127274578125
v 0.04496594375 0.00510988124999999 0.244096415625
v 0.0044967375 0.005109881249999999 0.244092140625
v 0.04212505625 0.00510987499999999 0.44660299999999997
v 0.001655846875000001 0.005109875 0.44659870312500005
v 0.004023356250000001 0.005109853124999999 0.9746482468750001
v 0.0430720875 0.00510985937499999 0.78505475
v 0.006390800000000001 0.005109846874999998 1.088003553125
v 0.04449257499999999 0.0051098531249999905 0.974652503125
v 0.010178712500000001 0.005109843749999998 1.215074271875
v 0.04685999375 0.0051098468749999895 1.08800764375
v 0.01642875625 0.005109834374999997 1.37094786875
v 0.05064790625 0.005109843749999989 1.2150786125
v 0.02324698125 0.005109828124999995 1.51326724375
v 0.056897953125 0.005109834374999987 1.3709519625
v 0.029497025 0.005109824999999992 1.6333190218749998
v 0.06371620625 0.005109828124999986 1.5132714999999999
v 0.03688343125 0.005109818749999992 1.76111601875
v 0.06996624374999999 0.005109824999999984 1.6333232781250002
v 0.04199708437499999 0.00510981562499999 1.8342118906249998
v 0.07735263125 0.005109818749999983 1.7611201125
v 0.0477056 0.0051098156249999895 1.8544442187499999
v 0.0824663125 0.005109815624999982 1.8342161468750002
v 0.059350968750000004 0.005109812499999987 1.873119859375
v 0.084749709375 0.005109815624999981 1.8598954843750002
v 0.0689412875 0.005109812499999984 1.884792296875
v 0.08611974687499999 0.005109812499999981 1.88265675
v 0.007127193749999999 -0.004087628125000002 0.127274578125
v -0.038956025 0.0005111312500000087 0.02649008125
v 0.010141268749999998 -0.004087625000000003 0.026424646875
v 0.0477056 -0.00408770312500001 1.8544442187499999
v 0.0024901156250000003 0.0005110562499999995 1.8389462343749998
v 0.04199708437499999 -0.004087703125000009 1.8342118906249998
v -0.00262355625 0.0005110593750000006 1.76585053125
v 0.03688343125 -0.0040877000000000075 1.76111601875
v -0.010009965625 0.0005110656250000023 1.6380533656249998
v -0.044427368749999994 0.0005111156250000099 0.44657054375
v 0.0016558781250000012 0.0051098656249999996 0.64708809375
v -0.044427337500000004 0.0005111062500000098 0.6476202656250001
v 0.0026028687500000013 0.0051098593749999985 0.78505049375
v -0.038114128125 0.0005110906250000085 0.97434005
v 0.004023356250000001 0.005109853124999999 0.9746482468750001
v -0.0354178375 0.0005110875000000079 1.087695353125
v 0.006390800000000001 0.005109846874999998 1.088003553125
v 0.018265703125 0.000511053124999996 1.877854534375
v 0.059350968750000004 -0.004087703125000013 1.873119859375
v 0.004496737499999999 -0.004087634375000001 0.244092140625
v -0.03961363750000001 0.0005111281250000087 0.126686196875
v -0.0425729125 0.0005111218750000094 0.244064209375
v 0.027461425 0.0005110531249999939 1.8905351375000001
v 0.0689412875 -0.004087703125000015 1.884792296875
v 0.002602868749999999 -0.004087659375000001 0.78505049375
v -0.044427337500000004 0.0005111062500000098 0.6476202656250001
v -0.03961363750000001 0.0005111281250000087 0.126686196875
v 0.007127193750000001 0.0051098874999999985 0.127274578125
v -0.038114128125 0.0005110906250000085 0.97434005
v 0.0040233562499999995 -0.0040876687500000005 0.9746482468750001
v -0.0354178375 0.0005110875000000079 1.087695353125
v -0.031629959375 0.000511084375000007 1.214766075
v -0.038956025 0.0005111312500000087 0.02649008125
v 0.010141268750000001 0.005109893749999998 0.026424646875
v 0.050610465625 -0.004087625000000011 0.026428915625
v 0.07735263125 0.005109818749999983 1.7611201125
v 0.05064790625 0.005109843749999989 1.2150786125
v 0.050610465625 0.005109893749999989 0.026428915625
v 0.084749709375 0.005109815624999981 1.8598954843750002
v 0.008198628125 0.0005110562499999982 1.8591785625000001
v 0.08908820312499999 0.0005110531249999802 1.9316811312500002
v 0.08908820312499999 0.0005110531249999802 1.9316811312500002
v 0.008198628125 0.0005110562499999982 1.8591785625000001
v -0.043151509374999994 0.0005111000000000096 0.785302625
v -0.043151509374999994 0.0005111000000000096 0.785302625
vt 0.21185 0.37434999999999996
vt 0.19897 0.34834
vt 0.19296 0.35183999999999993
vt 0.28302 0.52228
vt 0.24083 0.50405
vt 0.23922 0.51023
vt 0.47054 0.22260000000000002
vt 0.4718 0.24871
vt 0.47827 0.24763999999999997
vt 0.23561 0.39417
vt 0.21723 0.36976
vt 0.21185 0.37434999999999996
vt 0.45738 0.19761000000000006
vt 0.4641 0.22473999999999994
vt 0.47054 0.22260000000000002
vt 0.26336 0.40971
vt 0.24001 0.38859
vt 0.23561 0.39417
vt 0.29127 0.13443000000000005
vt 0.32243 0.12341000000000002
vt 0.2895 0.12741999999999998
vt 0.43891 0.17376000000000003
vt 0.45117 0.20087
vt 0.45738 0.19761000000000006
vt 0.29415 0.4194
vt 0.26646 0.40332999999999997
vt 0.26336 0.40971
vt 0.26161 0.14527
vt 0.2895 0.12741999999999998
vt 0.25822 0.13890999999999998
vt 0.41521 0.15269
vt 0.43332 0.17818
vt 0.43891 0.17376000000000003
vt 0.32642 0.42257
vt 0.29577 0.4125
vt 0.29415 0.4194
vt 0.23517 0.16193000000000002
vt 0.25822 0.13890999999999998
vt 0.23045 0.15654999999999997
vt 0.38701 0.13620999999999994
vt 0.41062 0.15823999999999994
vt 0.41521 0.15269
vt 0.35678 0.41128
vt 0.32642 0.42257
vt 0.35857 0.41811
vt 0.21295 0.18269000000000002
vt 0.23045 0.15654999999999997
vt 0.20726 0.1785
vt 0.35545 0.12607000000000002
vt 0.38378 0.14271
vt 0.38701 0.13620999999999994
vt 0.38583 0.40091
vt 0.35857 0.41811
vt 0.3891 0.40715999999999997
vt 0.19577 0.20602999999999994
vt 0.20726 0.1785
vt 0.1895 0.20304999999999995
vt 0.32243 0.12341000000000002
vt 0.35386 0.13315
vt 0.35545 0.12607000000000002
vt 0.41192 0.38508
vt 0.3891 0.40715999999999997
vt 0.41645 0.39050000000000007
vt 0.18353 0.23038999999999998
vt 0.1895 0.20304999999999995
vt 0.17706 0.22853999999999997
vt 0.43429 0.36545000000000005
vt 0.41645 0.39050000000000007
vt 0.43977 0.36983
vt 0.1765 0.25464
vt 0.17706 0.22853999999999997
vt 0.17002 0.25385
vt 0.45192 0.34334
vt 0.43977 0.36983
vt 0.45801 0.34658
vt 0.17448 0.27868000000000004
vt 0.17002 0.25385
vt 0.16796 0.27891
vt 0.46467 0.32017000000000007
vt 0.45801 0.34658
vt 0.471 0.32223
vt 0.17113 0.30367
vt 0.17448 0.27868000000000004
vt 0.16796 0.27891
vt 0.47211 0.29655999999999993
vt 0.471 0.32223
vt 0.47852 0.29752
vt 0.17931 0.32804999999999995
vt 0.17751 0.30243
vt 0.17113 0.30367
vt 0.47448 0.27266999999999997
vt 0.47852 0.29752
vt 0.48102 0.27262
vt 0.19296 0.35183999999999993
vt 0.18559 0.32570999999999994
vt 0.17931 0.32804999999999995
vt 0.47827 0.24763999999999997
vt 0.47448 0.27266999999999997
vt 0.48102 0.27262
vt 0.23408 0.059169999999999945
vt 0.27286 0.018510000000000026
vt 0.22679 0.035290000000000044
vt 0.44917 0.07547999999999999
vt 0.49523 0.08776000000000006
vt 0.45775 0.05567999999999995
vt 0.32769 0.52536
vt 0.28369 0.51652
vt 0.28302 0.52228
vt 0.19456 0.08113999999999999
vt 0.22679 0.035290000000000044
vt 0.18541 0.06174999999999997
vt 0.41552 0.03154999999999997
vt 0.44917 0.07547999999999999
vt 0.45775 0.05567999999999995
vt 0.37146 0.51476
vt 0.32769 0.52536
vt 0.37227 0.52049
vt 0.14897 0.09519
vt 0.19456 0.08113999999999999
vt 0.18541 0.06174999999999997
vt 0.3693 0.016700000000000048
vt 0.40894 0.05574000000000001
vt 0.41552 0.03154999999999997
vt 0.41399 0.50057
vt 0.37227 0.52049
vt 0.41575 0.50669
vt 0.11895 0.13592000000000004
vt 0.16041 0.11185999999999996
vt 0.14897 0.09519
vt 0.32105 0.012070000000000025
vt 0.36603 0.04239999999999999
vt 0.3693 0.016700000000000048
vt 0.45409 0.47951
vt 0.41575 0.50669
vt 0.45631 0.48417
vt 0.09678 0.18291000000000002
vt 0.13222 0.14888
vt 0.11895 0.13592000000000004
vt 0.48872 0.44843999999999995
vt 0.45631 0.48417
vt 0.49235 0.45358999999999994
vt 0.08462 0.23363
vt 0.11274 0.19218000000000002
vt 0.09678 0.18291000000000002
vt 0.51697 0.41101
vt 0.49235 0.45358999999999994
vt 0.52244 0.41629000000000005
vt 0.08232 0.28513
vt 0.10049 0.23765000000000003
vt 0.08462 0.23363
vt 0.54574 0.37331000000000003
vt 0.51697 0.41101
vt 0.52244 0.41629000000000005
vt 0.0897 0.33525000000000005
vt 0.09672 0.28449
vt 0.08232 0.28513
vt 0.54863 0.32199
vt 0.54574 0.37331000000000003
vt 0.56078 0.32563
vt 0.10597 0.38225
vt 0.10174 0.33109999999999995
vt 0.0897 0.33525000000000005
vt 0.55242 0.27516000000000007
vt 0.56078 0.32563
vt 0.56684 0.27518
vt 0.13568 0.41871
vt 0.10597 0.38225
vt 0.13035 0.42421
vt 0.54742 0.22846
vt 0.56684 0.27518
vt 0.56319 0.22377000000000002
vt 0.16136 0.46025000000000005
vt 0.13568 0.41871
vt 0.13035 0.42421
vt 0.53398 0.18347000000000002
vt 0.56319 0.22377000000000002
vt 0.54972 0.17352999999999996
vt 0.19813 0.48934999999999995
vt 0.16486 0.45496000000000003
vt 0.16136 0.46025000000000005
vt 0.51336 0.14090999999999998
vt 0.54972 0.17352999999999996
vt 0.52633 0.12739
vt 0.23922 0.51023
vt 0.20024 0.4845999999999999
vt 0.19813 0.48934999999999995
vt 0.27677 0.04413999999999996
vt 0.32105 0.012070000000000025
vt 0.27286 0.018510000000000026
vt 0.48417 0.10494999999999999
vt 0.52633 0.12739
vt 0.49523 0.08776000000000006
vt 0.2103 0.11951999999999996
vt 0.17926 0.13955000000000006
vt 0.18241 0.14800000000000002
vt 0.47314 0.42484999999999995
vt 0.487 0.38071999999999995
vt 0.46361 0.41076
vt 0.40097 0.08577999999999997
vt 0.36197 0.08094999999999997
vt 0.40015 0.09404000000000001
vt 0.36451 0.46060999999999996
vt 0.40132 0.45571000000000006
vt 0.40055 0.4478599999999999
vt 0.18241 0.14800000000000002
vt 0.15641 0.17256000000000005
vt 0.16119 0.18029000000000006
vt 0.36226 0.07298000000000004
vt 0.32184 0.07675999999999994
vt 0.36197 0.08094999999999997
vt 0.40055 0.4478599999999999
vt 0.43467 0.43629000000000007
vt 0.43313 0.42806999999999995
vt 0.16119 0.18029000000000006
vt 0.14069 0.20874000000000004
vt 0.14714 0.2146
vt 0.43313 0.42806999999999995
vt 0.46361 0.41076
vt 0.46092 0.40245
vt 0.14714 0.2146
vt 0.1319 0.24588999999999994
vt 0.13966 0.24876999999999994
vt 0.46092 0.40245
vt 0.487 0.38071999999999995
vt 0.48277 0.37293
vt 0.13966 0.24876999999999994
vt 0.12999 0.28315
vt 0.1385 0.2825500000000001
vt 0.48277 0.37293
vt 0.50422 0.34719999999999995
vt 0.49825 0.34095
vt 0.12999 0.28315
vt 0.14256 0.31567
vt 0.1385 0.2825500000000001
vt 0.49825 0.34095
vt 0.51485 0.31184999999999996
vt 0.5074 0.30828
vt 0.13521 0.31955
vt 0.15257 0.3479300000000001
vt 0.14256 0.31567
vt 0.5074 0.30828
vt 0.5191 0.27523
vt 0.51058 0.27499000000000007
vt 0.14677 0.35441999999999996
vt 0.16888 0.37924
vt 0.15257 0.3479300000000001
vt 0.5191 0.27523
vt 0.50852 0.24124
vt 0.51058 0.27499000000000007
vt 0.16485 0.3872
vt 0.19149 0.40786
vt 0.16888 0.37924
vt 0.51621 0.23802999999999996
vt 0.50012 0.20736
vt 0.50852 0.24124
vt 0.189 0.41628
vt 0.21989 0.4323600000000001
vt 0.19149 0.40786
vt 0.50643 0.20121999999999995
vt 0.48515 0.17359999999999998
vt 0.50012 0.20736
vt 0.21856 0.4406399999999999
vt 0.25295 0.45082
vt 0.21989 0.4323600000000001
vt 0.32184 0.07675999999999994
vt 0.28133 0.07465
vt 0.28182 0.0826
vt 0.48973 0.16566000000000003
vt 0.46302 0.14216000000000006
vt 0.48515 0.17359999999999998
vt 0.25237 0.4587
vt 0.28928 0.46212
vt 0.25295 0.45082
vt 0.28182 0.0826
vt 0.24296 0.08914
vt 0.24398 0.09736
vt 0.46595 0.13356999999999997
vt 0.43433 0.11489000000000005
vt 0.46302 0.14216000000000006
vt 0.28913 0.46963
vt 0.32695 0.46548999999999996
vt 0.28928 0.46212
vt 0.24398 0.09736
vt 0.2084 0.11102999999999996
vt 0.2103 0.11951999999999996
vt 0.436 0.10633000000000004
vt 0.40015 0.09404000000000001
vt 0.43433 0.11489000000000005
vt 0.32695 0.46548999999999996
vt 0.36485 0.46811
vt 0.36451 0.46060999999999996
vt 0.1319 0.24588999999999994
vt 0.11864 0.28367999999999993
vt 0.12999 0.28315
vt 0.49773 0.39139
vt 0.50422 0.34719999999999995
vt 0.487 0.38071999999999995
vt 0.12999 0.28315
vt 0.1229 0.32383000000000006
vt 0.13521 0.31955
vt 0.51682 0.35505999999999993
vt 0.51485 0.31184999999999996
vt 0.50422 0.34719999999999995
vt 0.13521 0.31955
vt 0.13438 0.3628
vt 0.14677 0.35441999999999996
vt 0.52728 0.31560999999999995
vt 0.5191 0.27523
vt 0.51485 0.31184999999999996
vt 0.14677 0.35441999999999996
vt 0.1544 0.39830999999999994
vt 0.16485 0.3872
vt 0.53047 0.27527
vt 0.51621 0.23802999999999996
vt 0.5191 0.27523
vt 0.16485 0.3872
vt 0.17983 0.43074
vt 0.189 0.41628
vt 0.52603 0.23513000000000006
vt 0.50643 0.20121999999999995
vt 0.51621 0.23802999999999996
vt 0.189 0.41628
vt 0.21122 0.45782999999999996
vt 0.21856 0.4406399999999999
vt 0.50643 0.20121999999999995
vt 0.49428 0.16087000000000007
vt 0.48973 0.16566000000000003
vt 0.21122 0.45782999999999996
vt 0.25237 0.4587
vt 0.21856 0.4406399999999999
vt 0.32175 0.06915000000000004
vt 0.2805 0.06922000000000006
vt 0.28133 0.07465
vt 0.49428 0.16087000000000007
vt 0.46595 0.13356999999999997
vt 0.48973 0.16566000000000003
vt 0.24689 0.47958
vt 0.28913 0.46963
vt 0.25237 0.4587
vt 0.28133 0.07465
vt 0.24128 0.08348
vt 0.24296 0.08914
vt 0.469 0.12875000000000003
vt 0.436 0.10633000000000004
vt 0.46595 0.13356999999999997
vt 0.28645 0.49158999999999997
vt 0.32704 0.47263999999999995
vt 0.28913 0.46963
vt 0.24296 0.08914
vt 0.20642 0.10667000000000004
vt 0.2084 0.11102999999999996
vt 0.43786 0.10189000000000004
vt 0.40097 0.08577999999999997
vt 0.436 0.10633000000000004
vt 0.32704 0.47263999999999995
vt 0.36807 0.48995
vt 0.36485 0.46811
vt 0.2084 0.11102999999999996
vt 0.1761 0.13488
vt 0.17926 0.13955000000000006
vt 0.4025 0.08004999999999995
vt 0.36226 0.07298000000000004
vt 0.40097 0.08577999999999997
vt 0.36485 0.46811
vt 0.40732 0.47636
vt 0.40132 0.45571000000000006
vt 0.17926 0.13955000000000006
vt 0.15175 0.16798999999999997
vt 0.15641 0.17256000000000005
vt 0.36295 0.06752000000000002
vt 0.32175 0.06915000000000004
vt 0.36226 0.07298000000000004
vt 0.40132 0.45571000000000006
vt 0.44244 0.45319
vt 0.43467 0.43629000000000007
vt 0.15175 0.16798999999999997
vt 0.14069 0.20874000000000004
vt 0.15641 0.17256000000000005
vt 0.44244 0.45319
vt 0.46361 0.41076
vt 0.43467 0.43629000000000007
vt 0.14069 0.20874000000000004
vt 0.12202 0.24341000000000002
vt 0.1319 0.24588999999999994
vt 0.20726 0.1785
vt 0.2103 0.11951999999999996
vt 0.18241 0.14800000000000002
vt 0.36197 0.08094999999999997
vt 0.38701 0.13620999999999994
vt 0.40015 0.09404000000000001
vt 0.40055 0.4478599999999999
vt 0.35857 0.41811
vt 0.36451 0.46060999999999996
vt 0.1895 0.20304999999999995
vt 0.18241 0.14800000000000002
vt 0.16119 0.18029000000000006
vt 0.32184 0.07675999999999994
vt 0.35545 0.12607000000000002
vt 0.36197 0.08094999999999997
vt 0.43313 0.42806999999999995
vt 0.3891 0.40715999999999997
vt 0.40055 0.4478599999999999
vt 0.17706 0.22853999999999997
vt 0.16119 0.18029000000000006
vt 0.14714 0.2146
vt 0.46092 0.40245
vt 0.41645 0.39050000000000007
vt 0.43313 0.42806999999999995
vt 0.17002 0.25385
vt 0.14714 0.2146
vt 0.13966 0.24876999999999994
vt 0.48277 0.37293
vt 0.43977 0.36983
vt 0.46092 0.40245
vt 0.16796 0.27891
vt 0.13966 0.24876999999999994
vt 0.1385 0.2825500000000001
vt 0.49825 0.34095
vt 0.45801 0.34658
vt 0.48277 0.37293
vt 0.17113 0.30367
vt 0.1385 0.2825500000000001
vt 0.14256 0.31567
vt 0.5074 0.30828
vt 0.471 0.32223
vt 0.49825 0.34095
vt 0.17931 0.32804999999999995
vt 0.14256 0.31567
vt 0.15257 0.3479300000000001
vt 0.51058 0.27499000000000007
vt 0.47852 0.29752
vt 0.5074 0.30828
vt 0.19296 0.35183999999999993
vt 0.15257 0.3479300000000001
vt 0.16888 0.37924
vt 0.50852 0.24124
vt 0.48102 0.27262
vt 0.51058 0.27499000000000007
vt 0.21185 0.37434999999999996
vt 0.16888 0.37924
vt 0.19149 0.40786
vt 0.50012 0.20736
vt 0.47827 0.24763999999999997
vt 0.50852 0.24124
vt 0.23561 0.39417
vt 0.19149 0.40786
vt 0.21989 0.4323600000000001
vt 0.48515 0.17359999999999998
vt 0.47054 0.22260000000000002
vt 0.50012 0.20736
vt 0.26336 0.40971
vt 0.21989 0.4323600000000001
vt 0.25295 0.45082
vt 0.2895 0.12741999999999998
vt 0.32184 0.07675999999999994
vt 0.28182 0.0826
vt 0.46302 0.14216000000000006
vt 0.45738 0.19761000000000006
vt 0.48515 0.17359999999999998
vt 0.29415 0.4194
vt 0.25295 0.45082
vt 0.28928 0.46212
vt 0.25822 0.13890999999999998
vt 0.28182 0.0826
vt 0.24398 0.09736
vt 0.43433 0.11489000000000005
vt 0.43891 0.17376000000000003
vt 0.46302 0.14216000000000006
vt 0.32642 0.42257
vt 0.28928 0.46212
vt 0.32695 0.46548999999999996
vt 0.23045 0.15654999999999997
vt 0.24398 0.09736
vt 0.2103 0.11951999999999996
vt 0.40015 0.09404000000000001
vt 0.41521 0.15269
vt 0.43433 0.11489000000000005
vt 0.36451 0.46060999999999996
vt 0.32642 0.42257
vt 0.32695 0.46548999999999996
vt 0.86495 0.70314
vt 0.81532 0.75138
vt 0.87905 0.73765
vt 0.40727 0.66697
vt 0.35472 0.71843
vt 0.41734 0.67952
vt 0.6372 0.84881
vt 0.63724 0.69144
vt 0.62305 0.83347
vt 0.32478 0.67119
vt 0.3071 0.90597
vt 0.3439 0.69784
vt 0.69042 0.65729
vt 0.72017 0.59384
vt 0.6839 0.59068
vt 0.4458 0.75144
vt 0.38545 0.78757
vt 0.45171 0.77068
vt 0.81927 0.64368
vt 0.78095 0.71807
vt 0.84486 0.67143
vt 0.65388 0.6818
vt 0.64825 0.59468
vt 0.61485 0.60586
vt 0.38328 0.82328
vt 0.43028 0.87248
vt 0.43689 0.857
vt 0.75576 0.604
vt 0.75784 0.67653
vt 0.78926 0.62075
vt 0.62308 0.70432
vt 0.58478 0.62326
vt 0.55919 0.64655
vt 0.36022 0.87338
vt 0.3907 0.92916
vt 0.40015 0.92119
vt 0.192 0.97675
vt 0.18093 0.92519
vt 0.17765 0.9744
vt 0.5887 0.73163
vt 0.53886 0.67465
vt 0.52498 0.70681
vt 0.3071 0.90597
vt 0.32253 0.98501
vt 0.33748 0.98181
vt 0.12886 0.95401
vt 0.14258 0.87833
vt 0.11283 0.94891
vt 0.51791 0.77773
vt 0.58416 0.75393
vt 0.51791 0.74161
vt 0.25994 0.93819
vt 0.24091 0.99125
vt 0.25896 0.99458
vt 0.05519 0.88809
vt 0.11262 0.82514
vt 0.04338 0.87462
vt 0.53909 0.8483
vt 0.58868 0.80016
vt 0.52498 0.81375
vt 0.03508 0.79852
vt 0.08265 0.7651
vt 0.02977 0.7838
vt 0.58481 0.90775
vt 0.62305 0.83347
vt 0.5592 0.88002
vt 0.08548 0.73166
vt 0.03282 0.68913
vt 0.02738 0.70605
vt 0.64828 0.94734
vt 0.64616 0.875
vt 0.61478 0.93059
vt 0.10821 0.67826
vt 0.07134 0.62816
vt 0.06179 0.63875
vt 0.71358 0.89425
vt 0.68384 0.95749
vt 0.72011 0.96065
vt 0.16117 0.64336
vt 0.13613 0.57389
vt 0.12194 0.58018
vt 0.75011 0.86973
vt 0.75568 0.9567
vt 0.78908 0.94556
vt 0.20528 0.60505
vt 0.21705 0.5485
vt 0.1982 0.54821
vt 0.78092 0.84722
vt 0.81915 0.92819
vt 0.84476 0.90493
vt 0.27972 0.54939
vt 0.28898 0.61746
vt 0.29949 0.55501
vt 0.8153 0.8199
vt 0.86513 0.87679
vt 0.87901 0.84464
vt 0.34688 0.6002
vt 0.32478 0.67119
vt 0.36225 0.60793
vt 0.88611 0.77373
vt 0.81983 0.7976
vt 0.88609 0.80985
vt 0.08478 0.78794
vt 0.03728 0.81098
vt 0.07889 0.80381
vt 0.02772 0.77275
vt 0.08265 0.7651
vt 0.06848 0.75491
vt 0.08548 0.73166
vt 0.02434 0.71843
vt 0.06779 0.74191
vt 0.03589 0.67701
vt 0.09159 0.70826
vt 0.08337 0.68958
vt 0.10821 0.67826
vt 0.05706 0.64822
vt 0.08701 0.67891
vt 0.16117 0.64336
vt 0.11395 0.58853
vt 0.14031 0.63621
vt 0.20528 0.60505
vt 0.18787 0.55055
vt 0.19054 0.59514
vt 0.26286 0.60335
vt 0.27012 0.5448
vt 0.25439 0.58317
vt 0.3102 0.55822
vt 0.28898 0.61746
vt 0.30557 0.60721
vt 0.37087 0.61655
vt 0.32478 0.67119
vt 0.34426 0.66664
vt 0.35472 0.71843
vt 0.42161 0.691
vt 0.41734 0.67952
vt 0.38545 0.78757
vt 0.45351 0.78469
vt 0.45171 0.77068
vt 0.37645 0.84532
vt 0.42631 0.88375
vt 0.43028 0.87248
vt 0.38358 0.94245
vt 0.32866 0.88026
vt 0.33395 0.90592
vt 0.19893 0.9799
vt 0.20353 0.93474
vt 0.192 0.97675
vt 0.15368 0.90744
vt 0.13658 0.96072
vt 0.15648 0.9304
vt 0.12479 0.84769
vt 0.06145 0.90369
vt 0.11718 0.87373
vt 0.03796 0.8619
vt 0.11262 0.82514
vt 0.08701 0.82173
vt 0.10321 0.94191
vt 0.14258 0.87833
vt 0.12555 0.88402
vt 0.16951 0.97356
vt 0.18093 0.92519
vt 0.16933 0.93618
vt 0.31686 0.64011
vt 0.34043 0.59295
vt 0.317 0.61893
vt 0.40226 0.65318
vt 0.3439 0.69784
vt 0.40727 0.66697
vt 0.44352 0.73568
vt 0.38371 0.76016
vt 0.4458 0.75144
vt 0.44088 0.84555
vt 0.38328 0.82328
vt 0.43689 0.857
vt 0.36022 0.87338
vt 0.40569 0.91321
vt 0.37788 0.875
vt 0.3071 0.90597
vt 0.34695 0.97519
vt 0.32486 0.91442
vt 0.25994 0.93819
vt 0.26909 0.99458
vt 0.27186 0.94906
vt 0.31304 0.99265
vt 0.28647 0.91613
vt 0.28389 0.94337
vt 0.23146 0.99329
vt 0.23428 0.93723
vt 0.22353 0.95471
vt 0.06848 0.75491
vt 0.08548 0.73166
vt 0.06779 0.74191
vt 0.08337 0.68958
vt 0.10821 0.67826
vt 0.08701 0.67891
vt 0.13406 0.64623
vt 0.16117 0.64336
vt 0.14031 0.63621
vt 0.17951 0.60742
vt 0.20528 0.60505
vt 0.19054 0.59514
vt 0.23904 0.58396
vt 0.26286 0.60335
vt 0.25439 0.58317
vt 0.28898 0.61746
vt 0.317 0.61893
vt 0.30557 0.60721
vt 0.32478 0.67119
vt 0.35012 0.67766
vt 0.34426 0.66664
vt 0.35472 0.71843
vt 0.39042 0.74175
vt 0.38095 0.72068
vt 0.38545 0.78757
vt 0.39978 0.81594
vt 0.40252 0.80237
vt 0.37645 0.84532
vt 0.37788 0.875
vt 0.38411 0.86637
vt 0.32866 0.88026
vt 0.32486 0.91442
vt 0.33395 0.90592
vt 0.28647 0.91613
vt 0.27186 0.94906
vt 0.28389 0.94337
vt 0.23428 0.93723
vt 0.20957 0.95132
vt 0.22353 0.95471
vt 0.16933 0.93618
vt 0.15368 0.90744
vt 0.15648 0.9304
vt 0.12555 0.88402
vt 0.12479 0.84769
vt 0.11718 0.87373
vt 0.11262 0.82514
vt 0.07889 0.80381
vt 0.08701 0.82173
vt 0.13568 0.41871
vt 0.17983 0.43074
vt 0.1544 0.39830999999999994
vt 0.0774 0.61397
vt 0.13928 0.66767
vt 0.13406 0.64623
vt 0.10174 0.33109999999999995
vt 0.13438 0.3628
vt 0.1229 0.32383000000000006
vt 0.10049 0.23765000000000003
vt 0.11864 0.28367999999999993
vt 0.12202 0.24341000000000002
vt 0.11274 0.19218000000000002
vt 0.15175 0.16798999999999997
vt 0.13222 0.14888
vt 0.16041 0.11185999999999996
vt 0.20642 0.10667000000000004
vt 0.19456 0.08113999999999999
vt 0.23408 0.059169999999999945
vt 0.2805 0.06922000000000006
vt 0.27677 0.04413999999999996
vt 0.36603 0.04239999999999999
vt 0.32168 0.06372999999999995
vt 0.36295 0.06752000000000002
vt 0.44917 0.07547999999999999
vt 0.4025 0.08004999999999995
vt 0.43786 0.10189000000000004
vt 0.51336 0.14090999999999998
vt 0.469 0.12875000000000003
vt 0.49428 0.16087000000000007
vt 0.53398 0.18347000000000002
vt 0.52603 0.23513000000000006
vt 0.54742 0.22846
vt 0.55242 0.27516000000000007
vt 0.52728 0.31560999999999995
vt 0.54863 0.32199
vt 0.53618 0.36739
vt 0.49773 0.39139
vt 0.51697 0.41101
vt 0.48872 0.44843999999999995
vt 0.44244 0.45319
vt 0.45409 0.47951
vt 0.14396 0.56506
vt 0.18046 0.63176
vt 0.17951 0.60742
vt 0.20024 0.4845999999999999
vt 0.24689 0.47958
vt 0.21122 0.45782999999999996
vt 0.22599 0.54518
vt 0.23086 0.60092
vt 0.23904 0.58396
vt 0.28369 0.51652
vt 0.32732 0.49497
vt 0.28645 0.49158999999999997
vt 0.41399 0.50057
vt 0.36807 0.48995
vt 0.37146 0.51476
vt 0.21185 0.37434999999999996
vt 0.21723 0.36976
vt 0.19897 0.34834
vt 0.28302 0.52228
vt 0.28369 0.51652
vt 0.24083 0.50405
vt 0.47054 0.22260000000000002
vt 0.4641 0.22473999999999994
vt 0.4718 0.24871
vt 0.23561 0.39417
vt 0.24001 0.38859
vt 0.21723 0.36976
vt 0.45738 0.19761000000000006
vt 0.45117 0.20087
vt 0.4641 0.22473999999999994
vt 0.26336 0.40971
vt 0.26646 0.40332999999999997
vt 0.24001 0.38859
vt 0.29127 0.13443000000000005
vt 0.32253 0.13054999999999994
vt 0.32243 0.12341000000000002
vt 0.43891 0.17376000000000003
vt 0.43332 0.17818
vt 0.45117 0.20087
vt 0.29415 0.4194
vt 0.29577 0.4125
vt 0.26646 0.40332999999999997
vt 0.26161 0.14527
vt 0.29127 0.13443000000000005
vt 0.2895 0.12741999999999998
vt 0.41521 0.15269
vt 0.41062 0.15823999999999994
vt 0.43332 0.17818
vt 0.32642 0.42257
vt 0.32633 0.41552
vt 0.29577 0.4125
vt 0.23517 0.16193000000000002
vt 0.26161 0.14527
vt 0.25822 0.13890999999999998
vt 0.38701 0.13620999999999994
vt 0.38378 0.14271
vt 0.41062 0.15823999999999994
vt 0.35678 0.41128
vt 0.32633 0.41552
vt 0.32642 0.42257
vt 0.21295 0.18269000000000002
vt 0.23517 0.16193000000000002
vt 0.23045 0.15654999999999997
vt 0.35545 0.12607000000000002
vt 0.35386 0.13315
vt 0.38378 0.14271
vt 0.38583 0.40091
vt 0.35678 0.41128
vt 0.35857 0.41811
vt 0.19577 0.20602999999999994
vt 0.21295 0.18269000000000002
vt 0.20726 0.1785
vt 0.32243 0.12341000000000002
vt 0.32253 0.13054999999999994
vt 0.35386 0.13315
vt 0.41192 0.38508
vt 0.38583 0.40091
vt 0.3891 0.40715999999999997
vt 0.18353 0.23038999999999998
vt 0.19577 0.20602999999999994
vt 0.1895 0.20304999999999995
vt 0.43429 0.36545000000000005
vt 0.41192 0.38508
vt 0.41645 0.39050000000000007
vt 0.1765 0.25464
vt 0.18353 0.23038999999999998
vt 0.17706 0.22853999999999997
vt 0.45192 0.34334
vt 0.43429 0.36545000000000005
vt 0.43977 0.36983
vt 0.17448 0.27868000000000004
vt 0.1765 0.25464
vt 0.17002 0.25385
vt 0.46467 0.32017000000000007
vt 0.45192 0.34334
vt 0.45801 0.34658
vt 0.17113 0.30367
vt 0.17751 0.30243
vt 0.17448 0.27868000000000004
vt 0.47211 0.29655999999999993
vt 0.46467 0.32017000000000007
vt 0.471 0.32223
vt 0.17931 0.32804999999999995
vt 0.18559 0.32570999999999994
vt 0.17751 0.30243
vt 0.47448 0.27266999999999997
vt 0.47211 0.29655999999999993
vt 0.47852 0.29752
vt 0.19296 0.35183999999999993
vt 0.19897 0.34834
vt 0.18559 0.32570999999999994
vt 0.47827 0.24763999999999997
vt 0.4718 0.24871
vt 0.47448 0.27266999999999997
vt 0.23408 0.059169999999999945
vt 0.27677 0.04413999999999996
vt 0.27286 0.018510000000000026
vt 0.44917 0.07547999999999999
vt 0.48417 0.10494999999999999
vt 0.49523 0.08776000000000006
vt 0.32769 0.52536
vt 0.32763 0.51977
vt 0.28369 0.51652
vt 0.19456 0.08113999999999999
vt 0.23408 0.059169999999999945
vt 0.22679 0.035290000000000044
vt 0.41552 0.03154999999999997
vt 0.40894 0.05574000000000001
vt 0.44917 0.07547999999999999
vt 0.37146 0.51476
vt 0.32763 0.51977
vt 0.32769 0.52536
vt 0.14897 0.09519
vt 0.16041 0.11185999999999996
vt 0.19456 0.08113999999999999
vt 0.3693 0.016700000000000048
vt 0.36603 0.04239999999999999
vt 0.40894 0.05574000000000001
vt 0.41399 0.50057
vt 0.37146 0.51476
vt 0.37227 0.52049
vt 0.11895 0.13592000000000004
vt 0.13222 0.14888
vt 0.16041 0.11185999999999996
vt 0.32105 0.012070000000000025
vt 0.32137 0.03864000000000001
vt 0.36603 0.04239999999999999
vt 0.45409 0.47951
vt 0.41399 0.50057
vt 0.41575 0.50669
vt 0.09678 0.18291000000000002
vt 0.11274 0.19218000000000002
vt 0.13222 0.14888
vt 0.48872 0.44843999999999995
vt 0.45409 0.47951
vt 0.45631 0.48417
vt 0.08462 0.23363
vt 0.10049 0.23765000000000003
vt 0.11274 0.19218000000000002
vt 0.51697 0.41101
vt 0.48872 0.44843999999999995
vt 0.49235 0.45358999999999994
vt 0.08232 0.28513
vt 0.09672 0.28449
vt 0.10049 0.23765000000000003
vt 0.54574 0.37331000000000003
vt 0.53618 0.36739
vt 0.51697 0.41101
vt 0.0897 0.33525000000000005
vt 0.10174 0.33109999999999995
vt 0.09672 0.28449
vt 0.54863 0.32199
vt 0.53618 0.36739
vt 0.54574 0.37331000000000003
vt 0.10597 0.38225
vt 0.11536 0.37593
vt 0.10174 0.33109999999999995
vt 0.55242 0.27516000000000007
vt 0.54863 0.32199
vt 0.56078 0.32563
vt 0.13568 0.41871
vt 0.11536 0.37593
vt 0.10597 0.38225
vt 0.54742 0.22846
vt 0.55242 0.27516000000000007
vt 0.56684 0.27518
vt 0.16136 0.46025000000000005
vt 0.16486 0.45496000000000003
vt 0.13568 0.41871
vt 0.53398 0.18347000000000002
vt 0.54742 0.22846
vt 0.56319 0.22377000000000002
vt 0.19813 0.48934999999999995
vt 0.20024 0.4845999999999999
vt 0.16486 0.45496000000000003
vt 0.51336 0.14090999999999998
vt 0.53398 0.18347000000000002
vt 0.54972 0.17352999999999996
vt 0.23922 0.51023
vt 0.24083 0.50405
vt 0.20024 0.4845999999999999
vt 0.27677 0.04413999999999996
vt 0.32137 0.03864000000000001
vt 0.32105 0.012070000000000025
vt 0.48417 0.10494999999999999
vt 0.51336 0.14090999999999998
vt 0.52633 0.12739
vt 0.2103 0.11951999999999996
vt 0.2084 0.11102999999999996
vt 0.17926 0.13955000000000006
vt 0.47314 0.42484999999999995
vt 0.49773 0.39139
vt 0.487 0.38071999999999995
vt 0.40097 0.08577999999999997
vt 0.36226 0.07298000000000004
vt 0.36197 0.08094999999999997
vt 0.36451 0.46060999999999996
vt 0.36485 0.46811
vt 0.40132 0.45571000000000006
vt 0.18241 0.14800000000000002
vt 0.17926 0.13955000000000006
vt 0.15641 0.17256000000000005
vt 0.36226 0.07298000000000004
vt 0.32175 0.06915000000000004
vt 0.32184 0.07675999999999994
vt 0.40055 0.4478599999999999
vt 0.40132 0.45571000000000006
vt 0.43467 0.43629000000000007
vt 0.16119 0.18029000000000006
vt 0.15641 0.17256000000000005
vt 0.14069 0.20874000000000004
vt 0.43313 0.42806999999999995
vt 0.43467 0.43629000000000007
vt 0.46361 0.41076
vt 0.14714 0.2146
vt 0.14069 0.20874000000000004
vt 0.1319 0.24588999999999994
vt 0.46092 0.40245
vt 0.46361 0.41076
vt 0.487 0.38071999999999995
vt 0.13966 0.24876999999999994
vt 0.1319 0.24588999999999994
vt 0.12999 0.28315
vt 0.48277 0.37293
vt 0.487 0.38071999999999995
vt 0.50422 0.34719999999999995
vt 0.12999 0.28315
vt 0.13521 0.31955
vt 0.14256 0.31567
vt 0.49825 0.34095
vt 0.50422 0.34719999999999995
vt 0.51485 0.31184999999999996
vt 0.13521 0.31955
vt 0.14677 0.35441999999999996
vt 0.15257 0.3479300000000001
vt 0.5074 0.30828
vt 0.51485 0.31184999999999996
vt 0.5191 0.27523
vt 0.14677 0.35441999999999996
vt 0.16485 0.3872
vt 0.16888 0.37924
vt 0.5191 0.27523
vt 0.51621 0.23802999999999996
vt 0.50852 0.24124
vt 0.16485 0.3872
vt 0.189 0.41628
vt 0.19149 0.40786
vt 0.51621 0.23802999999999996
vt 0.50643 0.20121999999999995
vt 0.50012 0.20736
vt 0.189 0.41628
vt 0.21856 0.4406399999999999
vt 0.21989 0.4323600000000001
vt 0.50643 0.20121999999999995
vt 0.48973 0.16566000000000003
vt 0.48515 0.17359999999999998
vt 0.21856 0.4406399999999999
vt 0.25237 0.4587
vt 0.25295 0.45082
vt 0.32184 0.07675999999999994
vt 0.32175 0.06915000000000004
vt 0.28133 0.07465
vt 0.48973 0.16566000000000003
vt 0.46595 0.13356999999999997
vt 0.46302 0.14216000000000006
vt 0.25237 0.4587
vt 0.28913 0.46963
vt 0.28928 0.46212
vt 0.28182 0.0826
vt 0.28133 0.07465
vt 0.24296 0.08914
vt 0.46595 0.13356999999999997
vt 0.436 0.10633000000000004
vt 0.43433 0.11489000000000005
vt 0.28913 0.46963
vt 0.32704 0.47263999999999995
vt 0.32695 0.46548999999999996
vt 0.24398 0.09736
vt 0.24296 0.08914
vt 0.2084 0.11102999999999996
vt 0.436 0.10633000000000004
vt 0.40097 0.08577999999999997
vt 0.40015 0.09404000000000001
vt 0.32695 0.46548999999999996
vt 0.32704 0.47263999999999995
vt 0.36485 0.46811
vt 0.1319 0.24588999999999994
vt 0.12202 0.24341000000000002
vt 0.11864 0.28367999999999993
vt 0.49773 0.39139
vt 0.51682 0.35505999999999993
vt 0.50422 0.34719999999999995
vt 0.12999 0.28315
vt 0.11864 0.28367999999999993
vt 0.1229 0.32383000000000006
vt 0.51682 0.35505999999999993
vt 0.52728 0.31560999999999995
vt 0.51485 0.31184999999999996
vt 0.13521 0.31955
vt 0.1229 0.32383000000000006
vt 0.13438 0.3628
vt 0.52728 0.31560999999999995
vt 0.53047 0.27527
vt 0.5191 0.27523
vt 0.14677 0.35441999999999996
vt 0.13438 0.3628
vt 0.1544 0.39830999999999994
vt 0.53047 0.27527
vt 0.52603 0.23513000000000006
vt 0.51621 0.23802999999999996
vt 0.16485 0.3872
vt 0.1544 0.39830999999999994
vt 0.17983 0.43074
vt 0.52603 0.23513000000000006
vt 0.51427 0.19628999999999996
vt 0.50643 0.20121999999999995
vt 0.189 0.41628
vt 0.17983 0.43074
vt 0.21122 0.45782999999999996
vt 0.50643 0.20121999999999995
vt 0.51427 0.19628999999999996
vt 0.49428 0.16087000000000007
vt 0.21122 0.45782999999999996
vt 0.24689 0.47958
vt 0.25237 0.4587
vt 0.32175 0.06915000000000004
vt 0.32168 0.06372999999999995
vt 0.2805 0.06922000000000006
vt 0.49428 0.16087000000000007
vt 0.469 0.12875000000000003
vt 0.46595 0.13356999999999997
vt 0.24689 0.47958
vt 0.28645 0.49158999999999997
vt 0.28913 0.46963
vt 0.28133 0.07465
vt 0.2805 0.06922000000000006
vt 0.24128 0.08348
vt 0.469 0.12875000000000003
vt 0.43786 0.10189000000000004
vt 0.436 0.10633000000000004
vt 0.28645 0.49158999999999997
vt 0.32732 0.49497
vt 0.32704 0.47263999999999995
vt 0.24296 0.08914
vt 0.24128 0.08348
vt 0.20642 0.10667000000000004
vt 0.43786 0.10189000000000004
vt 0.4025 0.08004999999999995
vt 0.40097 0.08577999999999997
vt 0.32704 0.47263999999999995
vt 0.32732 0.49497
vt 0.36807 0.48995
vt 0.2084 0.11102999999999996
vt 0.20642 0.10667000000000004
vt 0.1761 0.13488
vt 0.4025 0.08004999999999995
vt 0.36295 0.06752000000000002
vt 0.36226 0.07298000000000004
vt 0.36485 0.46811
vt 0.36807 0.48995
vt 0.40732 0.47636
vt 0.17926 0.13955000000000006
vt 0.1761 0.13488
vt 0.15175 0.16798999999999997
vt 0.36295 0.06752000000000002
vt 0.32168 0.06372999999999995
vt 0.32175 0.06915000000000004
vt 0.40132 0.45571000000000006
vt 0.40732 0.47636
vt 0.44244 0.45319
vt 0.15175 0.16798999999999997
vt 0.13274 0.20415000000000005
vt 0.14069 0.20874000000000004
vt 0.44244 0.45319
vt 0.47314 0.42484999999999995
vt 0.46361 0.41076
vt 0.14069 0.20874000000000004
vt 0.13274 0.20415000000000005
vt 0.12202 0.24341000000000002
vt 0.20726 0.1785
vt 0.23045 0.15654999999999997
vt 0.2103 0.11951999999999996
vt 0.36197 0.08094999999999997
vt 0.35545 0.12607000000000002
vt 0.38701 0.13620999999999994
vt 0.40055 0.4478599999999999
vt 0.3891 0.40715999999999997
vt 0.35857 0.41811
vt 0.1895 0.20304999999999995
vt 0.20726 0.1785
vt 0.18241 0.14800000000000002
vt 0.32184 0.07675999999999994
vt 0.32243 0.12341000000000002
vt 0.35545 0.12607000000000002
vt 0.43313 0.42806999999999995
vt 0.41645 0.39050000000000007
vt 0.3891 0.40715999999999997
vt 0.17706 0.22853999999999997
vt 0.1895 0.20304999999999995
vt 0.16119 0.18029000000000006
vt 0.46092 0.40245
vt 0.43977 0.36983
vt 0.41645 0.39050000000000007
vt 0.17002 0.25385
vt 0.17706 0.22853999999999997
vt 0.14714 0.2146
vt 0.48277 0.37293
vt 0.45801 0.34658
vt 0.43977 0.36983
vt 0.16796 0.27891
vt 0.17002 0.25385
vt 0.13966 0.24876999999999994
vt 0.49825 0.34095
vt 0.471 0.32223
vt 0.45801 0.34658
vt 0.17113 0.30367
vt 0.16796 0.27891
vt 0.1385 0.2825500000000001
vt 0.5074 0.30828
vt 0.47852 0.29752
vt 0.471 0.32223
vt 0.17931 0.32804999999999995
vt 0.17113 0.30367
vt 0.14256 0.31567
vt 0.51058 0.27499000000000007
vt 0.48102 0.27262
vt 0.47852 0.29752
vt 0.19296 0.35183999999999993
vt 0.17931 0.32804999999999995
vt 0.15257 0.3479300000000001
vt 0.50852 0.24124
vt 0.47827 0.24763999999999997
vt 0.48102 0.27262
vt 0.21185 0.37434999999999996
vt 0.19296 0.35183999999999993
vt 0.16888 0.37924
vt 0.50012 0.20736
vt 0.47054 0.22260000000000002
vt 0.47827 0.24763999999999997
vt 0.23561 0.39417
vt 0.21185 0.37434999999999996
vt 0.19149 0.40786
vt 0.48515 0.17359999999999998
vt 0.45738 0.19761000000000006
vt 0.47054 0.22260000000000002
vt 0.26336 0.40971
vt 0.23561 0.39417
vt 0.21989 0.4323600000000001
vt 0.2895 0.12741999999999998
vt 0.32243 0.12341000000000002
vt 0.32184 0.07675999999999994
vt 0.46302 0.14216000000000006
vt 0.43891 0.17376000000000003
vt 0.45738 0.19761000000000006
vt 0.29415 0.4194
vt 0.26336 0.40971
vt 0.25295 0.45082
vt 0.25822 0.13890999999999998
vt 0.2895 0.12741999999999998
vt 0.28182 0.0826
vt 0.43433 0.11489000000000005
vt 0.41521 0.15269
vt 0.43891 0.17376000000000003
vt 0.32642 0.42257
vt 0.29415 0.4194
vt 0.28928 0.46212
vt 0.23045 0.15654999999999997
vt 0.25822 0.13890999999999998
vt 0.24398 0.09736
vt 0.40015 0.09404000000000001
vt 0.38701 0.13620999999999994
vt 0.41521 0.15269
vt 0.36451 0.46060999999999996
vt 0.35857 0.41811
vt 0.32642 0.42257
vt 0.86495 0.70314
vt 0.79207 0.73563
vt 0.81532 0.75138
vt 0.40727 0.66697
vt 0.3439 0.69784
vt 0.35472 0.71843
vt 0.71363 0.65931
vt 0.69042 0.65729
vt 0.65388 0.6818
vt 0.65388 0.6818
vt 0.63724 0.69144
vt 0.6372 0.84881
vt 0.69042 0.65729
vt 0.66765 0.65982
vt 0.65388 0.6818
vt 0.75784 0.67653
vt 0.7364 0.66581
vt 0.7668 0.70273
vt 0.79207 0.73563
vt 0.78095 0.71807
vt 0.76676 0.8601
vt 0.7668 0.70273
vt 0.7364 0.66581
vt 0.71363 0.65931
vt 0.71363 0.65931
vt 0.65388 0.6818
vt 0.7668 0.70273
vt 0.62308 0.70432
vt 0.59759 0.71103
vt 0.5887 0.73163
vt 0.5887 0.73163
vt 0.58416 0.75393
vt 0.62308 0.70432
vt 0.58416 0.77707
vt 0.58868 0.80016
vt 0.61193 0.81591
vt 0.61193 0.81591
vt 0.62305 0.83347
vt 0.62308 0.70432
vt 0.6372 0.84881
vt 0.64616 0.875
vt 0.6676 0.88573
vt 0.6676 0.88573
vt 0.69036 0.89222
vt 0.6372 0.84881
vt 0.71358 0.89425
vt 0.73634 0.89171
vt 0.75011 0.86973
vt 0.75011 0.86973
vt 0.76676 0.8601
vt 0.78095 0.71807
vt 0.78092 0.84722
vt 0.80641 0.84051
vt 0.8153 0.8199
vt 0.8153 0.8199
vt 0.81983 0.7976
vt 0.78092 0.84722
vt 0.81984 0.77447
vt 0.81532 0.75138
vt 0.79207 0.73563
vt 0.78095 0.71807
vt 0.7668 0.70273
vt 0.75011 0.86973
vt 0.65388 0.6818
vt 0.6372 0.84881
vt 0.7668 0.70273
vt 0.58416 0.75393
vt 0.58416 0.77707
vt 0.61193 0.81591
vt 0.62305 0.83347
vt 0.63724 0.69144
vt 0.62308 0.70432
vt 0.69036 0.89222
vt 0.71358 0.89425
vt 0.75011 0.86973
vt 0.76676 0.8601
vt 0.78092 0.84722
vt 0.79207 0.73563
vt 0.81983 0.7976
vt 0.81984 0.77447
vt 0.79207 0.73563
vt 0.7668 0.70273
vt 0.6372 0.84881
vt 0.75011 0.86973
vt 0.58416 0.75393
vt 0.61193 0.81591
vt 0.62308 0.70432
vt 0.69036 0.89222
vt 0.75011 0.86973
vt 0.6372 0.84881
vt 0.81983 0.7976
vt 0.79207 0.73563
vt 0.78092 0.84722
vt 0.15368 0.90744
vt 0.18093 0.92519
vt 0.14258 0.87833
vt 0.20353 0.93474
vt 0.23428 0.93723
vt 0.28647 0.91613
vt 0.28647 0.91613
vt 0.3071 0.90597
vt 0.32478 0.67119
vt 0.23428 0.93723
vt 0.25994 0.93819
vt 0.28647 0.91613
vt 0.14258 0.87833
vt 0.18093 0.92519
vt 0.20353 0.93474
vt 0.11262 0.82514
vt 0.12479 0.84769
vt 0.16117 0.64336
vt 0.08265 0.7651
vt 0.08478 0.78794
vt 0.11262 0.82514
vt 0.09159 0.70826
vt 0.08548 0.73166
vt 0.13928 0.66767
vt 0.13928 0.66767
vt 0.10821 0.67826
vt 0.09159 0.70826
vt 0.18046 0.63176
vt 0.16117 0.64336
vt 0.12479 0.84769
vt 0.23086 0.60092
vt 0.20528 0.60505
vt 0.18046 0.63176
vt 0.28898 0.61746
vt 0.26286 0.60335
vt 0.32478 0.67119
vt 0.32478 0.67119
vt 0.31686 0.64011
vt 0.28898 0.61746
vt 0.35472 0.71843
vt 0.3439 0.69784
vt 0.32866 0.88026
vt 0.38545 0.78757
vt 0.38371 0.76016
vt 0.35472 0.71843
vt 0.37645 0.84532
vt 0.38328 0.82328
vt 0.32866 0.88026
vt 0.32866 0.88026
vt 0.36022 0.87338
vt 0.37645 0.84532
vt 0.20353 0.93474
vt 0.28647 0.91613
vt 0.14258 0.87833
vt 0.12479 0.84769
vt 0.14258 0.87833
vt 0.18046 0.63176
vt 0.08548 0.73166
vt 0.08265 0.7651
vt 0.11262 0.82514
vt 0.16117 0.64336
vt 0.13928 0.66767
vt 0.11262 0.82514
vt 0.26286 0.60335
vt 0.23086 0.60092
vt 0.18046 0.63176
vt 0.3439 0.69784
vt 0.3071 0.90597
vt 0.32866 0.88026
vt 0.38328 0.82328
vt 0.38545 0.78757
vt 0.35472 0.71843
vt 0.28647 0.91613
vt 0.32478 0.67119
vt 0.18046 0.63176
vt 0.08548 0.73166
vt 0.11262 0.82514
vt 0.13928 0.66767
vt 0.26286 0.60335
vt 0.18046 0.63176
vt 0.32478 0.67119
vt 0.38328 0.82328
vt 0.35472 0.71843
vt 0.32866 0.88026
vt 0.14258 0.87833
vt 0.28647 0.91613
vt 0.18046 0.63176
vt 0.69042 0.65729
vt 0.71363 0.65931
vt 0.72017 0.59384
vt 0.4458 0.75144
vt 0.38371 0.76016
vt 0.38545 0.78757
vt 0.81927 0.64368
vt 0.7668 0.70273
vt 0.78095 0.71807
vt 0.65388 0.6818
vt 0.66765 0.65982
vt 0.64825 0.59468
vt 0.38328 0.82328
vt 0.37645 0.84532
vt 0.43028 0.87248
vt 0.75576 0.604
vt 0.7364 0.66581
vt 0.75784 0.67653
vt 0.62308 0.70432
vt 0.63724 0.69144
vt 0.58478 0.62326
vt 0.36022 0.87338
vt 0.32866 0.88026
vt 0.3907 0.92916
vt 0.192 0.97675
vt 0.20353 0.93474
vt 0.18093 0.92519
vt 0.5887 0.73163
vt 0.59759 0.71103
vt 0.53886 0.67465
vt 0.3071 0.90597
vt 0.28647 0.91613
vt 0.32253 0.98501
vt 0.12886 0.95401
vt 0.15368 0.90744
vt 0.14258 0.87833
vt 0.51791 0.77773
vt 0.58416 0.77707
vt 0.58416 0.75393
vt 0.25994 0.93819
vt 0.23428 0.93723
vt 0.24091 0.99125
vt 0.05519 0.88809
vt 0.12479 0.84769
vt 0.11262 0.82514
vt 0.53909 0.8483
vt 0.61193 0.81591
vt 0.58868 0.80016
vt 0.03508 0.79852
vt 0.08478 0.78794
vt 0.08265 0.7651
vt 0.58481 0.90775
vt 0.6372 0.84881
vt 0.62305 0.83347
vt 0.08548 0.73166
vt 0.09159 0.70826
vt 0.03282 0.68913
vt 0.64828 0.94734
vt 0.6676 0.88573
vt 0.64616 0.875
vt 0.10821 0.67826
vt 0.13928 0.66767
vt 0.07134 0.62816
vt 0.71358 0.89425
vt 0.69036 0.89222
vt 0.68384 0.95749
vt 0.16117 0.64336
vt 0.18046 0.63176
vt 0.13613 0.57389
vt 0.75011 0.86973
vt 0.73634 0.89171
vt 0.75568 0.9567
vt 0.20528 0.60505
vt 0.23086 0.60092
vt 0.21705 0.5485
vt 0.78092 0.84722
vt 0.76676 0.8601
vt 0.81915 0.92819
vt 0.27972 0.54939
vt 0.26286 0.60335
vt 0.28898 0.61746
vt 0.8153 0.8199
vt 0.80641 0.84051
vt 0.86513 0.87679
vt 0.34688 0.6002
vt 0.31686 0.64011
vt 0.32478 0.67119
vt 0.88611 0.77373
vt 0.81984 0.77447
vt 0.81983 0.7976
vt 0.08478 0.78794
vt 0.03508 0.79852
vt 0.03728 0.81098
vt 0.02772 0.77275
vt 0.02977 0.7838
vt 0.08265 0.7651
vt 0.08548 0.73166
vt 0.02738 0.70605
vt 0.02434 0.71843
vt 0.03589 0.67701
vt 0.03282 0.68913
vt 0.09159 0.70826
vt 0.10821 0.67826
vt 0.06179 0.63875
vt 0.05706 0.64822
vt 0.16117 0.64336
vt 0.12194 0.58018
vt 0.11395 0.58853
vt 0.20528 0.60505
vt 0.1982 0.54821
vt 0.18787 0.55055
vt 0.26286 0.60335
vt 0.27972 0.54939
vt 0.27012 0.5448
vt 0.3102 0.55822
vt 0.29949 0.55501
vt 0.28898 0.61746
vt 0.37087 0.61655
vt 0.36225 0.60793
vt 0.32478 0.67119
vt 0.35472 0.71843
vt 0.38095 0.72068
vt 0.42161 0.691
vt 0.38545 0.78757
vt 0.40252 0.80237
vt 0.45351 0.78469
vt 0.37645 0.84532
vt 0.38411 0.86637
vt 0.42631 0.88375
vt 0.38358 0.94245
vt 0.3907 0.92916
vt 0.32866 0.88026
vt 0.19893 0.9799
vt 0.20957 0.95132
vt 0.20353 0.93474
vt 0.15368 0.90744
vt 0.12886 0.95401
vt 0.13658 0.96072
vt 0.12479 0.84769
vt 0.05519 0.88809
vt 0.06145 0.90369
vt 0.03796 0.8619
vt 0.04338 0.87462
vt 0.11262 0.82514
vt 0.10321 0.94191
vt 0.11283 0.94891
vt 0.14258 0.87833
vt 0.16951 0.97356
vt 0.17765 0.9744
vt 0.18093 0.92519
vt 0.31686 0.64011
vt 0.34688 0.6002
vt 0.34043 0.59295
vt 0.40226 0.65318
vt 0.35012 0.67766
vt 0.3439 0.69784
vt 0.44352 0.73568
vt 0.39042 0.74175
vt 0.38371 0.76016
vt 0.44088 0.84555
vt 0.39978 0.81594
vt 0.38328 0.82328
vt 0.36022 0.87338
vt 0.40015 0.92119
vt 0.40569 0.91321
vt 0.3071 0.90597
vt 0.33748 0.98181
vt 0.34695 0.97519
vt 0.25994 0.93819
vt 0.25896 0.99458
vt 0.26909 0.99458
vt 0.31304 0.99265
vt 0.32253 0.98501
vt 0.28647 0.91613
vt 0.23146 0.99329
vt 0.24091 0.99125
vt 0.23428 0.93723
vt 0.06848 0.75491
vt 0.08265 0.7651
vt 0.08548 0.73166
vt 0.08337 0.68958
vt 0.09159 0.70826
vt 0.10821 0.67826
vt 0.13406 0.64623
vt 0.13928 0.66767
vt 0.16117 0.64336
vt 0.17951 0.60742
vt 0.18046 0.63176
vt 0.20528 0.60505
vt 0.23904 0.58396
vt 0.23086 0.60092
vt 0.26286 0.60335
vt 0.28898 0.61746
vt 0.31686 0.64011
vt 0.317 0.61893
vt 0.32478 0.67119
vt 0.3439 0.69784
vt 0.35012 0.67766
vt 0.35472 0.71843
vt 0.38371 0.76016
vt 0.39042 0.74175
vt 0.38545 0.78757
vt 0.38328 0.82328
vt 0.39978 0.81594
vt 0.37645 0.84532
vt 0.36022 0.87338
vt 0.37788 0.875
vt 0.32866 0.88026
vt 0.3071 0.90597
vt 0.32486 0.91442
vt 0.28647 0.91613
vt 0.25994 0.93819
vt 0.27186 0.94906
vt 0.23428 0.93723
vt 0.20353 0.93474
vt 0.20957 0.95132
vt 0.16933 0.93618
vt 0.18093 0.92519
vt 0.15368 0.90744
vt 0.12555 0.88402
vt 0.14258 0.87833
vt 0.12479 0.84769
vt 0.11262 0.82514
vt 0.08478 0.78794
vt 0.07889 0.80381
vt 0.13568 0.41871
vt 0.16486 0.45496000000000003
vt 0.17983 0.43074
vt 0.0774 0.61397
vt 0.07134 0.62816
vt 0.13928 0.66767
vt 0.10174 0.33109999999999995
vt 0.11536 0.37593
vt 0.13438 0.3628
vt 0.10049 0.23765000000000003
vt 0.09672 0.28449
vt 0.11864 0.28367999999999993
vt 0.11274 0.19218000000000002
vt 0.13274 0.20415000000000005
vt 0.15175 0.16798999999999997
vt 0.16041 0.11185999999999996
vt 0.1761 0.13488
vt 0.20642 0.10667000000000004
vt 0.23408 0.059169999999999945
vt 0.24128 0.08348
vt 0.2805 0.06922000000000006
vt 0.36603 0.04239999999999999
vt 0.32137 0.03864000000000001
vt 0.32168 0.06372999999999995
vt 0.44917 0.07547999999999999
vt 0.40894 0.05574000000000001
vt 0.4025 0.08004999999999995
vt 0.51336 0.14090999999999998
vt 0.48417 0.10494999999999999
vt 0.469 0.12875000000000003
vt 0.53398 0.18347000000000002
vt 0.51427 0.19628999999999996
vt 0.52603 0.23513000000000006
vt 0.55242 0.27516000000000007
vt 0.53047 0.27527
vt 0.52728 0.31560999999999995
vt 0.53618 0.36739
vt 0.51682 0.35505999999999993
vt 0.49773 0.39139
vt 0.48872 0.44843999999999995
vt 0.47314 0.42484999999999995
vt 0.44244 0.45319
vt 0.14396 0.56506
vt 0.13613 0.57389
vt 0.18046 0.63176
vt 0.20024 0.4845999999999999
vt 0.24083 0.50405
vt 0.24689 0.47958
vt 0.22599 0.54518
vt 0.21705 0.5485
vt 0.23086 0.60092
vt 0.28369 0.51652
vt 0.32763 0.51977
vt 0.32732 0.49497
vt 0.41399 0.50057
vt 0.40732 0.47636
vt 0.36807 0.48995
vt 0.29724 0.97482
vt 0.26257 0.97516
vt 0.29724 0.97482
vt 0.33802 0.97487
vt 0.37269 0.97511
vt 0.37269 0.97511
vt 0.0199 0.97922
vt 0.05457 0.97888
vt 0.05457 0.97888
vt 0.51135 0.9792
vt 0.58068 0.98088
vt 0.58068 0.98088
vt 0.83521 0.60024
vt 0.6972 0.71221
vt 0.94909 0.73668
vt 0.05457 0.97888
vt 0.12391 0.97773
vt 0.05457 0.97888
vt 0.44202 0.9768
vt 0.47669 0.978
vt 0.47669 0.978
vt 0.47669 0.978
vt 0.51135 0.9792
vt 0.51135 0.9792
vt 0.19323 0.97631
vt 0.26257 0.97516
vt 0.26257 0.97516
vt 0.15857 0.97702
vt 0.12391 0.97773
vt 0.15857 0.97702
vt 0.19323 0.97631
vt 0.15857 0.97702
vt 0.19323 0.97631
vt 0.05457 0.65761
vt 0.12391 0.8171
vt 0.12391 0.65646
vt 0.61535 0.98112
vt 0.58068 0.98088
vt 0.61535 0.98112
vt 0.05457 0.07865999999999995
vt 0.12391 0.07416
vt 0.05457 0.07530999999999999
vt 0.44202 0.17362
vt 0.37269 0.33257000000000003
vt 0.44202 0.33426
vt 0.44202 0.33426
vt 0.37269 0.4932099999999999
vt 0.44202 0.49489000000000005
vt 0.44202 0.49489000000000005
vt 0.37269 0.65384
vt 0.44202 0.65553
vt 0.0199 0.17605000000000004
vt 0.05457 0.33634
vt 0.05457 0.17571000000000003
vt 0.0199 0.33668
vt 0.05457 0.49698
vt 0.05457 0.33634
vt 0.0199 0.49732
vt 0.05457 0.65761
vt 0.05457 0.49698
vt 0.0199 0.65795
vt 0.05457 0.81825
vt 0.05457 0.65761
vt 0.44202 0.65553
vt 0.37269 0.81448
vt 0.44202 0.81616
vt 0.19323 0.17313999999999996
vt 0.26257 0.33262
vt 0.26257 0.17198999999999998
vt 0.19323 0.33377
vt 0.26257 0.49326000000000003
vt 0.26257 0.33262
vt 0.19323 0.49441
vt 0.26257 0.65389
vt 0.26257 0.49326000000000003
vt 0.61535 0.17794
vt 0.58068 0.33834
vt 0.61535 0.33858
vt 0.61535 0.33858
vt 0.58068 0.49898
vt 0.61535 0.49920999999999993
vt 0.61535 0.49920999999999993
vt 0.58068 0.65961
vt 0.61535 0.65985
vt 0.61535 0.65985
vt 0.58068 0.82025
vt 0.61535 0.82048
vt 0.19323 0.65504
vt 0.26257 0.81453
vt 0.26257 0.65389
vt 0.58068 0.17771000000000003
vt 0.51135 0.33665999999999996
vt 0.58068 0.33834
vt 0.58068 0.33834
vt 0.51135 0.49729
vt 0.58068 0.49898
vt 0.58068 0.49898
vt 0.51135 0.65793
vt 0.58068 0.65961
vt 0.58068 0.65961
vt 0.51135 0.81856
vt 0.58068 0.82025
vt 0.05457 0.17571000000000003
vt 0.12391 0.33519
vt 0.12391 0.17456000000000005
vt 0.05457 0.33634
vt 0.12391 0.49583
vt 0.12391 0.33519
vt 0.05457 0.49698
vt 0.12391 0.65646
vt 0.12391 0.49583
vt 0.26257 0.17198999999999998
vt 0.29724 0.33228
vt 0.29724 0.17164999999999997
vt 0.26257 0.33262
vt 0.29724 0.49292
vt 0.29724 0.33228
vt 0.26257 0.49326000000000003
vt 0.29724 0.65355
vt 0.29724 0.49292
vt 0.26257 0.65389
vt 0.29724 0.81418
vt 0.29724 0.65355
vt 0.37269 0.17193999999999998
vt 0.33802 0.3323400000000001
vt 0.37269 0.33257000000000003
vt 0.37269 0.33257000000000003
vt 0.33802 0.49297
vt 0.37269 0.4932099999999999
vt 0.37269 0.4932099999999999
vt 0.33802 0.65361
vt 0.37269 0.65384
vt 0.37269 0.65384
vt 0.33802 0.81424
vt 0.37269 0.81448
vt 0.15857 0.17385000000000006
vt 0.19323 0.33377
vt 0.19323 0.17313999999999996
vt 0.15857 0.33448
vt 0.19323 0.49441
vt 0.19323 0.33377
vt 0.15857 0.49512
vt 0.19323 0.65504
vt 0.19323 0.49441
vt 0.15857 0.65575
vt 0.19323 0.81568
vt 0.19323 0.65504
vt 0.12391 0.17456000000000005
vt 0.15857 0.33448
vt 0.15857 0.17385000000000006
vt 0.12391 0.33519
vt 0.15857 0.49512
vt 0.15857 0.33448
vt 0.12391 0.49583
vt 0.15857 0.65575
vt 0.15857 0.49512
vt 0.12391 0.65646
vt 0.15857 0.81639
vt 0.15857 0.65575
vt 0.51135 0.17602000000000007
vt 0.47668 0.33546
vt 0.51135 0.33665999999999996
vt 0.51135 0.33665999999999996
vt 0.47668 0.4960899999999999
vt 0.51135 0.49729
vt 0.51135 0.49729
vt 0.47669 0.65673
vt 0.51135 0.65793
vt 0.51135 0.65793
vt 0.47669 0.81736
vt 0.51135 0.81856
vt 0.47668 0.17481999999999998
vt 0.44202 0.33426
vt 0.47668 0.33546
vt 0.47668 0.33546
vt 0.44202 0.49489000000000005
vt 0.47668 0.4960899999999999
vt 0.47668 0.4960899999999999
vt 0.44202 0.65553
vt 0.47669 0.65673
vt 0.47669 0.65673
vt 0.44202 0.81616
vt 0.47669 0.81736
vt 0.47668 0.014190000000000036
vt 0.44202 0.07323000000000002
vt 0.47668 0.07443
vt 0.51135 0.07562999999999998
vt 0.58068 0.08065999999999995
vt 0.58068 0.07730999999999999
vt 0.51135 0.015390000000000015
vt 0.47668 0.07443
vt 0.51135 0.07562999999999998
vt 0.19323 0.07274000000000003
vt 0.26257 0.07494
vt 0.26257 0.07159000000000004
vt 0.12391 0.013920000000000043
vt 0.15857 0.07345000000000002
vt 0.15857 0.013209999999999944
vt 0.15857 0.013209999999999944
vt 0.19323 0.07274000000000003
vt 0.19323 0.012499999999999956
vt 0.37269 0.011299999999999977
vt 0.33802 0.07130999999999998
vt 0.37269 0.07154000000000005
vt 0.05457 0.07865999999999995
vt 0.12391 0.17456000000000005
vt 0.12391 0.07750999999999997
vt 0.26257 0.011349999999999971
vt 0.29724 0.07125000000000004
vt 0.29724 0.011009999999999964
vt 0.44202 0.07323000000000002
vt 0.37269 0.07489000000000001
vt 0.44202 0.07657000000000003
vt 0.61535 0.017310000000000048
vt 0.58068 0.07730999999999999
vt 0.61535 0.07755000000000001
vt 0.0199 0.01541999999999999
vt 0.05457 0.07530999999999999
vt 0.05457 0.015070000000000028
vt 0.37269 0.07154000000000005
vt 0.44202 0.012989999999999946
vt 0.37269 0.011299999999999977
vt 0.19323 0.93169
vt 0.26257 0.9264
vt 0.19323 0.92755
vt 0.0199 0.07565
vt 0.05457 0.07865999999999995
vt 0.05457 0.07530999999999999
vt 0.0199 0.07899999999999996
vt 0.05457 0.17571000000000003
vt 0.05457 0.07865999999999995
vt 0.19323 0.012499999999999956
vt 0.26257 0.07159000000000004
vt 0.26257 0.011349999999999971
vt 0.44202 0.07657000000000003
vt 0.37269 0.17193999999999998
vt 0.44202 0.17362
vt 0.61535 0.07755000000000001
vt 0.58068 0.08065999999999995
vt 0.61535 0.08089000000000002
vt 0.61535 0.08089000000000002
vt 0.58068 0.17771000000000003
vt 0.61535 0.17794
vt 0.58068 0.01707000000000003
vt 0.51135 0.07562999999999998
vt 0.58068 0.07730999999999999
vt 0.19323 0.07608999999999999
vt 0.26257 0.17198999999999998
vt 0.26257 0.07494
vt 0.05457 0.015070000000000028
vt 0.12391 0.07416
vt 0.12391 0.013920000000000043
vt 0.58068 0.08065999999999995
vt 0.51135 0.17602000000000007
vt 0.58068 0.17771000000000003
vt 0.29724 0.07125000000000004
vt 0.26257 0.07494
vt 0.29724 0.0746
vt 0.26257 0.07494
vt 0.29724 0.17164999999999997
vt 0.29724 0.0746
vt 0.33802 0.07130999999999998
vt 0.37269 0.07489000000000001
vt 0.37269 0.07154000000000005
vt 0.37269 0.07489000000000001
vt 0.33802 0.17169999999999996
vt 0.37269 0.17193999999999998
vt 0.15857 0.07345000000000002
vt 0.19323 0.07608999999999999
vt 0.19323 0.07274000000000003
vt 0.15857 0.07679999999999998
vt 0.19323 0.17313999999999996
vt 0.19323 0.07608999999999999
vt 0.15857 0.07345000000000002
vt 0.12391 0.07750999999999997
vt 0.15857 0.07679999999999998
vt 0.12391 0.07750999999999997
vt 0.15857 0.17385000000000006
vt 0.15857 0.07679999999999998
vt 0.47668 0.07443
vt 0.51135 0.07896999999999998
vt 0.51135 0.07562999999999998
vt 0.51135 0.07896999999999998
vt 0.47668 0.17481999999999998
vt 0.51135 0.17602000000000007
vt 0.47668 0.07443
vt 0.44202 0.07657000000000003
vt 0.47668 0.07777
vt 0.47668 0.07777
vt 0.44202 0.17362
vt 0.47668 0.17481999999999998
vt 0.26257 0.87202
vt 0.19323 0.92755
vt 0.26257 0.9264
vt 0.29099 0.87012
vt 0.26257 0.9264
vt 0.29724 0.92606
vt 0.37269 0.86885
vt 0.44202 0.92803
vt 0.44202 0.8721
vt 0.05457 0.93012
vt 0.0199 0.9346
vt 0.05457 0.93426
vt 0.05457 0.93426
vt 0.0199 0.97922
vt 0.05457 0.97888
vt 0.37269 0.92635
vt 0.44202 0.93218
vt 0.44202 0.92803
vt 0.51135 0.8745
vt 0.58068 0.93212
vt 0.58068 0.8754
vt 0.37269 0.93049
vt 0.44202 0.9768
vt 0.44202 0.93218
vt 0.58068 0.93212
vt 0.61535 0.9365
vt 0.61535 0.93235
vt 0.58068 0.93626
vt 0.61535 0.98112
vt 0.61535 0.9365
vt 0.34896 0.86705
vt 0.37269 0.92635
vt 0.37269 0.86885
vt 0.12391 0.93311
vt 0.05457 0.97888
vt 0.12391 0.97773
vt 0.12391 0.87303
vt 0.05457 0.93012
vt 0.12391 0.92897
vt 0.19323 0.87161
vt 0.15857 0.92826
vt 0.19323 0.92755
vt 0.26257 0.93054
vt 0.19323 0.97631
vt 0.26257 0.97516
vt 0.51135 0.93457
vt 0.58068 0.98088
vt 0.58068 0.93626
vt 0.15857 0.87232
vt 0.12391 0.92897
vt 0.15857 0.92826
vt 0.26257 0.9264
vt 0.29724 0.9302
vt 0.29724 0.92606
vt 0.29724 0.9302
vt 0.26257 0.97516
vt 0.29724 0.97482
vt 0.51135 0.93457
vt 0.58068 0.93212
vt 0.51135 0.93043
vt 0.37269 0.92635
vt 0.33802 0.93025
vt 0.37269 0.93049
vt 0.33802 0.93025
vt 0.37269 0.97511
vt 0.37269 0.93049
vt 0.19323 0.92755
vt 0.15857 0.9324
vt 0.19323 0.93169
vt 0.19323 0.93169
vt 0.15857 0.97702
vt 0.19323 0.97631
vt 0.12391 0.92897
vt 0.15857 0.9324
vt 0.15857 0.92826
vt 0.15857 0.9324
vt 0.12391 0.97773
vt 0.15857 0.97702
vt 0.47669 0.8733
vt 0.51135 0.81856
vt 0.47669 0.81736
vt 0.51135 0.93043
vt 0.47669 0.93338
vt 0.51135 0.93457
vt 0.47669 0.93338
vt 0.51135 0.9792
vt 0.51135 0.93457
vt 0.05457 0.93012
vt 0.12391 0.93311
vt 0.12391 0.92897
vt 0.44202 0.92803
vt 0.47669 0.93338
vt 0.47669 0.92923
vt 0.44202 0.8721
vt 0.47669 0.81736
vt 0.44202 0.81616
vt 0.44202 0.93218
vt 0.47669 0.978
vt 0.47669 0.93338
vt 0.58068 0.8754
vt 0.61535 0.93235
vt 0.59973 0.87564
vt 0.05457 0.86793
vt 0.0199 0.93046
vt 0.05457 0.93012
vt 0.37269 0.97511
vt 0.44202 0.9768
vt 0.37269 0.97511
vt 0.05457 0.81825
vt 0.03162 0.86827
vt 0.05457 0.86793
vt 0.58068 0.82025
vt 0.59973 0.87564
vt 0.61535 0.82048
vt 0.47669 0.92923
vt 0.44202 0.8721
vt 0.44202 0.92803
vt 0.51135 0.93043
vt 0.47669 0.8733
vt 0.47669 0.92923
vt 0.12391 0.8171
vt 0.15857 0.87232
vt 0.15857 0.81639
vt 0.15857 0.81639
vt 0.19323 0.87161
vt 0.19323 0.81568
vt 0.05457 0.81825
vt 0.12391 0.87303
vt 0.12391 0.8171
vt 0.37269 0.81448
vt 0.34896 0.86705
vt 0.37269 0.86885
vt 0.58068 0.82025
vt 0.51135 0.8745
vt 0.58068 0.8754
vt 0.37269 0.86885
vt 0.44202 0.81616
vt 0.37269 0.81448
vt 0.26257 0.81453
vt 0.29099 0.87012
vt 0.29724 0.81418
vt 0.19323 0.81568
vt 0.26257 0.87202
vt 0.26257 0.81453
vt 0.29724 0.97482
vt 0.26257 0.97516
vt 0.26257 0.97516
vt 0.33802 0.97487
vt 0.33802 0.97487
vt 0.37269 0.97511
vt 0.0199 0.97922
vt 0.0199 0.97922
vt 0.05457 0.97888
vt 0.51135 0.9792
vt 0.51135 0.9792
vt 0.58068 0.98088
vt 0.76381 0.83451
vt 0.81108 0.84865
vt 0.70217 0.76067
vt 0.8602 0.84387
vt 0.93489 0.78328
vt 0.81108 0.84865
vt 0.94909 0.73668
vt 0.94412 0.68822
vt 0.83521 0.60024
vt 0.83521 0.60024
vt 0.7861 0.60502
vt 0.71141 0.66561
vt 0.94412 0.68822
vt 0.88249 0.61438
vt 0.83521 0.60024
vt 0.81108 0.84865
vt 0.93489 0.78328
vt 0.70217 0.76067
vt 0.6972 0.71221
vt 0.70217 0.76067
vt 0.94909 0.73668
vt 0.83521 0.60024
vt 0.71141 0.66561
vt 0.6972 0.71221
vt 0.93489 0.78328
vt 0.94909 0.73668
vt 0.70217 0.76067
vt 0.05457 0.97888
vt 0.12391 0.97773
vt 0.12391 0.97773
vt 0.44202 0.9768
vt 0.44202 0.9768
vt 0.47669 0.978
vt 0.47669 0.978
vt 0.47669 0.978
vt 0.51135 0.9792
vt 0.19323 0.97631
vt 0.19323 0.97631
vt 0.26257 0.97516
vt 0.15857 0.97702
vt 0.12391 0.97773
vt 0.12391 0.97773
vt 0.19323 0.97631
vt 0.15857 0.97702
vt 0.15857 0.97702
vt 0.05457 0.65761
vt 0.05457 0.81825
vt 0.12391 0.8171
vt 0.61535 0.98112
vt 0.58068 0.98088
vt 0.58068 0.98088
vt 0.05457 0.07865999999999995
vt 0.12391 0.07750999999999997
vt 0.12391 0.07416
vt 0.44202 0.17362
vt 0.37269 0.17193999999999998
vt 0.37269 0.33257000000000003
vt 0.44202 0.33426
vt 0.37269 0.33257000000000003
vt 0.37269 0.4932099999999999
vt 0.44202 0.49489000000000005
vt 0.37269 0.4932099999999999
vt 0.37269 0.65384
vt 0.0199 0.17605000000000004
vt 0.0199 0.33668
vt 0.05457 0.33634
vt 0.0199 0.33668
vt 0.0199 0.49732
vt 0.05457 0.49698
vt 0.0199 0.49732
vt 0.0199 0.65795
vt 0.05457 0.65761
vt 0.0199 0.65795
vt 0.0199 0.81859
vt 0.05457 0.81825
vt 0.44202 0.65553
vt 0.37269 0.65384
vt 0.37269 0.81448
vt 0.19323 0.17313999999999996
vt 0.19323 0.33377
vt 0.26257 0.33262
vt 0.19323 0.33377
vt 0.19323 0.49441
vt 0.26257 0.49326000000000003
vt 0.19323 0.49441
vt 0.19323 0.65504
vt 0.26257 0.65389
vt 0.61535 0.17794
vt 0.58068 0.17771000000000003
vt 0.58068 0.33834
vt 0.61535 0.33858
vt 0.58068 0.33834
vt 0.58068 0.49898
vt 0.61535 0.49920999999999993
vt 0.58068 0.49898
vt 0.58068 0.65961
vt 0.61535 0.65985
vt 0.58068 0.65961
vt 0.58068 0.82025
vt 0.19323 0.65504
vt 0.19323 0.81568
vt 0.26257 0.81453
vt 0.58068 0.17771000000000003
vt 0.51135 0.17602000000000007
vt 0.51135 0.33665999999999996
vt 0.58068 0.33834
vt 0.51135 0.33665999999999996
vt 0.51135 0.49729
vt 0.58068 0.49898
vt 0.51135 0.49729
vt 0.51135 0.65793
vt 0.58068 0.65961
vt 0.51135 0.65793
vt 0.51135 0.81856
vt 0.05457 0.17571000000000003
vt 0.05457 0.33634
vt 0.12391 0.33519
vt 0.05457 0.33634
vt 0.05457 0.49698
vt 0.12391 0.49583
vt 0.05457 0.49698
vt 0.05457 0.65761
vt 0.12391 0.65646
vt 0.26257 0.17198999999999998
vt 0.26257 0.33262
vt 0.29724 0.33228
vt 0.26257 0.33262
vt 0.26257 0.49326000000000003
vt 0.29724 0.49292
vt 0.26257 0.49326000000000003
vt 0.26257 0.65389
vt 0.29724 0.65355
vt 0.26257 0.65389
vt 0.26257 0.81453
vt 0.29724 0.81418
vt 0.37269 0.17193999999999998
vt 0.33802 0.17169999999999996
vt 0.33802 0.3323400000000001
vt 0.37269 0.33257000000000003
vt 0.33802 0.3323400000000001
vt 0.33802 0.49297
vt 0.37269 0.4932099999999999
vt 0.33802 0.49297
vt 0.33802 0.65361
vt 0.37269 0.65384
vt 0.33802 0.65361
vt 0.33802 0.81424
vt 0.15857 0.17385000000000006
vt 0.15857 0.33448
vt 0.19323 0.33377
vt 0.15857 0.33448
vt 0.15857 0.49512
vt 0.19323 0.49441
vt 0.15857 0.49512
vt 0.15857 0.65575
vt 0.19323 0.65504
vt 0.15857 0.65575
vt 0.15857 0.81639
vt 0.19323 0.81568
vt 0.12391 0.17456000000000005
vt 0.12391 0.33519
vt 0.15857 0.33448
vt 0.12391 0.33519
vt 0.12391 0.49583
vt 0.15857 0.49512
vt 0.12391 0.49583
vt 0.12391 0.65646
vt 0.15857 0.65575
vt 0.12391 0.65646
vt 0.12391 0.8171
vt 0.15857 0.81639
vt 0.51135 0.17602000000000007
vt 0.47668 0.17481999999999998
vt 0.47668 0.33546
vt 0.51135 0.33665999999999996
vt 0.47668 0.33546
vt 0.47668 0.4960899999999999
vt 0.51135 0.49729
vt 0.47668 0.4960899999999999
vt 0.47669 0.65673
vt 0.51135 0.65793
vt 0.47669 0.65673
vt 0.47669 0.81736
vt 0.47668 0.17481999999999998
vt 0.44202 0.17362
vt 0.44202 0.33426
vt 0.47668 0.33546
vt 0.44202 0.33426
vt 0.44202 0.49489000000000005
vt 0.47668 0.4960899999999999
vt 0.44202 0.49489000000000005
vt 0.44202 0.65553
vt 0.47669 0.65673
vt 0.44202 0.65553
vt 0.44202 0.81616
vt 0.47668 0.014190000000000036
vt 0.44202 0.012989999999999946
vt 0.44202 0.07323000000000002
vt 0.51135 0.07562999999999998
vt 0.51135 0.07896999999999998
vt 0.58068 0.08065999999999995
vt 0.51135 0.015390000000000015
vt 0.47668 0.014190000000000036
vt 0.47668 0.07443
vt 0.19323 0.07274000000000003
vt 0.19323 0.07608999999999999
vt 0.26257 0.07494
vt 0.12391 0.013920000000000043
vt 0.12391 0.07416
vt 0.15857 0.07345000000000002
vt 0.15857 0.013209999999999944
vt 0.15857 0.07345000000000002
vt 0.19323 0.07274000000000003
vt 0.37269 0.011299999999999977
vt 0.33802 0.011070000000000024
vt 0.33802 0.07130999999999998
vt 0.05457 0.07865999999999995
vt 0.05457 0.17571000000000003
vt 0.12391 0.17456000000000005
vt 0.26257 0.011349999999999971
vt 0.26257 0.07159000000000004
vt 0.29724 0.07125000000000004
vt 0.44202 0.07323000000000002
vt 0.37269 0.07154000000000005
vt 0.37269 0.07489000000000001
vt 0.61535 0.017310000000000048
vt 0.58068 0.01707000000000003
vt 0.58068 0.07730999999999999
vt 0.0199 0.01541999999999999
vt 0.0199 0.07565
vt 0.05457 0.07530999999999999
vt 0.37269 0.07154000000000005
vt 0.44202 0.07323000000000002
vt 0.44202 0.012989999999999946
vt 0.19323 0.93169
vt 0.26257 0.93054
vt 0.26257 0.9264
vt 0.0199 0.07565
vt 0.0199 0.07899999999999996
vt 0.05457 0.07865999999999995
vt 0.0199 0.07899999999999996
vt 0.0199 0.17605000000000004
vt 0.05457 0.17571000000000003
vt 0.19323 0.012499999999999956
vt 0.19323 0.07274000000000003
vt 0.26257 0.07159000000000004
vt 0.44202 0.07657000000000003
vt 0.37269 0.07489000000000001
vt 0.37269 0.17193999999999998
vt 0.61535 0.07755000000000001
vt 0.58068 0.07730999999999999
vt 0.58068 0.08065999999999995
vt 0.61535 0.08089000000000002
vt 0.58068 0.08065999999999995
vt 0.58068 0.17771000000000003
vt 0.58068 0.01707000000000003
vt 0.51135 0.015390000000000015
vt 0.51135 0.07562999999999998
vt 0.19323 0.07608999999999999
vt 0.19323 0.17313999999999996
vt 0.26257 0.17198999999999998
vt 0.05457 0.015070000000000028
vt 0.05457 0.07530999999999999
vt 0.12391 0.07416
vt 0.58068 0.08065999999999995
vt 0.51135 0.07896999999999998
vt 0.51135 0.17602000000000007
vt 0.29724 0.07125000000000004
vt 0.26257 0.07159000000000004
vt 0.26257 0.07494
vt 0.26257 0.07494
vt 0.26257 0.17198999999999998
vt 0.29724 0.17164999999999997
vt 0.33802 0.07130999999999998
vt 0.33802 0.07465
vt 0.37269 0.07489000000000001
vt 0.37269 0.07489000000000001
vt 0.33802 0.07465
vt 0.33802 0.17169999999999996
vt 0.15857 0.07345000000000002
vt 0.15857 0.07679999999999998
vt 0.19323 0.07608999999999999
vt 0.15857 0.07679999999999998
vt 0.15857 0.17385000000000006
vt 0.19323 0.17313999999999996
vt 0.15857 0.07345000000000002
vt 0.12391 0.07416
vt 0.12391 0.07750999999999997
vt 0.12391 0.07750999999999997
vt 0.12391 0.17456000000000005
vt 0.15857 0.17385000000000006
vt 0.47668 0.07443
vt 0.47668 0.07777
vt 0.51135 0.07896999999999998
vt 0.51135 0.07896999999999998
vt 0.47668 0.07777
vt 0.47668 0.17481999999999998
vt 0.47668 0.07443
vt 0.44202 0.07323000000000002
vt 0.44202 0.07657000000000003
vt 0.47668 0.07777
vt 0.44202 0.07657000000000003
vt 0.44202 0.17362
vt 0.26257 0.87202
vt 0.19323 0.87161
vt 0.19323 0.92755
vt 0.29099 0.87012
vt 0.26257 0.87202
vt 0.26257 0.9264
vt 0.37269 0.86885
vt 0.37269 0.92635
vt 0.44202 0.92803
vt 0.05457 0.93012
vt 0.0199 0.93046
vt 0.0199 0.9346
vt 0.05457 0.93426
vt 0.0199 0.9346
vt 0.0199 0.97922
vt 0.37269 0.92635
vt 0.37269 0.93049
vt 0.44202 0.93218
vt 0.51135 0.8745
vt 0.51135 0.93043
vt 0.58068 0.93212
vt 0.37269 0.93049
vt 0.37269 0.97511
vt 0.44202 0.9768
vt 0.58068 0.93212
vt 0.58068 0.93626
vt 0.61535 0.9365
vt 0.58068 0.93626
vt 0.58068 0.98088
vt 0.61535 0.98112
vt 0.34896 0.86705
vt 0.33802 0.92611
vt 0.37269 0.92635
vt 0.12391 0.93311
vt 0.05457 0.93426
vt 0.05457 0.97888
vt 0.12391 0.87303
vt 0.05457 0.86793
vt 0.05457 0.93012
vt 0.19323 0.87161
vt 0.15857 0.87232
vt 0.15857 0.92826
vt 0.26257 0.93054
vt 0.19323 0.93169
vt 0.19323 0.97631
vt 0.51135 0.93457
vt 0.51135 0.9792
vt 0.58068 0.98088
vt 0.15857 0.87232
vt 0.12391 0.87303
vt 0.12391 0.92897
vt 0.26257 0.9264
vt 0.26257 0.93054
vt 0.29724 0.9302
vt 0.29724 0.9302
vt 0.26257 0.93054
vt 0.26257 0.97516
vt 0.51135 0.93457
vt 0.58068 0.93626
vt 0.58068 0.93212
vt 0.37269 0.92635
vt 0.33802 0.92611
vt 0.33802 0.93025
vt 0.33802 0.93025
vt 0.33802 0.97487
vt 0.37269 0.97511
vt 0.19323 0.92755
vt 0.15857 0.92826
vt 0.15857 0.9324
vt 0.19323 0.93169
vt 0.15857 0.9324
vt 0.15857 0.97702
vt 0.12391 0.92897
vt 0.12391 0.93311
vt 0.15857 0.9324
vt 0.15857 0.9324
vt 0.12391 0.93311
vt 0.12391 0.97773
vt 0.47669 0.8733
vt 0.51135 0.8745
vt 0.51135 0.81856
vt 0.51135 0.93043
vt 0.47669 0.92923
vt 0.47669 0.93338
vt 0.47669 0.93338
vt 0.47669 0.978
vt 0.51135 0.9792
vt 0.05457 0.93012
vt 0.05457 0.93426
vt 0.12391 0.93311
vt 0.44202 0.92803
vt 0.44202 0.93218
vt 0.47669 0.93338
vt 0.44202 0.8721
vt 0.47669 0.8733
vt 0.47669 0.81736
vt 0.44202 0.93218
vt 0.44202 0.9768
vt 0.47669 0.978
vt 0.58068 0.8754
vt 0.58068 0.93212
vt 0.61535 0.93235
vt 0.05457 0.86793
vt 0.03162 0.86827
vt 0.0199 0.93046
vt 0.37269 0.97511
vt 0.44202 0.9768
vt 0.44202 0.9768
vt 0.05457 0.81825
vt 0.0199 0.81859
vt 0.03162 0.86827
vt 0.58068 0.82025
vt 0.58068 0.8754
vt 0.59973 0.87564
vt 0.47669 0.92923
vt 0.47669 0.8733
vt 0.44202 0.8721
vt 0.51135 0.93043
vt 0.51135 0.8745
vt 0.47669 0.8733
vt 0.12391 0.8171
vt 0.12391 0.87303
vt 0.15857 0.87232
vt 0.15857 0.81639
vt 0.15857 0.87232
vt 0.19323 0.87161
vt 0.05457 0.81825
vt 0.05457 0.86793
vt 0.12391 0.87303
vt 0.37269 0.81448
vt 0.33802 0.81424
vt 0.34896 0.86705
vt 0.58068 0.82025
vt 0.51135 0.81856
vt 0.51135 0.8745
vt 0.37269 0.86885
vt 0.44202 0.8721
vt 0.44202 0.81616
vt 0.26257 0.81453
vt 0.26257 0.87202
vt 0.29099 0.87012
vt 0.19323 0.81568
vt 0.19323 0.87161
vt 0.26257 0.87202
vt 0.00016 0.92437
vt 0.05966 0.5458
vt 0.00017 0.5458
vt 0.70711 0.58466
vt 0.67137 0.65257
vt 0.91609 0.59578
vt 0.44731 0.06518999999999997
vt 0.37032 0.44375999999999993
vt 0.44731 0.44375999999999993
vt 0.57408 0.92437
vt 0.51458 0.5458
vt 0.51458 0.92437
vt 0.12693 0.5458
vt 0.05966 0.92437
vt 0.12693 0.92437
vt 0.28712 0.44375999999999993
vt 0.37032 0.06518999999999997
vt 0.28712 0.06518999999999997
vt 0.20392 0.92437
vt 0.12693 0.5458
vt 0.12693 0.92437
vt 0.20392 0.44375999999999993
vt 0.28712 0.06518999999999997
vt 0.20392 0.06518999999999997
vt 0.28712 0.92437
vt 0.20392 0.5458
vt 0.20392 0.92437
vt 0.37032 0.92437
vt 0.28712 0.5458
vt 0.28712 0.92437
vt 0.05966 0.44375999999999993
vt 0.12693 0.06518999999999997
vt 0.05966 0.06518999999999997
vt 0.44731 0.92437
vt 0.37032 0.5458
vt 0.37032 0.92437
vt 0.51458 0.06518999999999997
vt 0.57408 0.44375999999999993
vt 0.57408 0.06518999999999997
vt 0.00017 0.44375999999999993
vt 0.05966 0.06518999999999997
vt 0.00016 0.06518999999999997
vt 0.51458 0.92437
vt 0.44731 0.5458
vt 0.44731 0.92437
vt 0.44731 0.06518999999999997
vt 0.51458 0.44375999999999993
vt 0.51458 0.06518999999999997
vt 0.12693 0.06518999999999997
vt 0.20392 0.44375999999999993
vt 0.20392 0.06518999999999997
vt 0.00016 0.92437
vt 0.05966 0.92437
vt 0.05966 0.5458
vt 0.73643 0.93718
vt 0.79211 0.95653
vt 0.69096 0.88812
vt 0.84953 0.9432
vt 0.89995 0.89924
vt 0.79211 0.95653
vt 0.93568 0.83133
vt 0.9513 0.74981
vt 0.65575 0.73409
vt 0.94442 0.6671
vt 0.91609 0.59578
vt 0.67137 0.65257
vt 0.87062 0.54672
vt 0.81494 0.52737
vt 0.91609 0.59578
vt 0.75752 0.5407
vt 0.70711 0.58466
vt 0.81494 0.52737
vt 0.67137 0.65257
vt 0.65575 0.73409
vt 0.9513 0.74981
vt 0.66263 0.8168
vt 0.69096 0.88812
vt 0.93568 0.83133
vt 0.79211 0.95653
vt 0.89995 0.89924
vt 0.69096 0.88812
vt 0.9513 0.74981
vt 0.94442 0.6671
vt 0.67137 0.65257
vt 0.81494 0.52737
vt 0.70711 0.58466
vt 0.91609 0.59578
vt 0.65575 0.73409
vt 0.66263 0.8168
vt 0.93568 0.83133
vt 0.89995 0.89924
vt 0.93568 0.83133
vt 0.69096 0.88812
vt 0.44731 0.06518999999999997
vt 0.37032 0.06518999999999997
vt 0.37032 0.44375999999999993
vt 0.57408 0.92437
vt 0.57408 0.5458
vt 0.51458 0.5458
vt 0.12693 0.5458
vt 0.05966 0.5458
vt 0.05966 0.92437
vt 0.28712 0.44375999999999993
vt 0.37032 0.44375999999999993
vt 0.37032 0.06518999999999997
vt 0.20392 0.92437
vt 0.20392 0.5458
vt 0.12693 0.5458
vt 0.20392 0.44375999999999993
vt 0.28712 0.44375999999999993
vt 0.28712 0.06518999999999997
vt 0.28712 0.92437
vt 0.28712 0.5458
vt 0.20392 0.5458
vt 0.37032 0.92437
vt 0.37032 0.5458
vt 0.28712 0.5458
vt 0.05966 0.44375999999999993
vt 0.12693 0.44375999999999993
vt 0.12693 0.06518999999999997
vt 0.44731 0.92437
vt 0.44731 0.5458
vt 0.37032 0.5458
vt 0.51458 0.06518999999999997
vt 0.51458 0.44375999999999993
vt 0.57408 0.44375999999999993
vt 0.00017 0.44375999999999993
vt 0.05966 0.44375999999999993
vt 0.05966 0.06518999999999997
vt 0.51458 0.92437
vt 0.51458 0.5458
vt 0.44731 0.5458
vt 0.44731 0.06518999999999997
vt 0.44731 0.44375999999999993
vt 0.51458 0.44375999999999993
vt 0.12693 0.06518999999999997
vt 0.12693 0.44375999999999993
vt 0.20392 0.44375999999999993
vt 0.02073 0.64502
vt 0.07172 0.6194
vt 0.07175 0.64693
vt 0.07175 0.64693
vt 0.13088 0.62083
vt 0.13089 0.64834
vt 0.40533 0.6241
vt 0.50149 0.65248
vt 0.40519 0.65174
vt 0.90002 0.61352
vt 0.93633 0.63911
vt 0.89954 0.64128
vt 0.93739 0.61168
vt 0.94652 0.63609
vt 0.93633 0.63911
vt 0.95058 0.61149
vt 0.95651 0.6298
vt 0.94652 0.63609
vt 0.96232 0.61193
vt 0.96278 0.62433
vt 0.95651 0.6298
vt 0.02072 0.51139
vt 0.07161 0.53689
vt 0.0207 0.53884
vt 0.40446 0.50414
vt 0.33452 0.53205
vt 0.3344 0.5045
vt 0.17936 0.44897999999999993
vt 0.2762 0.45659000000000005
vt 0.17936 0.45659000000000005
vt 0.84386 0.44897999999999993
vt 0.90505 0.45659000000000005
vt 0.84386 0.45659000000000005
vt 0.58292 0.44897999999999993
vt 0.6437 0.45659000000000005
vt 0.58292 0.45659000000000005
vt 0.2762 0.44897999999999993
vt 0.37207 0.45659000000000005
vt 0.2762 0.45659000000000005
vt 0.90505 0.45659000000000005
vt 0.94007 0.44897999999999993
vt 0.94007 0.45659000000000005
vt 0.07075 0.44938999999999996
vt 0.07446 0.4570000000000001
vt 0.07075 0.4570000000000001
vt 0.6437 0.45659000000000005
vt 0.71828 0.44897999999999993
vt 0.71828 0.45659000000000005
vt 0.37207 0.44897999999999993
vt 0.43804 0.45659000000000005
vt 0.37207 0.45659000000000005
vt 0.94007 0.44897999999999993
vt 0.95239 0.45659000000000005
vt 0.94007 0.45659000000000005
vt 0.07525 0.44897999999999993
vt 0.12349 0.45659000000000005
vt 0.07525 0.45659000000000005
vt 0.71828 0.44897999999999993
vt 0.7864 0.45659000000000005
vt 0.71828 0.45659000000000005
vt 0.43804 0.44897999999999993
vt 0.52871 0.45659000000000005
vt 0.43804 0.45659000000000005
vt 0.95239 0.45659000000000005
vt 0.96329 0.44897999999999993
vt 0.96329 0.45659000000000005
vt 0.12349 0.44897999999999993
vt 0.17936 0.45659000000000005
vt 0.12349 0.45659000000000005
vt 0.7864 0.44897999999999993
vt 0.84386 0.45659000000000005
vt 0.7864 0.45659000000000005
vt 0.52871 0.44897999999999993
vt 0.58292 0.45659000000000005
vt 0.52871 0.45659000000000005
vt 0.96329 0.44897999999999993
vt 0.97009 0.45619999999999994
vt 0.96329 0.45659000000000005
vt 0.835 0.64561
vt 0.77637 0.67529
vt 0.7743 0.64818
vt 0.7743 0.64818
vt 0.70217 0.67999
vt 0.70237 0.65107
vt 0.70217 0.67999
vt 0.62354 0.65309
vt 0.70237 0.65107
vt 0.62313 0.6817
vt 0.5591 0.654
vt 0.62354 0.65309
vt 0.98089 0.4507300000000001
vt 0.97009 0.45619999999999994
vt 0.97009 0.44936
vt 0.62266 0.50245
vt 0.70131 0.47537000000000007
vt 0.70153 0.50433
vt 0.70131 0.47537000000000007
vt 0.77355 0.50718
vt 0.70153 0.50433
vt 0.96313 0.53124
vt 0.97249 0.51115
vt 0.97024 0.54231
vt 0.77564 0.48005
vt 0.83439 0.50972
vt 0.77355 0.50718
vt 0.83646 0.4825900000000001
vt 0.89911 0.51262
vt 0.83439 0.50972
vt 0.90114 0.48577000000000004
vt 0.93623 0.51573
vt 0.89911 0.51262
vt 0.33501 0.65384
vt 0.23316 0.68461
vt 0.23334 0.65308
vt 0.93789 0.48841
vt 0.94665 0.51861
vt 0.93623 0.51573
vt 0.94665 0.51861
vt 0.95731 0.49676
vt 0.95672 0.5253
vt 0.98262 0.52508
vt 0.97024 0.54231
vt 0.97249 0.51115
vt 0.13046 0.47364000000000006
vt 0.23291 0.50305
vt 0.13062 0.50573
vt 0.95672 0.5253
vt 0.96402 0.50181
vt 0.96313 0.53124
vt 0.97014 0.61296
vt 0.9824 0.63036
vt 0.9722 0.64412
vt 0.98766 0.53619
vt 0.98194 0.54063
vt 0.98262 0.52508
vt 0.98089 0.4507300000000001
vt 0.98676 0.45277999999999996
vt 0.98089 0.45484
vt 0.98181 0.61481
vt 0.9875 0.61934
vt 0.9824 0.63036
vt 0.13089 0.64834
vt 0.23343 0.62277
vt 0.23337 0.65028
vt 0.23343 0.62277
vt 0.33503 0.65147
vt 0.23337 0.65028
vt 0.33514 0.62388
vt 0.40519 0.65174
vt 0.33503 0.65147
vt 0.50172 0.62487
vt 0.5591 0.6523
vt 0.50149 0.65248
vt 0.55935 0.62471
vt 0.62353 0.65113
vt 0.5591 0.6523
vt 0.6238 0.62363
vt 0.70235 0.649
vt 0.62353 0.65113
vt 0.70264 0.62155
vt 0.77428 0.64636
vt 0.70235 0.649
vt 0.77457 0.61892
vt 0.83496 0.64389
vt 0.77428 0.64636
vt 0.83528 0.61642
vt 0.89954 0.64128
vt 0.83496 0.64389
vt 0.07162 0.50942
vt 0.13064 0.53539
vt 0.07161 0.53689
vt 0.13064 0.50794
vt 0.23299 0.5333
vt 0.13064 0.53539
vt 0.3344 0.5045
vt 0.23299 0.5333
vt 0.23291 0.50584
vt 0.50064 0.50324
vt 0.40462 0.53173
vt 0.40446 0.50414
vt 0.55821 0.50333
vt 0.50088 0.53082
vt 0.50064 0.50324
vt 0.62263 0.5044
vt 0.55847 0.53091
vt 0.55821 0.50333
vt 0.70149 0.5064
vt 0.6229 0.53191
vt 0.62263 0.5044
vt 0.77351 0.50901
vt 0.70178 0.53389
vt 0.70149 0.5064
vt 0.83433 0.51145
vt 0.7738 0.53651
vt 0.77351 0.50901
vt 0.89914 0.51401
vt 0.83466 0.53901
vt 0.83433 0.51145
vt 0.93617 0.51626
vt 0.89962 0.54187
vt 0.89914 0.51401
vt 0.94658 0.51913
vt 0.93722 0.54376
vt 0.93617 0.51626
vt 0.95658 0.52546
vt 0.9507 0.54396
vt 0.94658 0.51913
vt 0.96314 0.53135
vt 0.96266 0.54315
vt 0.95658 0.52546
vt 0.07172 0.64846
vt 0.02072 0.67966
vt 0.02071 0.64642
vt 0.94666 0.6366
vt 0.93797 0.66666
vt 0.93631 0.63953
vt 0.93631 0.63953
vt 0.90151 0.66941
vt 0.89951 0.64265
vt 0.89951 0.64265
vt 0.83705 0.67269
vt 0.835 0.64561
vt 0.23271 0.47157000000000004
vt 0.3344 0.50213
vt 0.23291 0.50305
vt 0.33447 0.47053999999999996
vt 0.40447 0.50186
vt 0.3344 0.50213
vt 0.40447 0.50186
vt 0.50034 0.47219
vt 0.50065 0.50114
vt 0.50065 0.50114
vt 0.55786 0.47294
vt 0.55822 0.50163
vt 0.95741 0.65836
vt 0.94666 0.6366
vt 0.95659 0.63018
vt 0.13086 0.65054
vt 0.07135 0.6804
vt 0.07172 0.64846
vt 0.23334 0.65308
vt 0.1307 0.6827
vt 0.13086 0.65054
vt 0.96392 0.65328
vt 0.95659 0.63018
vt 0.96287 0.62429
vt 0.40518 0.65401
vt 0.3351 0.68549
vt 0.33501 0.65384
vt 0.07122 0.47602999999999995
vt 0.13062 0.50573
vt 0.0716 0.5079
vt 0.50118 0.68355
vt 0.40518 0.65401
vt 0.50148 0.65458
vt 0.55875 0.6827
vt 0.50148 0.65458
vt 0.5591 0.654
vt 0.9722 0.64412
vt 0.96287 0.62429
vt 0.97014 0.61296
vt 0.55822 0.50163
vt 0.62224 0.47382
vt 0.62266 0.50245
vt 0.0207 0.47683
vt 0.0716 0.5079
vt 0.0207 0.50999
vt 0.02073 0.64502
vt 0.0207 0.61751
vt 0.07172 0.6194
vt 0.07175 0.64693
vt 0.07172 0.6194
vt 0.13088 0.62083
vt 0.40533 0.6241
vt 0.50172 0.62487
vt 0.50149 0.65248
vt 0.90002 0.61352
vt 0.93739 0.61168
vt 0.93633 0.63911
vt 0.93739 0.61168
vt 0.95058 0.61149
vt 0.94652 0.63609
vt 0.95058 0.61149
vt 0.96232 0.61193
vt 0.95651 0.6298
vt 0.96232 0.61193
vt 0.97014 0.61296
vt 0.96278 0.62433
vt 0.02072 0.51139
vt 0.07162 0.50942
vt 0.07161 0.53689
vt 0.40446 0.50414
vt 0.40462 0.53173
vt 0.33452 0.53205
vt 0.17936 0.44897999999999993
vt 0.2762 0.44897999999999993
vt 0.2762 0.45659000000000005
vt 0.84386 0.44897999999999993
vt 0.90505 0.44897999999999993
vt 0.90505 0.45659000000000005
vt 0.58292 0.44897999999999993
vt 0.6437 0.44897999999999993
vt 0.6437 0.45659000000000005
vt 0.2762 0.44897999999999993
vt 0.37207 0.44897999999999993
vt 0.37207 0.45659000000000005
vt 0.90505 0.45659000000000005
vt 0.90505 0.44897999999999993
vt 0.94007 0.44897999999999993
vt 0.07075 0.44938999999999996
vt 0.07446 0.44938999999999996
vt 0.07446 0.4570000000000001
vt 0.6437 0.45659000000000005
vt 0.6437 0.44897999999999993
vt 0.71828 0.44897999999999993
vt 0.37207 0.44897999999999993
vt 0.43804 0.44897999999999993
vt 0.43804 0.45659000000000005
vt 0.94007 0.44897999999999993
vt 0.95239 0.44897999999999993
vt 0.95239 0.45659000000000005
vt 0.07525 0.44897999999999993
vt 0.12349 0.44897999999999993
vt 0.12349 0.45659000000000005
vt 0.71828 0.44897999999999993
vt 0.7864 0.44897999999999993
vt 0.7864 0.45659000000000005
vt 0.43804 0.44897999999999993
vt 0.52871 0.44897999999999993
vt 0.52871 0.45659000000000005
vt 0.95239 0.45659000000000005
vt 0.95239 0.44897999999999993
vt 0.96329 0.44897999999999993
vt 0.12349 0.44897999999999993
vt 0.17936 0.44897999999999993
vt 0.17936 0.45659000000000005
vt 0.7864 0.44897999999999993
vt 0.84386 0.44897999999999993
vt 0.84386 0.45659000000000005
vt 0.52871 0.44897999999999993
vt 0.58292 0.44897999999999993
vt 0.58292 0.45659000000000005
vt 0.96329 0.44897999999999993
vt 0.97009 0.44936
vt 0.97009 0.45619999999999994
vt 0.835 0.64561
vt 0.83705 0.67269
vt 0.77637 0.67529
vt 0.7743 0.64818
vt 0.77637 0.67529
vt 0.70217 0.67999
vt 0.70217 0.67999
vt 0.62313 0.6817
vt 0.62354 0.65309
vt 0.62313 0.6817
vt 0.55875 0.6827
vt 0.5591 0.654
vt 0.98089 0.4507300000000001
vt 0.98089 0.45484
vt 0.97009 0.45619999999999994
vt 0.62266 0.50245
vt 0.62224 0.47382
vt 0.70131 0.47537000000000007
vt 0.70131 0.47537000000000007
vt 0.77564 0.48005
vt 0.77355 0.50718
vt 0.96313 0.53124
vt 0.96402 0.50181
vt 0.97249 0.51115
vt 0.77564 0.48005
vt 0.83646 0.4825900000000001
vt 0.83439 0.50972
vt 0.83646 0.4825900000000001
vt 0.90114 0.48577000000000004
vt 0.89911 0.51262
vt 0.90114 0.48577000000000004
vt 0.93789 0.48841
vt 0.93623 0.51573
vt 0.33501 0.65384
vt 0.3351 0.68549
vt 0.23316 0.68461
vt 0.93789 0.48841
vt 0.94801 0.49133000000000004
vt 0.94665 0.51861
vt 0.94665 0.51861
vt 0.94801 0.49133000000000004
vt 0.95731 0.49676
vt 0.98262 0.52508
vt 0.98194 0.54063
vt 0.97024 0.54231
vt 0.13046 0.47364000000000006
vt 0.23271 0.47157000000000004
vt 0.23291 0.50305
vt 0.95672 0.5253
vt 0.95731 0.49676
vt 0.96402 0.50181
vt 0.97014 0.61296
vt 0.98181 0.61481
vt 0.9824 0.63036
vt 0.98766 0.53619
vt 0.98842 0.53976
vt 0.98194 0.54063
vt 0.98181 0.61481
vt 0.98828 0.61577
vt 0.9875 0.61934
vt 0.13089 0.64834
vt 0.13088 0.62083
vt 0.23343 0.62277
vt 0.23343 0.62277
vt 0.33514 0.62388
vt 0.33503 0.65147
vt 0.33514 0.62388
vt 0.40533 0.6241
vt 0.40519 0.65174
vt 0.50172 0.62487
vt 0.55935 0.62471
vt 0.5591 0.6523
vt 0.55935 0.62471
vt 0.6238 0.62363
vt 0.62353 0.65113
vt 0.6238 0.62363
vt 0.70264 0.62155
vt 0.70235 0.649
vt 0.70264 0.62155
vt 0.77457 0.61892
vt 0.77428 0.64636
vt 0.77457 0.61892
vt 0.83528 0.61642
vt 0.83496 0.64389
vt 0.83528 0.61642
vt 0.90002 0.61352
vt 0.89954 0.64128
vt 0.07162 0.50942
vt 0.13064 0.50794
vt 0.13064 0.53539
vt 0.13064 0.50794
vt 0.23291 0.50584
vt 0.23299 0.5333
vt 0.3344 0.5045
vt 0.33452 0.53205
vt 0.23299 0.5333
vt 0.50064 0.50324
vt 0.50088 0.53082
vt 0.40462 0.53173
vt 0.55821 0.50333
vt 0.55847 0.53091
vt 0.50088 0.53082
vt 0.62263 0.5044
vt 0.6229 0.53191
vt 0.55847 0.53091
vt 0.70149 0.5064
vt 0.70178 0.53389
vt 0.6229 0.53191
vt 0.77351 0.50901
vt 0.7738 0.53651
vt 0.70178 0.53389
vt 0.83433 0.51145
vt 0.83466 0.53901
vt 0.7738 0.53651
vt 0.89914 0.51401
vt 0.89962 0.54187
vt 0.83466 0.53901
vt 0.93617 0.51626
vt 0.93722 0.54376
vt 0.89962 0.54187
vt 0.94658 0.51913
vt 0.9507 0.54396
vt 0.93722 0.54376
vt 0.95658 0.52546
vt 0.96266 0.54315
vt 0.9507 0.54396
vt 0.96314 0.53135
vt 0.97024 0.54231
vt 0.96266 0.54315
vt 0.07172 0.64846
vt 0.07135 0.6804
vt 0.02072 0.67966
vt 0.94666 0.6366
vt 0.94808 0.66366
vt 0.93797 0.66666
vt 0.93631 0.63953
vt 0.93797 0.66666
vt 0.90151 0.66941
vt 0.89951 0.64265
vt 0.90151 0.66941
vt 0.83705 0.67269
vt 0.23271 0.47157000000000004
vt 0.33447 0.47053999999999996
vt 0.3344 0.50213
vt 0.33447 0.47053999999999996
vt 0.4044 0.47043
vt 0.40447 0.50186
vt 0.40447 0.50186
vt 0.4044 0.47043
vt 0.50034 0.47219
vt 0.50065 0.50114
vt 0.50034 0.47219
vt 0.55786 0.47294
vt 0.95741 0.65836
vt 0.94808 0.66366
vt 0.94666 0.6366
vt 0.13086 0.65054
vt 0.1307 0.6827
vt 0.07135 0.6804
vt 0.23334 0.65308
vt 0.23316 0.68461
vt 0.1307 0.6827
vt 0.96392 0.65328
vt 0.95741 0.65836
vt 0.95659 0.63018
vt 0.40518 0.65401
vt 0.40513 0.68549
vt 0.3351 0.68549
vt 0.07122 0.47602999999999995
vt 0.13046 0.47364000000000006
vt 0.13062 0.50573
vt 0.50118 0.68355
vt 0.40513 0.68549
vt 0.40518 0.65401
vt 0.55875 0.6827
vt 0.50118 0.68355
vt 0.50148 0.65458
vt 0.9722 0.64412
vt 0.96392 0.65328
vt 0.96287 0.62429
vt 0.55822 0.50163
vt 0.55786 0.47294
vt 0.62224 0.47382
vt 0.0207 0.47683
vt 0.07122 0.47602999999999995
vt 0.0716 0.5079
vn 1.444218728440614e-7 1.1579286653909552e-7 0.999999999999983
vn -0.9345583275993686 0.34017273228356953 -0.104322790057601
vn 3.4019963293924787e-7 8.119987840824514e-8 0.9999999999999389
vn 6.944244925443521e-7 -4.1551398151679315e-7 0.9999999999996726
vn 1.6001541458396406e-7 7.953400698312253e-8 0.9999999999999841
vn 0 0 1
vn 0 0 1
vn 6.135229563719511e-7 -5.700856576574634e-7 0.9999999999996494
vn 6.637005826479537e-8 1.9226549828363805e-7 0.9999999999999795
vn 0 0 1
vn 1.2281953493118603e-7 1.473772149206984e-7 0.9999999999999817
vn 7.347743766148307e-7 -8.683664927733739e-8 0.9999999999997264
vn 9.651937547765108e-8 -1.7333166159834325e-7 0.9999999999999805
vn 9.65192697814163e-8 1.7333147178667216e-7 0.9999999999999805
vn 7.347794631683842e-7 8.683877953960104e-8 0.9999999999997264
vn 1.2282033734595985e-7 -1.473764906493827e-7 0.9999999999999817
vn 0 0 1
vn 6.636994353736784e-8 -1.9226560890158662e-7 0.9999999999999795
vn 6.135245029919895e-7 5.700916308722047e-7 0.9999999999996494
vn 0 0 1
vn 0 0 1
vn 1.600171187410547e-7 -7.953020321993156e-8 0.9999999999999841
vn 6.944216470853907e-7 4.1551341539886484e-7 0.9999999999996726
vn 3.4020064349253245e-7 -8.119936196901759e-8 0.9999999999999389
vn 1.4442153863252202e-7 -1.1579358235030271e-7 0.999999999999983
vn 1.7343258986949534e-7 -3.850977089869708e-23 0.9999999999999851
vn 1.609320818947184e-7 -7.99873259885903e-8 0.999999999999984
vn 3.4686518002779827e-7 -7.701954186152233e-23 0.9999999999999399
vn 3.84426235150783e-7 8.07200777404162e-7 0.9999999999996004
vn 3.844272865408196e-7 -8.071998352923725e-7 0.9999999999996004
vn 3.4686493939705897e-7 -7.701948843076489e-23 0.9999999999999399
vn 1.6093210455067638e-7 7.998741449694188e-8 0.999999999999984
vn 1.7343249963295254e-7 -3.8509750862159584e-23 0.9999999999999851
vn 0.9393343846788498 0.34191180356862916 0.027335550853307716
vn 0.7122483917542416 -0.7013928306660095 0.027392070637669057
vn -0.9858402500450071 0.11650967965666506 -0.12060056358698866
vn 0.8384474603209204 0.5440276805534765 0.03224498523806834
vn 0.8384503868597685 -0.5440231324617747 0.032245621736648716
vn -0.9858429712026109 -0.1165100266684963 -0.12057798230238541
vn 0.7122497015100023 0.7013915160515409 0.0273916759223267
vn 0.9393345465671581 -0.3419112427737935 0.0273370022195536
vn -0.9345575464737268 -0.3401747802223766 -0.10432310975841247
vn 0.5643812823701432 0.8251935065138593 0.02300967008876791
vn 0.9926926102627535 -0.11731807779693636 0.028246241373911792
vn -0.8282263514513698 -0.5446840939637703 -0.1317586754047673
vn 0.41184241801696464 0.91107488214573 0.018121309143768735
vn -0.7095305137835956 -0.6987175089669885 -0.09143463606835965
vn 0.24508392357055278 0.9694591063069794 0.009105581021351747
vn -0.5635492302381865 -0.8239748955820951 -0.05897148928442627
vn 0.08180543081982283 0.9966426517874548 0.0033609710580892412
vn -0.41403437004766763 -0.9092295722966915 -0.04332580386336515
vn -0.08180532413565246 0.9966411699293242 -0.003777213916220757
vn -0.2450711900862003 -0.9694190571783776 -0.012915237865365059
vn -0.24507261374446293 0.9694186970658799 -0.012915253445018714
vn -0.08180415560357124 -0.9966412657396279 -0.0037772411756991134
vn -0.41403438883793264 0.9092295766827019 -0.04332553225286878
vn 0.08180541606042478 -0.996642653166421 0.003360921388245694
vn -0.5635481038387536 0.8239757010563706 -0.05897099904536258
vn 0.24508453521390383 -0.9694589677312142 0.009103871951736196
vn -0.7095337672524029 0.6987165430763577 -0.09141676848389116
vn 0.4118436891625925 -0.9110743709480389 0.018118120724325976
vn -0.8282261111337766 0.5446841407954477 -0.13175999241858713
vn 0.9926924489343142 0.11731932855054358 0.02824671622054171
vn 0.5643833265232084 -0.8251921049280678 0.02300979589180252
vn -1.2282023354619867e-7 1.4737619739865196e-7 -0.9999999999999817
vn -0.5643800802391794 -0.8251918451987446 -0.02309856373692348
vn 0 0 -1
vn -6.636871560111934e-8 1.9226607010875085e-7 -0.9999999999999793
vn -1.4442209459196834e-7 1.1579202290426868e-7 -0.9999999999999829
vn 0 0 -1
vn 0 0 -1
vn -1.6093411757701777e-7 7.998843441312191e-8 -0.999999999999984
vn -7.748467080212957e-7 -4.947129179342362e-7 -0.9999999999995774
vn -1.7010016327696824e-7 4.059933696165964e-8 -0.9999999999999849
vn -1.4442102215276757e-7 1.1579438467870813e-7 -0.9999999999999829
vn -3.4686517993152376e-7 7.701954184014509e-23 -0.9999999999999398
vn -3.2002857851554927e-7 1.590632146924505e-7 -0.9999999999999362
vn -3.4686524006519213e-7 7.701955519250173e-23 -0.9999999999999398
vn -2.4447941284020905e-7 -9.670772766613034e-7 -0.9999999999995025
vn -2.4448064935585146e-7 9.67076981529722e-7 -0.9999999999995025
vn -3.468650280681731e-7 -3.48850685760534e-13 -0.9999999999999398
vn -3.2002860491588413e-7 -1.5906356998341957e-7 -0.9999999999999362
vn -3.468649106665117e-7 -3.488505680331499e-13 -0.9999999999999398
vn -1.4442147392630063e-7 -1.1579344975761725e-7 -0.9999999999999829
vn -1.7010003136265073e-7 -4.059969595983706e-8 -0.9999999999999848
vn -7.74843817960118e-7 4.947073690956264e-7 -0.9999999999995776
vn -1.609339041451366e-7 -7.998893786036284e-8 -0.999999999999984
vn 0 0 -1
vn 0 0 -1
vn -1.4442191557113637e-7 -1.1579201964314249e-7 -0.9999999999999829
vn -6.636888072788771e-8 -1.9226604317239607e-7 -0.9999999999999793
vn 0 0 -1
vn -1.2282041456418297e-7 -1.4737641460831966e-7 -0.9999999999999817
vn -8.381583092600898e-7 9.905662372253632e-8 -0.9999999999996438
vn -8.351879331713194e-7 -3.131262866854995e-7 -0.9999999999996022
vn -8.351984302738858e-7 3.1313109417762667e-7 -0.9999999999996022
vn -8.381491733865314e-7 -9.90555646256253e-8 -0.9999999999996438
vn 0.08180565244782598 0.9966411092253187 0.0037861101030094192
vn -0.41184469714950556 -0.9110729963718744 -0.018164270197476528
vn -0.08180580139017134 0.9966425727927996 -0.0033753452951183326
vn -0.2450821261129804 -0.9694590751857721 -0.009157128364767876
vn -0.2450822992449419 0.9694590311913523 -0.009157152305032655
vn -0.08180450493880372 -0.9966426794277747 -0.003375279950339133
vn -0.4118459999053375 0.9110724000592217 -0.018164641815961835
vn 0.08180560839521839 -0.9966411128942817 0.0037860961340162812
vn -0.5643801066521252 0.8251918255475328 -0.023098620410449182
vn 0.2450734239176716 -0.9694185192900951 0.012913223713269284
vn -0.7122463866170405 0.7013895852157445 -0.027526977710149624
vn 0.41404857062754036 -0.9092655289060484 0.04242616061458874
vn -0.8384402444151349 0.5440293455092737 -0.032404131987147825
vn 0.9862055533681837 0.11655259197280878 0.11753339870085619
vn 0.5635896536840125 -0.824033822195931 0.05774913105406569
vn -0.9393275846629008 0.3419108852916038 -0.027579615850713446
vn 0.934777088589758 0.3402544111317608 0.10207218207246431
vn 0.7097077902745647 -0.6988884883110288 0.08871151745923106
vn -0.9926851748804572 0.11731853656035206 -0.028504465472865538
vn 0.8288060245457027 0.5450574219034072 0.12646335637155703
vn 0.8288091413362167 -0.5450527038055998 0.12646326467290267
vn -0.9926848875735316 -0.1173213266198981 -0.028502987620113718
vn 0.7097075612281797 0.6988866963937103 0.0887274655303273
vn 0.9347748833486655 -0.34025330148769145 0.1020960738090117
vn -0.9393276719212802 -0.34191064758476186 -0.027579590843894847
vn 0.5635889307617642 0.8240350112441367 0.057739218618602484
vn 0.9862057162872798 -0.11655119385059076 0.11753341811712799
vn -0.8384396052637998 -0.5440306746239605 -0.03239835479282928
vn 0.4140479244669057 0.9092661634567286 0.042418866525749686
vn -0.7122464041574468 -0.7013897591447923 -0.027522091700987246
vn 0.24507205462922027 0.969418868723239 0.012912978090598853
vn -0.7119420868231454 -0.701091105241975 -0.0401214052656517
vn -0.938704407527144 0.34168178788821413 -0.04569016430947997
vn 0.9387036464946847 0.3416838836232751 0.0456901272672578
vn -0.5642456396215728 -0.8249943914625639 -0.03179799086980736
vn -0.9919307438879376 0.11722869489624867 -0.04827869533080997
vn 0.8381133391374973 0.5439686232681646 0.04079421110319635
vn -0.41428531898544957 -0.9099236738807316 -0.020163883170571082
vn 0.7119418873544817 0.7010912908762837 0.040121700955525294
vn -0.24507564801615891 -0.9694305724142431 -0.011928621800225619
vn 0.5642459145880349 0.8249941981170561 0.031798127993769444
vn -0.08180468792932762 -0.996640426192794 -0.003981697003955103
vn 0.41185317260996795 0.9109545844797553 0.023210110435339465
vn 0.0818047020274979 -0.9966404251033172 0.003981680056421919
vn 0.24507441018692636 0.9694308834824231 0.01192877286307168
vn 0.24507564537643475 -0.9694305704829744 0.011928832984791807
vn 0.08180464565779491 0.9966404297411279 0.003981677312739468
vn 0.4118522845961699 -0.9109549894976466 0.0232099716126028
vn -0.08180600508231499 0.9966403178232874 -0.0039817611140230995
vn 0.5642465820824755 -0.8249937401411316 0.031798165610477234
vn -0.2450780317808714 0.9694299690089313 -0.011928684996961512
vn 0.7119431312984771 -0.7010900324485216 0.04012161759264546
vn -0.41428516135159393 0.9099237220729075 -0.020164947132836435
vn 0.8381132489699654 -0.5439687625218494 0.04079420671439539
vn -0.991930375524929 -0.11723056550345869 -0.04828172141414041
vn -0.564246492365413 0.8249937501282014 -0.031799498466719124
vn 0.9387045243588238 -0.3416817465780382 0.0456880728818373
vn -0.9387043567676674 -0.34168213915300977 -0.045688580293367184
vn -0.7119432310329776 0.7010899396308785 -0.040121469747450775
vn 0.9919304766316341 -0.11722998256660551 0.0482810596069822
vn -0.8346584842659469 -0.548755803239774 -0.047034913134210835
vn -0.8346595222566073 0.5487540035346726 -0.047037490484090554
vn 0.9919304713742938 0.1172300063416399 0.0482811098910384
vn 0.010258338620092886 -0.007018096829668916 0.9999227534193054
vn 0.007937712523344766 -0.029184405023182404 -0.9995425269708837
vn -0.037905800481237775 -7.165457416564277e-7 0.9992813168919767
vn 0.0379057776257165 2.8948956495275726e-7 -0.9992813177591714
vn 0.0027764131862771154 0.0036265539879747123 0.9999895697636008
vn 0.022788284774968363 -0.020211358978903186 -0.99953598986992
vn -0.0023516230858950027 -0.025161215141302828 0.9996806405655133
vn -0.01465201190195782 0.050611852802735835 0.9986109146725262
vn 0.029279018300070386 -0.016861505580417158 -0.9994290513673024
vn 0.0006257665519522908 -0.010386730915499255 0.9999458606530213
vn -0.00812056672398344 0.02891738338754305 0.9995488188848503
vn 0.05921580368778059 0.0061239679791722105 -0.9982264200119131
vn 0.024471085172862138 -0.0004054083124651319 -0.9997004559539636
vn -0.023019852240723306 0.01929658020168963 0.9995487623899774
vn 0.040111151720246575 -0.012038343781137831 -0.9991227020675101
vn 0.02366445561766239 0.03815804648608056 -0.9989914699479101
vn -0.02920140067003644 0.015909623857800773 0.9994469280895367
vn 0.025579374926604018 0.0008455568078128128 -0.9996724366571528
vn 0.03911247557351717 0.016415301433342012 -0.999099971040618
vn -0.05958174702276976 -0.007334484580550767 0.9981964840439242
vn 0.03098152717455814 0.012207358649664815 -0.9994454088987205
vn -0.03988893394187471 0.011819258507932544 0.999134214246166
vn 0.026513563652084727 0.01685652930603648 -0.9995063223222861
vn -0.024815368224696387 -0.001123687711558094 0.9996914198020306
vn -0.009894787948263548 0.00823099373020711 -0.9999171685263097
vn -0.023676318105340193 0.0004993962628517488 0.9997195519566213
vn 0.0021288939429361916 0.025380455931524576 -0.9996755975151579
vn -0.022962424293740385 -0.03879556836362757 0.9989832986321131
vn -0.0013877943687147867 0.010664146805475193 -0.9999421733278887
vn -0.03893023907070517 -0.01614821213495297 0.9991114410969091
vn -0.0035689470821218183 -0.003720419744370216 -0.9999867104585194
vn -0.0307504555341226 -0.011291604411349606 0.9994633105593529
vn 0.013952599133471133 -0.049972520028029446 -0.9986531290790956
vn -0.026592234529593712 -0.015904841250006713 0.9995198292617988
vn -0.8942353723546502 0.4463057412123365 -0.033974758139639995
vn 0.9716054985064828 -0.23370772841339363 0.03692496380256444
vn -0.9992766598738183 0.0017298810504569142 -0.0379890055539305
vn 0.9723786770303635 0.23046105281623708 0.036978528790529756
vn -0.8955697678314594 -0.4436149587880644 -0.034066982340241664
vn -0.6405127730217485 -0.7675610597947147 -0.02435994833337964
vn -0.3266217178325712 -0.9450733329876689 -0.01243578367772536
vn 2.9557570488177944e-7 -0.9999999999999559 2.8413193087727887e-8
vn -0.16370866736954484 0.9864890396094452 -0.006232732829374837
vn -0.4868047514427541 0.8733145803777521 -0.018514255923181535
vn -0.7787860235286723 0.6260057540997304 -0.04011390520039212
vn -0.9711072646235653 0.23334995727391564 -0.04998477803890545
vn -0.9717602080513522 -0.23061437969545606 -0.04999105845721798
vn -0.7789340731718444 -0.626407711263653 -0.02958190192248976
vn 1.9645112540407333e-7 0.9999999999999807 -5.3434751698220545e-9
vn -0.3257124964579832 0.9453880283650752 -0.012363069000214954
vn -0.6390772107313184 0.7687597193431585 -0.024265461860567345
vn 0.7789352767041244 -0.6264061842838351 0.029582545475926245
vn 0.48560401692427896 -0.8739844351001581 0.01843762321076713
vn 0.16324038843881108 -0.9865668734613893 0.006195140915712931
vn 0.3266224629632204 -0.9450730878693036 0.012434841093446863
vn 0.6390345264826626 -0.7684730953504912 0.03292378601428331
vn 0.8938850756768506 -0.4459275050234633 0.04602316531639399
vn 0.9986776041626576 -0.0014576610462433365 0.051389864450187096
vn 0.8942347867431893 0.4463071502299215 0.03397166219084785
vn 0.6390767659957582 0.7687601126766092 0.02426471351263424
vn 0.3257115184568951 0.9453883398881114 0.012365013065271067
vn -0.4856030185907266 -0.8739850093071327 -0.018436698239809025
vn -0.16323925138686798 -0.9865670581394779 -0.006195692105898091
vn -0.08341635203091614 -0.9955007743354516 0.04494352580039275
vn 0.24261978899131614 -0.9683935245675162 0.05787589796722888
vn 0.5616215984898631 -0.8247928582439282 0.06555853185896253
vn 0.36006188705686465 -0.9315725871693491 0.05027874624188124
vn 0.9885448659159557 -0.11725565783044307 0.0950271475840209
vn 0.9352820896088199 0.341711775636098 0.09208949586453753
vn 0.7092687012217526 0.7011743993743532 0.07274868472504252
vn 0.8696335939330319 0.48809902629152613 0.07414008926608597
vn 0.07977173863144849 0.99550071125676 0.05113515036646496
vn -0.24630513422232023 0.9683941243429744 0.039326845712931637
vn -0.5649749114399256 0.824792445934949 0.022820398158064296
vn -0.362837893201786 0.9315719053596799 0.022857130209740322
vn -0.9929033190498151 0.11725250399906717 0.01987081593215902
vn -0.9395705561380099 -0.34171204698177016 0.020977296919277716
vn -0.7127420724798168 -0.7011740827417554 0.018805419655876763
vn -0.8727521777749762 -0.48809718174262157 0.008048438603052578
vn -0.5606013936163575 0.8232960965440352 -0.08893601571215534
vn 0.7804107914956174 0.6245626416539724 0.029673273621150402
vn -0.24227435645210008 0.9670233928825038 -0.07854230594865298
vn 0.08334569167997191 0.9946500278102756 -0.06103128587376403
vn 0.41204270452585684 0.9104066997808793 -0.03715441617231591
vn 0.7126354272050588 0.7010690235260332 -0.025553319637924277
vn 0.9393970108281008 0.34164439361821464 -0.028502006183277886
vn 0.9927371354025953 -0.11723401704408434 -0.027003059833220176
vn 0.8359778742336361 -0.5483469960665343 -0.021367397984294996
vn 0.5648509881247344 -0.8246099636309588 -0.031012402278121604
vn 0.24614562612288812 -0.9677600333292854 -0.05341206447116436
vn -0.07968263547879076 -0.9944001178072852 -0.06941961760202629
vn -0.4083256167899499 -0.9093783269372158 -0.07938040797310963
vn -0.7076831587371318 -0.6996095058286091 -0.09864626801904393
vn 0.48680413847754894 0.8733149030230982 0.01851515376354966
vn -0.8302775162855035 0.5469627753891877 -0.10710260636106304
vn 0.16370789924992749 0.9864891641553002 0.00623319559719041
vn -0.9847847216263291 0.1168069462908288 -0.1286669707017496
vn -0.9319404396137727 -0.34048919157095003 -0.1247161875453593
vn 4.6910280150864814e-7 -6.858852103443368e-7 0.9999999999996549
vn -0.9331686566804506 0.3408290103067668 -0.11415710193638137
vn 3.3592952362704444e-7 1.669702956271808e-7 0.9999999999999296
vn 2.0231494839688443e-7 3.6332236995136937e-7 0.9999999999999135
vn 3.523575385851755e-7 -7.794800096804457e-7 0.9999999999996342
vn 0 0 1
vn 0 0 1
vn 2.5749710972872353e-7 3.089834764739266e-7 0.9999999999999193
vn 7.065376505934654e-7 -2.571747915199419e-7 0.9999999999997173
vn 0 0 1
vn 1.0115743634977625e-7 1.8166079544925497e-7 0.9999999999999786
vn 7.347786924345678e-7 -8.683844068061369e-8 0.9999999999997264
vn 6.976520775155117e-8 -2.021014347998536e-7 0.9999999999999771
vn 6.976479543762285e-8 2.021013820882957e-7 0.9999999999999771
vn 7.347786924345676e-7 8.6838459624621e-8 0.9999999999997264
vn 1.0115756937670126e-7 -1.8166103434199336e-7 0.9999999999999786
vn 0 0 1
vn 7.065421852179428e-7 2.571782053242543e-7 0.9999999999997173
vn 2.5749839202020233e-7 -3.0898147801777506e-7 0.9999999999999193
vn 0 0 1
vn 0 0 1
vn 3.523578104478806e-7 7.794834543092322e-7 0.9999999999996342
vn 2.0231482711471045e-7 -3.6332240805324656e-7 0.9999999999999135
vn 3.3593118019251975e-7 -1.669613553775856e-7 0.9999999999999296
vn 4.6910141780901926e-7 6.85881145810867e-7 0.9999999999996549
vn 1.7831097956800935e-7 -4.2559407367231344e-8 0.9999999999999832
vn 1.5157180588149889e-7 -1.2152648803293637e-7 0.9999999999999811
vn 2.5068038456976474e-7 -8.391227731712606e-7 0.9999999999996165
vn 3.3593065607758516e-7 -1.6696605537494567e-7 0.9999999999999296
vn 3.3593070567585435e-7 1.6696624127402433e-7 0.9999999999999296
vn 2.50679254909875e-7 8.391234934994397e-7 0.9999999999996165
vn 1.5157208592599804e-7 1.2152568008609026e-7 0.9999999999999811
vn 1.7831091580466404e-7 4.255978925405601e-8 0.9999999999999833
vn 0.9392627669916012 0.3421566226794408 0.026726393319717937
vn 0.7118168497283553 -0.7017653278713601 0.02902063128883347
vn -0.9853098559309102 0.11685543713446639 -0.12453631846783467
vn 0.8371067549747344 0.5464968807262874 0.02436062667724304
vn 0.8371098297649237 -0.5464921093711697 0.024362005377024373
vn -0.9853095838842264 -0.11685776761809713 -0.12453628408302446
vn 0.7118180558194177 0.7017641046844199 0.02902062690465202
vn 0.9392627050196146 -0.34215682837160943 0.02672593792400147
vn -0.9331710453635029 -0.3408296364926973 -0.11413570424474204
vn 0.5638838810250288 0.8254812971392949 0.02481122313345992
vn 0.9926877213162546 -0.11741000589693507 0.028035307439437118
vn -0.8337514505400869 -0.5442393218067371 -0.09307029236896146
vn 0.41258745440642264 0.9107890093762575 0.015328824672620577
vn -0.7064550942212396 -0.698777818844067 -0.11238665285694653
vn 0.24481806369879147 0.969516861939054 0.010058334982690683
vn -0.5616737287520351 -0.8241866491759177 -0.07238086591053172
vn 0.08170070875239206 0.9966497696343336 0.0037723834887921784
vn -0.41233734741491207 -0.9106840867410779 -0.025147685448226688
vn -0.08168578619788663 0.9966488352916114 -0.004304816501044716
vn -0.2446728468500403 -0.9694908600601546 -0.01492214040004376
vn -0.24467421591243377 0.9694905102269077 -0.01492242097001337
vn -0.08168463368450748 -0.996648929928212 -0.004304775578106752
vn -0.4123374117069008 0.9106840483516355 -0.025148021487389847
vn 0.08170066159560314 -0.9966497732012525 0.0037724624230129145
vn -0.561674590977206 0.8241873229975571 -0.07236650095665151
vn 0.24481823822670765 -0.9695168193169453 0.010058195321456638
vn -0.7064556659495768 0.6987770402827761 -0.1123878997996829
vn 0.41258863203094515 -0.9107885242374297 0.015325953028710815
vn -0.8337514747930935 0.5442393462667335 -0.09306993206992407
vn 0.9926875515732825 0.11741141452419826 0.02803541850710257
vn 0.563887150179501 -0.825479193160033 0.0248069248860456
vn -6.52015378321337e-7 -6.420741424317251e-7 -0.9999999999995814
vn -0.5638832565178695 -0.8254799586493504 -0.02486987911247863
vn 0 0 -1
vn -8.059400769714721e-7 -2.933582197873566e-7 -0.9999999999996322
vn -1.279871326079644e-7 1.5357613623673657e-7 -0.99999999999998
vn 0 0 -1
vn 0 0 -1
vn -1.5067459331556143e-7 1.2080503339588813e-7 -0.9999999999999813
vn -2.0111677828387362e-7 3.6117396454607137e-7 -0.9999999999999147
vn -1.6697121444454624e-7 8.298902828410681e-8 -0.9999999999999828
vn -5.351021793720809e-7 -7.823840178391606e-7 -0.9999999999995508
vn -3.545112541697098e-7 8.461439182337002e-8 -0.9999999999999336
vn -2.9973476714988436e-7 2.403223742054895e-7 -0.9999999999999264
vn -2.5980707755170414e-7 9.63418869250002e-7 -0.9999999999995022
vn -1.6697107629226012e-7 8.298932638734596e-8 -0.9999999999999828
vn -1.6697114771632043e-7 -8.2989540409888e-8 -0.9999999999999828
vn -2.5980574399494614e-7 -9.634191875433591e-7 -0.9999999999995022
vn -2.997354171594463e-7 -2.4032020324859884e-7 -0.9999999999999264
vn -3.5451100013665955e-7 -8.461514501005806e-8 -0.9999999999999336
vn -5.35101276047517e-7 7.823826418223419e-7 -0.9999999999995508
vn -1.6697096156410445e-7 -8.298953498941622e-8 -0.9999999999999828
vn -2.011197267143086e-7 -3.611689161718838e-7 -0.9999999999999146
vn -1.506744534873094e-7 -1.208050676306718e-7 -0.9999999999999813
vn 0 0 -1
vn 0 0 -1
vn -1.2798697536200333e-7 -1.535759475519311e-7 -0.99999999999998
vn -8.059484849264353e-7 2.933615114470595e-7 -0.9999999999996322
vn 0 0 -1
vn -6.520233180046874e-7 6.420834001097042e-7 -0.9999999999995814
vn -8.381562239623803e-7 9.905583773431346e-8 -0.9999999999996438
vn -1.3835999366647096e-7 4.008182121431087e-7 -0.9999999999999103
vn -1.3835952829355955e-7 -4.0081795486757524e-7 -0.9999999999999103
vn -8.381562239623803e-7 -9.905822214172364e-8 -0.9999999999996438
vn 0.08168618116944198 0.996648806062687 0.0043040887274624585
vn -0.4125908093706154 -0.9107860209071076 -0.015415840654934069
vn -0.08170081992069021 0.9966497268901419 -0.003781258268469442
vn -0.24481489279144322 -0.9695172176025557 -0.010101140515446425
vn -0.24481506101331105 0.9695171746825921 -0.010101182927408674
vn -0.08169952482364626 -0.9966498333280803 -0.0037811864144005544
vn -0.41259218877888226 0.9107853946565275 -0.015415921607374034
vn 0.08168612097770053 -0.996648810760042 0.004304143377082659
vn -0.5638831787003151 0.8254799989505498 -0.02487030581695962
vn 0.2446767916984747 -0.9694906351208219 0.014871987666973164
vn -0.7118146109328742 0.7017629539056471 -0.02913273396201526
vn 0.412346414016192 -0.9106823075236798 0.02506331205832816
vn -0.8370874599999097 0.5465167142298413 -0.024577741521912253
vn 0.9857192704162933 0.11689494460268744 0.12121506447758582
vn 0.5618031408171205 -0.8242850494245101 0.07022384397946078
vn -0.9392551086899514 0.34215851085688803 -0.02697024745946205
vn 0.9334878538976454 0.3409160035405147 0.11125064114661082
vn 0.7068753947278905 -0.6990663838037996 0.10785808900480214
vn -0.9926803564676099 0.11740895522273548 -0.02829924233693959
vn 0.8338600553589904 0.5444142044984482 0.09105263322399598
vn 0.8338604137841927 -0.5444100481090643 0.09107419964809796
vn -0.9926801033124052 -0.11741109734303234 -0.028299235120013803
vn 0.7068772971095295 0.6990643407316522 0.1078588630968571
vn 0.9334888817620752 -0.3409131490791137 0.11125076364480556
vn -0.9392550327331669 -0.3421588291386804 -0.026968854774813835
vn 0.561799257212761 0.8242866601587157 0.07023600557819372
vn 0.9857194332831839 -0.11689355044739932 0.12121508450551993
vn -0.8370877973702657 -0.5465161981462447 -0.024577726859327437
vn 0.41234647457707546 0.9106822771462864 0.025063419469652567
vn -0.7118133486626603 -0.701764239308968 -0.02913261218558513
vn 0.24467537888800742 0.9694909920532025 0.014871963344068914
vn -0.7119432836350593 -0.7010899914315568 -0.0401196311227936
vn -0.9387051996680476 0.34167989674423116 -0.04568803209837817
vn 0.9387035726552808 0.34168405990398815 0.04569032601918995
vn -0.5642456396215728 -0.8249943914625638 -0.03179799086980735
vn -0.9919308425719593 0.1172281116673117 -0.04827808394498961
vn 0.8346633419849604 0.5487481751993769 0.04703770574603934
vn -0.4118567691984383 -0.9109529577714514 -0.02321013556334019
vn 0.7119419870888141 0.7010911980591567 0.04012155311061024
vn -0.2450759836140826 -0.9694304926046637 -0.011928212936941435
vn 0.5642458265290394 0.8249942538473461 0.03179824465944012
vn -0.08180468724312433 -0.9966404262458223 -0.003981697828846016
vn 0.414280989675939 0.9099256258145484 0.020164748427073678
vn 0.08180468792932717 -0.996640426192794 0.0039816970039551055
vn 0.24507462069551472 0.9694308334210828 0.01192851639787747
vn 0.24507585588618333 -0.9694305204210881 0.01192857651830986
vn 0.08180463155964353 0.9966404308306024 0.00398169426026146
vn 0.4142800298997146 -0.909926063826729 0.020164701710843398
vn -0.08180601849448912 0.9966403167868061 -0.003981744991117296
vn 0.5642465820824756 -0.8249937401411316 0.03179816561047728
vn -0.2450778253286515 0.9694300181063443 -0.011928936520583298
vn 0.7119431312984766 -0.701090032448522 0.040121617592646056
vn -0.41185661086960795 0.9109530024371452 -0.023211191993329335
vn 0.8346633490486904 -0.5487481798434151 0.0470375262249545
vn -0.9919309536239431 -0.11722714895262595 -0.04827813988891517
vn -0.5642475490727785 0.8249930813640982 -0.031798098476686194
vn 0.9387036852526612 -0.3416837498338438 0.045690331499739945
vn -0.9387034842809194 -0.3416842220944959 -0.04569092875550846
vn -0.7119430315639753 0.7010901252661107 -0.040121765437799065
vn 0.9919308533142992 -0.1172277563807541 0.048278725926651694
vn -0.8381078065502345 -0.5439772639051114 -0.04079265808774504
vn -0.8381096116557094 0.5439743934536315 -0.0407938490102344
vn 0.9919305096657245 0.11722978004316692 0.04828087266534281
vn 0.0008558199344140147 -0.02169604735450218 0.9997642467609207
vn 0.012233122904147796 -0.03753255681061587 -0.9992205251511149
vn -0.03790559679282396 3.3587906178409536e-8 0.9992813246187375
vn -0.03790584374968523 -1.88644155454719e-7 0.9992813152509101
vn -0.03790594900042514 -3.5941161854091546e-7 0.9992813112583704
vn -0.037906120714413474 1.1300476107047504e-7 0.999281304744751
vn -0.03790582002027908 -3.2389365510305516e-7 0.9992813161510052
vn -0.0379056944848466 -3.6258638582302807e-7 0.9992813209129301
vn -0.037905924768417025 -1.9916356637950605e-7 0.9992813121776128
vn -0.037905952241678205 -3.635792506766349e-7 0.9992813111354178
vn -0.037905699321223014 -3.627465006664385e-8 0.999281320729537
vn -0.03790576465171722 -3.352332168260372e-7 0.9992813182513002
vn -0.037905843649456074 8.556846743802732e-7 0.9992813152543638
vn -0.037905876144221716 1.716372977494454e-7 0.9992813140220873
vn -0.03790517610878621 -6.094721948023401e-7 0.9992813405762117
vn -0.037905471519857334 1.8224294839967776e-7 0.9992813293706754
vn -0.037905820020814975 2.660161684096509e-7 0.999281316151002
vn -0.037905507686307974 9.705000822966761e-8 0.9992813279987943
vn -0.03790600281699556 -5.437015496223009e-7 0.9992813092168502
vn -0.037905469872415526 -5.125711517113552e-7 0.9992813294330526
vn -0.03790582620023844 1.9062268081040907e-7 0.9992813159166147
vn -0.03790584374968516 -1.9916343751337224e-7 0.9992813152509081
vn -0.037905974540632645 -6.361550886529526e-8 0.9992813102896106
vn -0.037905800481245464 3.2900527436519965e-7 0.9992813168921791
vn -0.03790576110256076 -1.408785259864914e-7 0.9992813183859767
vn -0.03790581738446155 -2.917347174969321e-7 0.9992813162509999
vn -0.03790595717937449 1.1805323513327847e-7 0.9992813109481742
vn -0.037905826200003635 -1.6760191409205345e-7 0.9992813159166277
vn -0.0379058436494679 -3.299455894694361e-7 0.9992813152546752
vn -0.037905798759007216 -1.676018932856841e-7 0.9992813169575492
vn -0.037905817384556714 -1.6639297340889878e-7 0.999281316251025
vn 0.037905482928749415 9.373640816558328e-8 -0.9992813289379171
vn 0.037905900546010944 1.0822852939969085e-7 -0.9992813130964596
vn 0.037905783675790776 3.633051470610473e-7 -0.9992813175296495
vn 0.037906158676386595 -1.7979608473957188e-7 -0.9992813033047142
vn 0.03790523089961898 -1.8748216614739732e-7 -0.9992813384980286
vn 0.03790580155894111 7.853694038724089e-8 -0.9992813168513499
vn 0.03790572310782604 2.171398105656792e-7 -0.9992813198272176
vn 0.03790592810534009 -3.8573670923331835e-8 -0.9992813120510518
vn 0.0379055566971199 4.4206691872684896e-7 -0.9992813261395843
vn 0.037905801558940785 1.5395840924803473e-7 -0.9992813168513411
vn 0.037905690057576664 3.430941539597917e-7 -0.9992813210808762
vn 0.037906129799669785 2.44604886428699e-7 -0.9992813044000928
vn 0.03790622506610504 3.509046052734548e-7 -0.9992813007862774
vn 0.03790585178892364 7.679088518496555e-7 -0.9992813149456797
vn 0.03790595656692614 1.1340366220323766e-7 -0.9992813109714069
vn 0.03790558206975714 4.852259641780841e-7 -0.9992813251771082
vn 0.03790593033525785 3.453593318267755e-8 -0.999281311966464
vn 0.03790577406865184 1.9798456300875518e-7 -0.9992813178941241
vn 0.037905839447387575 -3.083047328809932e-7 -0.99928131541408
vn 0.037905968800858246 5.350916013863711e-7 -0.9992813105071975
vn 0.03790580748589419 6.224582622038194e-9 -0.9992813166265255
vn 0.03790588767235155 1.2259323771124097e-7 -0.9992813135847964
vn 0.037905777626121594 -1.369338239960292e-7 -0.9992813177591886
vn 0.03790590767944246 5.013814386019103e-8 -0.9992813128258704
vn 0.03790578367600703 9.768487824213873e-8 -0.9992813175297026
vn 0.03790580748589339 2.0685651106139034e-7 -0.9992813166265042
vn 0.03790592277126306 9.768498341101437e-8 -0.9992813122533862
vn 0.03790585178960291 -6.358364974848893e-8 -0.9992813149459469
vn 0.03790583944738864 1.979846663852354e-7 -0.9992813154141079
vn 0.003118245061830728 0.004851351846023573 0.9999833703282274
vn 0.0306957327558495 -0.02849736699012727 -0.9991224509864702
vn -0.004697925387058977 -0.032707947343063024 0.9994539107320863
vn -0.015569927020671281 0.057381627299196984 0.9982308982500327
vn 0.038753200523387925 -0.010365872897116187 -0.9991950450879322
vn 0.0010300130745389334 -0.014180757034568434 0.9998989174926598
vn -0.012416154836240735 0.037266325103018465 0.9992282322434644
vn 0.050679428502588414 -0.00715871353475734 -0.9986893152263011
vn 0.024128100416470316 -0.001630315594359298 -0.9997075456559062
vn -0.030927350158470313 0.027583199397168013 0.9991409640902486
vn 0.042464143089295706 -0.0044957322260953765 -0.9990878764870701
vn 0.031227377620877444 -0.017194971691531048 -0.9993643899176371
vn -0.03867588102540234 0.009413924104351273 0.9992074630725425
vn 0.0251736791925456 0.004639731507404168 -0.9996723256985012
vn 0.04341919844966639 0.00807556468741566 -0.9990243032383987
vn -0.05037661910923384 0.006988810168361119 0.9987058389633826
vn 0.0389013202514441 0.00394534333662506 -0.9992352683670903
vn -0.042242057100753724 0.004276291326811723 0.9990982543996286
vn 0.03597885035455528 0.023384531653311145 -0.9990789188079788
vn -0.024409622339100483 -0.004918015487739531 0.9996899436629963
vn -0.0011597936334343092 0.02186605323249423 -0.9997602365541258
vn -0.023333382579457766 0.0017240675717260445 0.9997262529554823
vn 0.004475375863953049 0.032927335007660305 -0.9994477283080742
vn -0.030772044524098142 0.018366410431718733 0.9993576718290907
vn -0.0017920326261584602 0.014458428418313914 -0.9998938656011145
vn -0.04323692085759779 -0.007808708839959859 0.9990343301113364
vn -0.003910683566016198 -0.004944891086529931 -0.9999801271056286
vn -0.038670177578984374 -0.003029751026298194 0.999247435810935
vn 0.015115390040731265 -0.05854613483588199 -0.99817026357215
vn -0.03605759430017309 -0.022433408629143746 0.9990978891332731
vn -0.895012278540859 0.4436596121880691 -0.04603444117432312
vn 0.9717605051102515 -0.23061302224360486 0.04999154608070697
vn -0.9986776056468798 -0.0014590648224811413 -0.05138979576977517
vn 0.9711068895618028 0.23335134727374457 0.049985575630664976
vn -0.8938846666802468 -0.4459283963670968 -0.046022472634721416
vn -0.6390344470324878 -0.7684731630197265 -0.03292374863741403
vn -0.32572333950128285 -0.9453161835309393 -0.016781515385436173
vn 3.894840258737136e-7 -0.9999999999998362 -4.196588481101609e-7
vn -0.1632532559210453 0.9865483332769318 -0.00841192841659109
vn -0.48562022412393935 0.8738117998752872 -0.025018719402200764
vn -0.7804115676387217 0.6245616108248725 -0.029674557781265914
vn -0.9723789024364009 0.2304599908985887 -0.03697921972680067
vn -0.9716052214808816 -0.23370870518196366 -0.036926070915509486
vn -0.7798619501253244 -0.6246635707871381 -0.040134300519483135
vn 1.967132249862409e-7 0.9999999999999808 -3.937798376160977e-9
vn -0.32649135311661187 0.9450512575332124 -0.016778467599216754
vn -0.6400825587734902 0.7675998966427665 -0.03293503648086081
vn 0.7798630868800008 -0.624662155916813 0.04013423335951143
vn 0.4864952437323268 -0.8733246427829529 0.025028905965946764
vn 0.16364779790076522 -0.9864829903459008 0.008408804935304113
vn 0.3257238759567788 -0.9453159974166865 0.016781586926997816
vn 0.6405129755960739 -0.7675609125296391 0.024359262093320105
vn 0.8955701660616529 -0.44361409271818275 0.034067791271625555
vn 0.9992766355608277 0.0017311669855550487 0.03798958650868687
vn 0.8950118174016157 0.44366070711645794 0.04603285427150178
vn 0.640082233369637 0.7676001570409713 0.032935291636997245
vn 0.32649020632577763 0.9450516361109149 0.016779459390393853
vn -0.486494703999963 -0.8733248722251002 -0.02503139095217833
vn -0.16364656483677967 -0.98648319463955 -0.008408835286131051
vn -0.08341540755086019 -0.9955007645099702 0.044945496361581426
vn 0.24261864125802635 -0.9683939631008295 0.05787337163133475
vn 0.561622294005865 -0.8247922645810688 0.06556004242541479
vn 0.360062546046217 -0.9315722354346332 0.05028054397116378
vn 0.9885448240874436 -0.11725443148288746 0.09502909589988853
vn 0.9352824431235246 0.3417100058095978 0.09209247262667893
vn 0.709267756256106 0.7011756056348721 0.07274627136836197
vn 0.8696343749163554 0.48809698070275587 0.07414439555821732
vn 0.07977131576281148 0.9955007912776069 0.051134252190956096
vn -0.24630532976596273 0.9683940911549729 0.03932643824470471
vn -0.5649736781676195 0.8247932242990887 0.022822798427550365
vn -0.36283798224044694 0.9315718760548909 0.022856911148546714
vn -0.9929028486810401 0.11725562636585864 0.019875894108841115
vn -0.9395712593235492 -0.3417103051770615 0.02097417433319401
vn -0.7127420152498833 -0.7011741375772891 0.01880554413676933
vn -0.8727525700136185 -0.48809645560167503 0.008049941844876602
vn -0.5606020525954858 0.8232954233164619 -0.08893809404240811
vn 0.7787851227214023 0.6260069036439091 0.04011345432614665
vn -0.2422747377587457 0.9670232024887818 -0.07854347389994766
vn 0.0833453262481247 0.994649995375224 -0.06103231351227481
vn 0.4157016299389143 0.9083274653460843 -0.04618842456815457
vn 0.7126360435386098 0.7010683321516583 -0.02555509936840253
vn 0.9393962689740756 0.3416469009821102 -0.028496401297473235
vn 0.992737119109076 -0.11723429025111815 -0.027002472707676254
vn 0.8384807738036583 -0.5440235055548659 -0.03143910567133521
vn 0.5648507354188791 -0.8246101604243767 -0.0310117723072275
vn 0.24614520370270354 -0.9677600759374573 -0.053413239142382996
vn -0.07968280827100718 -0.9944000689605403 -0.06942011896646967
vn -0.4113876120903625 -0.9071309947825968 -0.08873325714367657
vn -0.7076838732063759 -0.6996083914806458 -0.09864904547680844
vn 0.4856193011999753 0.8738122392645084 0.02502128720896166
vn -0.8318682906838032 0.5424283990045021 -0.11733106540136995
vn 0.16325242939387932 0.9865484637126096 0.00841267159030709
vn -0.9847847305029194 0.11680700274059798 -0.12866685151603946
vn -0.9319404248767406 -0.340489389183553 -0.12471575816219574
vn -0.8303042051463624 0.1659816809545211 -0.5320197444679841
vn -0.8226940406661786 -0.16205631335912762 -0.5448965651871965
vn 0.9272928536710242 -0.022359191138314582 -0.37366834238705476
vn 0.3329073738932106 -0.901714338762313 -0.2758331591342324
vn 0.09509187442999198 8.122358900640484e-8 -0.9954685004646728
vn 0.3329055556274881 0.9017092189990467 -0.2758520897228858
vn -0.022077354599796473 -0.9633234763199429 -0.26743311385229684
vn 0.06830986174339986 -0.9633148694752928 -0.25953463167060675
vn -0.2797861864144396 0.9017107540486581 -0.3296018900502013
vn 0.06831228696429119 0.9633194561934332 -0.25951696817144077
vn -0.022077007357691098 0.9633135245213652 -0.26746898739920016
vn 0.3226724120977596 0.9461398756108521 0.026492456475290017
vn 0.9208312058539592 0.025761549643851217 -0.3891095384149441
vn 0.06028499804350284 0.1483863226385545 -0.9870902786800719
vn -0.32277431632303466 -0.9464362489590533 -0.008669912255296206
vn -0.3227476314810432 -0.9463577245521073 -0.01552493329887717
vn -0.3227177688733188 -0.9462700386137165 -0.020645960268852053
vn 0.986930502922779 0.15895098867898236 0.02650972648981437
vn 0.9883817725696156 0.14436451728175084 0.047543220359497734
vn 0.9909716326529703 0.11813532699989977 0.06339769547651987
vn 0.9932720814643069 0.08221955191918168 0.08155070487599962
vn -0.3226733163452806 -0.9461395653899517 -0.02649252201003366
vn -0.32277620629053094 0.9464356049473414 -0.008669852400859239
vn -0.32274898210872405 0.9463572645337707 -0.01552489651951526
vn -0.3227190827179207 0.9462695898752377 -0.020645990580579567
vn 0.9891865230382233 -0.14448209901656608 0.025198128964624998
vn 0.9919519948581093 -0.11825222921775451 0.04525096885205019
vn 0.9947747351212048 -0.08234400241137733 0.06035471507191347
vn 0.9962952138100063 -0.03712113343428122 0.07757492115257535
vn -0.3226745492675117 0.9461391436229337 -0.026492568004445112
vn 0.32277435135546395 -0.9464362371325087 0.008669899048859536
vn 0.32274783341188906 -0.9463576579818095 0.015524793303500251
vn 0.3227180140720638 -0.9462699556500102 0.020645930047136198
vn 0.32267398279707865 -0.9461393392272746 0.02649248180988285
vn 0.3227739001319757 0.9464363907099768 0.008669932725556353
vn 0.32274675810478626 0.9463580236143809 0.015524859855514063
vn 0.32271698657045034 0.9462703058422758 0.02064594052237726
vn -0.9996543165234311 0.006542042376525427 -0.02546466449054493
vn -0.9987300101117559 0.021508746779632566 -0.04556029756423831
vn -0.9970023921198408 0.048241302153491115 -0.060489725357708815
vn -0.9934363761116931 0.084266200504705 -0.07735227256239811
vn -0.9994078340238254 -0.021525415764124915 -0.02684469720424845
vn -0.9976804258819385 -0.0482768926742417 -0.04799072249668371
vn -0.9944033244191528 -0.08434981244782504 -0.06361711659729746
vn -0.9883420024472614 -0.12882321155678508 -0.08114595715581396
vn -0.04704370126624679 0.9988920329509402 -0.0012635973687704469
vn -0.04704361812146607 0.9988902729979039 -0.002262853113817994
vn -0.04704352551179519 0.9988883065909108 -0.0030095952159908046
vn -0.04704338845171125 0.9988853795953424 -0.0038623870404368944
vn 0.04704269240231626 0.9988920804354147 0.0012636197807170744
vn 0.04704260012397486 0.9988903208276255 0.002262903104251674
vn 0.047042711364745464 0.9988883449445949 0.0030095915505733814
vn 0.047042360412318324 0.998885428053201 0.003862376187132318
vn 0.04704311897255152 -0.9988920603926771 0.0012635829244283731
vn 0.04704324957503066 -0.9988902903950153 0.002262835385914442
vn 0.04704293424529893 -0.9988883345442596 0.003009559600324586
vn 0.04704275741785399 -0.9988854094960551 0.003862340019119767
vn -0.0470431091176627 -0.998892060764716 -0.0012636557136136103
vn -0.047043229919830856 -0.9988902911520549 -0.0022629098243602533
vn -0.04704293423533861 -0.9988883343324522 -0.0030096300551980034
vn -0.04704278697530006 -0.9988854079205468 -0.0038623874740128274
vn -0.047228364090918906 -0.9988838303951765 -0.0007582877790511456
vn 0.06028512264381213 -0.14838645808648723 -0.9870902507088031
vn 0.04722817928854734 -0.99888383913286 0.0007582877339672225
vn -0.06000615571590656 0.1477588725250457 -0.9872013861752452
vn 0.04722741458787636 0.9988838752998813 0.0007582725340481247
vn -0.047228329166811 0.9988838320468533 -0.0007582872183176863
vn -0.9678372647588974 -0.251146898346966 -0.01470593059669273
vn 0.3227819208919136 0.9464596463923752 0.005096007863650527
vn -0.9675169416279695 0.2523603923844791 -0.015006665799302104
vn -0.02519068989650873 -0.07386356722365024 -0.9969501504987776
vn 0.9348164588388512 -0.35483513793382915 0.014498729995100658
vn 0.9352350339628516 0.35374212854433773 0.014210479985739178
vn -0.3769156525774552 -0.9262298800262576 -0.005727144895625138
vn -0.3189250210298168 0.8625274449879278 0.3928526919899215
vn 0.07866307321033547 0.10197620631193662 -0.9916718077364762
vn 0.9863200705805747 0.164104352562678 0.01557176418760954
vn -0.37691749380782413 0.9262291312220448 -0.005727070567501296
vn -0.3227820101053343 -0.946459615888072 -0.005096022504189042
vn -0.1591936683912727 0.02648311381506788 -0.9868921018159927
vn 0.9871696312553991 -0.15898950170981785 0.014780306936709908
vn 0.37638916158445035 -0.9264440050400025 0.00571879071085001
vn -0.3227838449672621 0.9464589898705075 -0.005096069215491309
vn 0.37572987469541613 0.9267095918587931 0.0060327123482143506
vn 0.32278229712427176 -0.9464595186146263 0.005095908844216191
vn 0.14496324069139824 -0.00017986880697401132 -0.9894370250275963
vn -0.9998871926963693 0.001216845128260118 -0.01497067699562955
vn -0.08139170779779537 -0.0931069460006189 -0.9923237810856879
vn -0.9998539932231257 -0.006543324597187236 -0.01578534570370321
vn -0.004252103744485035 0.08992851211999577 -0.9959391458927749
vn -0.04704391984239993 0.9988925458193684 -0.0007426387837328589
vn 0.0042299216303677886 0.08982174865484352 -0.9959488748081334
vn 0.04704251318647828 0.9988926119929598 0.0007427374924292359
vn 0.004252544198268607 -0.08994201637323741 -0.9959379245508015
vn 0.04704335673115174 -0.9988925722852594 0.0007427117902150448
vn -0.004229839546783096 -0.08980939476061962 -0.995949989241498
vn -0.04704354123642726 -0.9988925635937062 -0.0007427147031501036
vn -0.32169248982509013 0.9463277203928729 -0.031269595554833086
vn -0.9817110921329881 0.1675456278799073 -0.09039797653367923
vn -0.32214985124319534 -0.9461623332346785 -0.03156441844698462
vn 0.7287385921954114 0.011792311080324986 0.6846904451242437
vn 0.9949631688365712 -0.01259752435030049 0.09944644306827817
vn -0.31892784175434036 -0.8625258704187141 0.39285385910330367
vn 0.32212597947505883 -0.946149163503773 0.03219648658386133
vn -0.32164017680751494 -0.9463373875481604 -0.031514212535829686
vn 0.7217106310802183 -0.009491151079528266 0.6921298166073896
vn 0.9955243751089249 -0.0022908608995417423 0.0944773545370717
vn -0.9843203182997219 -0.14818581428121583 -0.09567902292638407
vn 0.32122968202321267 0.946465936363963 0.03183901207563634
vn 0.3216504641624851 0.946321611017732 0.031880831621247614
vn -0.046889033079150655 0.998889539705614 -0.004594131431395875
vn -0.3212861175820467 0.9464670664262238 -0.031230158814731096
vn 0.32159874451791837 -0.946330294669777 0.032143753898878386
vn 0.04688646569280061 0.9988895392632205 0.004620355543593077
vn -0.8403567849322463 0.13385473715641277 0.5252460217451684
vn -0.9794829078286351 0.18021773979989994 -0.09019312353487574
vn 0.2625517347406777 -0.849478515412582 0.45766017790178826
vn -0.8349468174259014 -0.1301442617535787 0.534720752545639
vn -0.9816807730985769 -0.16491569598874117 -0.09542364982083627
vn -0.06697846012422128 0.9283724167367579 0.3655660565776586
vn -0.04682178193356966 0.9988927243714615 -0.004587584803013698
vn 0.02057442153888938 0.9252831245935762 0.37871867199900366
vn 0.046818571251785276 0.9988927549560485 0.0046136192145950885
vn 0.047042602851550375 -0.998882127502525 0.004635609235135161
vn 0.01930552052030359 -0.923237992056484 0.3837432825483094
vn 0.04687925777159027 -0.9988897563215202 0.0046464940243951276
vn 0.262550426160477 0.8494790942136031 0.45765985427715666
vn -0.06635772965347887 -0.9264179524956718 0.37060279142089986
vn -0.047042638292874625 -0.998882247623479 -0.0046092911724766
vn -0.04688104232303735 -0.9988897964976703 -0.004619775270343456
vn 0.9953608623753754 -0.01827053917257724 0.09446132038931251
vn 0.9950419879082946 -0.000465710758784253 0.09945463997722047
vn -0.2797894074631176 -0.9017174953004014 -0.32958071263441435
vn 0.9948754559193663 0.018301452502203653 0.09943784010899889
vn 0.994842897656401 -0.037067021338810555 0.09441210151079187
vn -0.04688864706215875 -0.9988895573507909 -0.0045942346720463266
vn 0.04688687594841001 -0.9988895201413872 0.0046203263421465465
vn 0.04704239915033488 0.9988821368354508 0.004635665348622003
vn -0.04704345306189081 0.9988822095189863 -0.0046092331772097225
vn 0.32262068240902486 0.9459880319949892 0.031977157537573325
vn -0.9843202635350554 -0.1481858105959914 -0.09567959203659065
vn 0.32212598137643983 -0.9461491645721373 0.032196436164779206
vn -0.3226278431601477 -0.946006227293611 -0.03136068780400696
vn -0.9875041684013989 0.12871279879124256 -0.0909314731937563
vn -0.3226289931637457 0.9460058363800846 -0.03136064898825606
vn -0.8226917814109853 0.1620545524923378 -0.5449004999220755
vn -0.8303057610020554 -0.16598308349850718 -0.5320168787163858
vn 0.9208314013303759 -0.02576152917793214 -0.38910907717290655
vn 0.33290550264539864 -0.9017094881081891 -0.2758512739939444
vn 0.08504678171014064 -0.006927994967207152 -0.9963528731360604
vn 0.0850467736297827 0.006928199075496931 -0.996352872406526
vn 0.08665867662244328 -0.01571090087673997 -0.9961141708457361
vn 0.07917113350349007 0.024146214056118366 -0.9965685585881829
vn 0.07917101771292648 -0.024146199447417846 -0.996568568140971
vn 0.09057163294183493 1.021839975806008e-7 -0.9958899433703703
vn 0.08739637668337275 7.465040964618764e-8 -0.9961736160642947
vn 0.08665864003444222 0.01571110438106492 -0.9961141708190423
vn 0.0873963161162859 9.860156722542297e-8 -0.9961736213779667
vn 0.33290435288444403 0.901706101238453 -0.27586373233888223
vn -0.02207801074679478 -0.9633178333288186 -0.2674533855312642
vn 0.06831179740116529 -0.9633232975632358 -0.25950283757160714
vn -0.27978346070028387 0.9017081082418538 -0.3296114419274157
vn 0.06831036387040529 0.9633110825475618 -0.25954855505076013
vn -0.022076301622359882 0.9633195943053043 -0.26744718382167115
vn 0.3226724601761221 0.9461398593627044 0.02649245117030785
vn 0.9272926787664922 0.022359215551864806 -0.3736687749678432
vn 0.025210904094163815 0.07392371827567772 -0.9969451811363819
vn -0.32277407004697056 -0.9464363325786215 -0.008669952735891514
vn -0.3227475478589777 -0.946357752874452 -0.01552494526349671
vn -0.32271773257186076 -0.9462700508963168 -0.020645964747594038
vn 0.9891865282095733 0.14448206109196318 0.025198143409973516
vn 0.9919519980457376 0.11825219793993254 0.04525098071251097
vn 0.9947747402984765 0.0823439367059268 0.06035471938356641
vn 0.9962952146264523 0.037121103651123644 0.07757492491877716
vn -0.3226732773695724 -0.9461395785618844 -0.026492526310623987
vn -0.3227757504052402 0.9464357597377319 -0.008669927335126512
vn -0.32274898210872405 0.9463572645337707 -0.015524896519515255
vn -0.32271904106705074 0.9462696039678763 -0.020645995719311222
vn 0.9869305034377706 -0.15895098876192523 0.026509706819862446
vn 0.9883817677270315 -0.14436455522290562 0.04754320582460846
vn 0.9909716296711089 -0.11813535827096351 0.0633976838155612
vn 0.9932720767358321 -0.0822196175618832 0.08155069628681898
vn -0.32267446564541813 0.9461391718833367 -0.026492577231323682
vn 0.3227743570247553 -0.9464362352075795 0.008669898116993802
vn 0.3227475825457276 -0.9463577429488705 0.015524829197400702
vn 0.32271793328418386 -0.9462699829846157 0.02064594001444573
vn 0.3226735222790941 -0.9461394948606658 0.026492532623495234
vn 0.3227735267337972 0.9464365174918545 0.008669994101359173
vn 0.3227468863722662 0.9463579801709893 0.015524841503001893
vn 0.32271690294757616 0.946270334136001 0.020645950839468956
vn -0.9994078839507516 0.021523345536657874 -0.02684449839334984
vn -0.997680563696628 0.04827411639767572 -0.04799065021441702
vn -0.9944034524066647 0.08434823076545948 -0.06361721314583804
vn -0.9883421550724407 0.1288220232514837 -0.08114598469522631
vn -0.9996543166755344 -0.006542017857929108 -0.025464664818473925
vn -0.998729965548288 -0.021510815717704836 -0.04556029766226935
vn -0.9970022580740411 -0.048244076720728245 -0.0604897219089955
vn -0.9934362426007914 -0.0842677801697771 -0.07735226636938128
vn -0.047043701008576126 0.9988920329630445 -0.0012635973931449426
vn -0.0470436181214663 0.9988902729979039 -0.0022628531138179776
vn -0.04704352612550736 0.9988883065621093 -0.003009595182200042
vn -0.04704360173596427 0.9988853695836475 -0.0038623784703157205
vn 0.04704268280945663 0.9988920808860412 0.001263620688158539
vn 0.04704280381629715 0.9988903112685921 0.0022628881627103567
vn 0.047042498079985416 0.9988883549538494 0.0030096032939511343
vn 0.04704255372304596 0.9988854189792771 0.003862368419573065
vn 0.047043332257893665 -0.9988920503734394 0.0012635627486074982
vn 0.04704303628959696 -0.998890300404337 0.002262851031123061
vn 0.047043157123246096 -0.9988883240847064 0.0030095473287709384
vn 0.04704279657702654 -0.9988854076579274 0.0038623384456403912
vn -0.04704351675995106 -0.9988920416153833 -0.0012636171524909629
vn -0.04704302622743476 -0.9988903007111787 -0.0022629247658924496
vn -0.047043137313611455 -0.9988883248020909 -0.003009618873794461
vn -0.0470427965681985 -0.9988854074702571 -0.003862387088554272
vn -0.04722817069556802 -0.9988838394931076 -0.000758348375287789
vn 0.025210833273187933 -0.07392350989059153 -0.9969451983790922
vn 0.04722818815983584 -0.9988838387155271 0.0007582849543420453
vn -0.025189329500728223 0.07386461049510201 -0.9969501075759564
vn 0.0472272210525895 0.9988838844042119 0.0007583331741604034
vn -0.04722832916681098 0.9988838320468532 -0.000758287218317688
vn -0.9675165760210352 -0.2523617944069948 -0.015006660128557907
vn 0.3227818401142851 0.9464596738100937 0.005096032155268383
vn -0.9678377694352484 0.2511449608312044 -0.014705805101937848
vn -0.059993496521272616 -0.1477285200681459 -0.9872066980798032
vn 0.935236033159072 -0.3537395136683305 0.01420981177132617
vn 0.9348163695078348 0.3548353716273586 0.014498770370828456
vn -0.376255207566682 -0.9264963698398506 -0.006041146623930267
vn -0.3203178222915487 0.8652472147966772 0.3856731128935394
vn -0.1591936305955126 -0.026483278000330797 -0.9868921035068509
vn 0.9871696310652072 0.1589895016791859 0.014780319969033014
vn -0.37625699954048025 0.9264956424371953 -0.0060410960664390185
vn -0.3227820547462401 -0.9464596007359506 -0.005096009079699153
vn 0.07866345633603929 -0.10197627169580228 -0.9916717706218585
vn 0.9863202442278626 -0.16410332524629348 0.015571591742619484
vn 0.3757298035849392 -0.9267096210649683 0.006032654775947759
vn -0.322784146192816 0.9464588876271238 -0.005095978630472374
vn 0.376388788174405 0.9264441550835588 0.005719060072573646
vn 0.3227819237033254 -0.9464596453620833 0.005096021140090149
vn -0.0814140837426234 0.09311263861954297 -0.9923214113872861
vn -0.9998539858264633 0.006543349073270639 -0.01578580406060051
vn 0.14496324076941142 0.000176851550732756 -0.9894370255600701
vn -0.9998871890480316 -0.0012198375188247864 -0.014970677140783005
vn -0.004229891608469197 0.0898097758217294 -0.9959499546582808
vn -0.04704372574303559 0.9988925549339357 -0.0007426747392162064
vn 0.004252473466299693 0.08994234934156423 -0.9959378947827714
vn 0.04704271687903646 0.9988926024281618 0.0007426997598893706
vn 0.004229978536896303 -0.08982134279549779 -0.9959489111696398
vn 0.04704335673115174 -0.9988925722852594 0.0007427117902150445
vn -0.004252101450000725 -0.08992839694010822 -0.9959391563027539
vn -0.04704354123642725 -0.9988925635937062 -0.0007427147031501048
vn -0.32215096202079874 0.9461619565017788 -0.03156437450354557
vn -0.9843204836270287 0.1481844342712037 -0.0956794594047004
vn -0.3216910727030331 -0.9463282071814155 -0.03126944252749184
vn 0.7217106311672429 0.009491138376090415 0.6921298166908474
vn 0.9955243750785772 0.002290857972836241 0.09447735492781702
vn -0.3203205791585997 -0.8652456933706457 0.38567423646265275
vn 0.3216520072156797 -0.9463210752364776 0.03188116712734385
vn -0.3212851975195357 -0.9464673733796399 -0.03123032152697951
vn 0.7287385900758161 -0.011792326209850209 0.6846904471196251
vn 0.994963168715272 0.012597534026318778 0.09944644305615433
vn -0.9817111231886313 -0.1675454443705233 -0.09039797939334673
vn 0.32159725759688845 0.9463308050283896 0.03214360528130918
vn 0.322124996867196 0.9461494967799723 0.03219652366815689
vn -0.04696514795625504 0.9988858076742497 -0.004627969793437422
vn -0.3216414598851925 0.9463369472695746 -0.03151433825141365
vn 0.3212312414933115 -0.9464654000547693 0.031839220904905985
vn 0.04696327774460309 0.9988857707954796 0.004654830373262666
vn -0.8349482152387862 0.13013192551300445 0.5347215722521803
vn -0.9816808383095132 0.1649156212706557 -0.09542310808627577
vn 0.2598715002193478 -0.8460371895360186 0.46549745143850196
vn -0.8403555373874627 -0.1338669892688321 0.5252448952310983
vn -0.979482598967055 -0.180219432687151 -0.0901930950941644
vn -0.06635801872639017 0.9264183955564858 0.3706016321135876
vn -0.04688140330352823 0.9988897793911367 -0.004619810842264731
vn 0.01930499376259208 0.9232380814877904 0.38374309388778693
vn 0.04687867581530084 0.9988897839384981 0.004646428424585443
vn 0.046963792638643906 -0.9988857468134337 0.004654781838447188
vn 0.020574708458604363 -0.9252826497487247 0.37871981654756676
vn 0.046819134786625596 -0.9988927282862577 0.004613674746729025
vn 0.2598703773315385 0.8460379956781101 0.46549661315043966
vn -0.06697818389943748 -0.9283720189255062 0.3655671174459113
vn -0.046964552572123716 -0.9988858352623626 -0.004628057250335715
vn -0.0468214213752267 -0.9988927414343407 -0.004587549475610324
vn 0.9950419879014158 0.00046571138111271046 0.09945464004312808
vn 0.9953608625735888 0.01827051474056838 0.09446132302628421
vn -0.2797847166571815 -0.901712942196036 -0.32959715138518597
vn 0.9948428987541993 0.03706699160959565 0.09441210161497457
vn 0.9948754557325946 -0.018301476975836423 0.09943783747329345
vn -0.04696455490774226 -0.9988858355059149 -0.004627980981846282
vn 0.046963790635795 -0.9988857466028369 0.00465484723816464
vn 0.04696327517525976 0.9988857705253098 0.0046549142711007985
vn -0.046965145420729125 0.9988858074098538 -0.004628052589837345
vn 0.32212499876859 0.9461494978483473 0.03219647324872756
vn -0.9875040133947417 -0.12871398576173873 -0.090931476390768
vn 0.3226222079132186 -0.9459875211138954 0.03197688005399322
vn -0.3221498593327005 -0.9461623376758811 -0.03156420275617852
vn -0.9843204772455584 0.14818443384179142 -0.09567952572031362
vn -0.32215096927979775 0.9461619604870087 -0.031564180956695415
vn 0.9897675809524895 0.14268894734855697 -1.3509997026464802e-7
vn 1.8487151445804757e-7 3.49916083681381e-13 0.999999999999983
vn -0.17682700101244275 -0.9842419477511334 2.6011236670821106e-8
vn -0.98616885863268 0.16574372465666576 2.2978849237559236e-7
vn 0.30680341272861095 0.9517729067052055 -4.513075907214714e-8
vn -0.05340672848634071 -0.9985728422866237 3.92806287697123e-9
vn 0.17682683848350084 0.9842419769507543 -2.6011214720348313e-8
vn 0.053406580776299374 -0.9985728501865975 -1.1784155169805113e-8
vn 0.05340654739091798 0.9985728519721442 -7.856098535837487e-9
vn -0.053406842810760975 0.9985728361721949 7.344499460260614e-8
vn 0.292904811816209 -0.956141606256577 -6.462941380398053e-8
vn -0.17682754355864996 0.9842418502781755 8.539661041913956e-8
vn -0.989767580952488 -0.14268894734855672 1.4559473682884995e-7
vn 0.9897675221319524 -0.1426893553589433 -1.560895250716107e-7
vn -0.3733127051203941 0.9277055697772277 5.4914266856220777e-8
vn -0.29290531084855576 -0.9561414533826629 -5.694644145878613e-9
vn 0.17682712768484393 -0.9842419249934065 -3.901688294960921e-8
vn 0.9897675122236753 0.14268942408782062 -2.0789728852627916e-7
vn 0 0 1
vn 0 0 1
vn 1.56726438302649e-7 2.6219919229906767e-13 0.9999999999999878
vn 1.848713733100095e-7 2.454961586651169e-13 0.9999999999999829
vn 2.8946283410864046e-7 -4.173014745112634e-8 0.9999999999999574
vn 2.901624980545431e-7 4.183101387053602e-8 0.999999999999957
vn 1.5672633935395914e-7 2.6219902676819517e-13 0.9999999999999878
vn 1.8487141318720098e-7 4.017212190811286e-13 0.9999999999999829
vn 0 0 1
vn 1.5672641245252585e-7 2.0812163359454054e-13 0.9999999999999878
vn 2.559175854222712e-7 4.843887361452871e-13 0.9999999999999672
vn 1.5672633237562437e-7 3.40562622500774e-13 0.9999999999999878
vn 1.8487130374433497e-7 3.207563480763985e-13 0.999999999999983
vn -0.17682676140775566 -0.9842419907980149 -7.239096150244287e-8
vn -0.9861687507044217 0.1657443668245148 1.4506534916893628e-7
vn 0.3068035743805538 0.9517728545967867 2.3066835734240564e-9
vn -0.05340656408361813 -0.9985728510793677 -7.34449957398229e-8
vn 0.17682683848349612 0.9842419769507552 -2.6011212762827008e-8
vn 0.05340656408360576 -0.9985728510793712 -3.928050782576405e-9
vn 0.05340637464198584 0.998572861211236 7.344499644648002e-8
vn -0.05340685115714564 0.9985728357258035 7.737306655297207e-8
vn 0.2929047377282816 -0.9561416289527013 -4.308626491928106e-8
vn -0.1768273989580628 0.9842418762569116 2.601129519414856e-8
vn -0.9897675221319432 -0.14268935535894148 2.0789729561262273e-7
vn 0.9897675809524747 -0.1426889473485553 -2.1839210548542616e-7
vn -0.3733130149205385 0.9277054451122486 1.5060417539224382e-7
vn -0.29290514308775756 -0.9561415047746535 4.308632140642522e-8
vn 0.17682715935296656 -0.9842419193039688 -2.6011261861386682e-8
vn 3.1199305466356427e-12 -0.9999999999999996 -3.098654165632798e-8
vn 5.651519287898502e-12 -0.9999999999999986 -5.35021019080192e-8
vn 5.200225750030861e-12 -0.9999999999999988 -4.944682746526243e-8
vn 4.324487477436904e-12 -0.9999999999999991 -4.275237486048833e-8
vn -2.220446049250313e-16 -1 0
vn -2.220446049250313e-16 -1 0
vn -2.220446049250313e-16 -1 0
vn -6.536800931242865e-12 0.9999999999999981 6.197319350767808e-8
vn -4.8098054575418676e-12 0.9999999999999991 4.530223129802516e-8
vn 0.9999016134612937 -2.2202275872491432e-16 0.014027237700339694
vn 0.9983338751271655 -2.21674650885887e-16 -0.05770159247002769
vn 0.9995559949793951 -2.2194601600564636e-16 -0.029796189366285798
vn 0.9999999999999853 -2.2204460492502805e-16 -1.7145545653110902e-7
vn 0.9975618573655671 -2.2150322850701779e-16 -0.06978782651265356
vn -0.0001440026481556328 3.197501111787577e-20 -0.9999999896316187
vn 0.9991970850997935 -2.2186632200322655e-16 -0.04006476167502059
vn 0.9999764424281856 -2.220393740933048e-16 -0.006864006750414502
vn 0.9960699408372736 -2.2117195649091173e-16 -0.08857015840806896
vn 0.9995536971619084 -2.2194550578767035e-16 0.029873173416297246
vn 0.9988543805092842 -2.217902262978209e-16 -0.0478531768790169
vn 0.9999719353143792 -2.220383733130003e-16 -0.007491901201637069
vn 0.9981933918808554 -2.216434573389615e-16 -0.060082879469887544
vn 0.9997465714865952 -2.219883324908956e-16 0.022512059008416588
vn 0.9986475652270629 -2.217443040801876e-16 -0.05199077289345902
vn 0.9997819803265179 -2.2199619483276709e-16 -0.02088041700700012
vn 0.9979381806896549 -2.2158678907083893e-16 -0.06418245493763844
vn -0.11491356653696758 -0.9933574794777545 0.005982490397539356
vn -0.10780135554795617 -0.9941590394572827 0.005164494882983888
vn -0.10780581528882406 -0.9941625727246086 0.004322636174770623
vn -0.10935907179532227 -0.9939969650570528 0.0032598885615484526
vn 0.9987226224190388 -2.2176097012472668e-16 -0.05052844217307889
vn -0.10780588717020677 0.9941625644840292 0.004322738713316162
vn -0.10780142748271572 0.9941590311855469 0.005164585646840326
vn -0.06552907497508312 0.9885077566541343 0.1362290547846562
vn -0.11491348031424375 0.9933574890120177 0.005982563481259924
vn -0.11483565122482953 0.9933623302962167 0.006637315439220609
vn -0.11467069690982748 0.9933711671233878 0.008022194097178841
vn -0.09929928845406404 -0.9950576120569682 -3.1051829374516075e-8
vn -0.11183394698779774 0.993225819806462 0.0315537505046896
vn -0.10364603064384686 0.9925122236005359 0.0646296088127948
vn -0.07381458386996141 0.9924002599890218 0.09845370070152992
vn -0.09723727507091366 0.9952602934081031 -0.0013640755112450831
vn -0.09872792905896714 0.9918028228948899 0.08111693116394
vn -0.07381458386996187 -0.9924002599890219 0.09845370070152995
vn -0.081491105612508 0.9799658915408486 0.1817307104553352
vn 0.9972346461568737 -2.2143057302345642e-16 -0.07431729613202276
vn -0.08149100730791471 -0.9799659403701038 0.18173049122940216
vn 4.915185454803819e-12 -0.9999999999999991 -4.629472704257242e-8
vn 4.964647945078391e-12 -0.9999999999999989 -4.676057905707314e-8
vn 4.809805457540411e-12 -0.9999999999999991 -4.530223129802515e-8
vn -2.220446049250313e-16 -1 0
vn 4.971432631052663e-12 -0.9999999999999988 -4.9185358309564206e-8
vn 4.300457102910611e-12 -0.9999999999999993 -4.009676433286287e-8
vn 4.442148959268193e-12 -0.9999999999999991 -4.3915526535053675e-8
vn 5.475180330098984e-12 -0.9999999999999988 -5.2061154931908774e-8
vn 5.1433439657069425e-12 -0.9999999999999988 -4.890598484689811e-8
vn -5.387099216606518e-12 0.9999999999999986 5.350201626200313e-8
vn -3.2600336178564867e-12 0.9999999999999996 3.086314826478176e-8
vn -4.9646479450688414e-12 0.9999999999999989 4.676057905707314e-8
vn -3.4667431516519464e-12 0.9999999999999994 3.2964551641983394e-8
vn -5.798621953928636e-12 0.9999999999999987 5.5136490168643475e-8
vn -2.4856052925341825e-12 0.9999999999999999 2.4592679147956285e-8
vn -6.450796676660198e-12 0.9999999999999982 6.014514649929424e-8
vn -4.442148959283805e-12 0.9999999999999991 4.391552653505366e-8
vn -2.7374791438955473e-12 0.9999999999999997 2.6030577476791816e-8
vn -5.143343965006446e-12 0.9999999999999988 4.890598484011105e-8
vn -4.324487477435994e-12 0.9999999999999991 4.275237486048833e-8
vn 2.220446049250313e-16 1 0
vn -2.7111423822789196e-8 0.9999999999999828 1.842358502992175e-7
vn 2.220446049250313e-16 1 0
vn -0.09326130691795705 -0.995637765230678 -0.002787306659832325
vn -0.11183394698779815 -0.9932258198064617 0.031553750504689594
vn -0.11467070694883337 -0.9933711666447818 0.008022109862137328
vn -0.1148356627092794 -0.993362329613345 0.00663721894086293
vn -0.0992992885103669 0.9950576120513482 6.200711090495094e-8
vn -0.0992914719279848 0.995058158618032 0.0006815937688221137
vn -0.10849872011795335 0.99409625635462 0.0008129172748874217
vn -0.10935234798640281 0.9940004264628496 0.0022838961302784227
vn -0.10364597996570357 -0.992512241764977 0.06462941113462972
vn -0.09788791048751494 -0.9951950051249139 -0.0022042583358140686
vn -0.09723720956471298 -0.9952602997040865 -0.0013641513845698793
vn -0.09872786306563654 -0.9918028338987536 0.08111687694243919
vn -0.09929147296487442 -0.995058158576313 0.0006815036192954419
vn -0.09788797771800448 0.9951949987445916 -0.0022041533593841565
vn -0.10849864667276694 -0.9940962644380907 0.0008128347998485941
vn -0.10935227418149339 -0.994000434711766 0.002283839783276687
vn -0.06552911735824272 -0.9885077802443054 0.13622886322188016
vn -0.10935907230342005 0.9939969647605923 0.003259961911618946
vn -0.09326143246433573 0.9956377537193508 -0.002787217857612394
vn 3.268289443318975e-12 -0.9999999999999996 -3.098659675383909e-8
vn 5.387099216606518e-12 -0.9999999999999986 -5.350201626200313e-8
vn 5.200225749901664e-12 -0.9999999999999988 -4.944682746526245e-8
vn 4.4961434790937886e-12 -0.9999999999999991 -4.2752291828005485e-8
vn -2.220446049250313e-16 -1 0
vn -2.220446049250313e-16 -1 0
vn 0.004023041983740995 -0.9994681303114221 0.032361576367467684
vn -6.240083137876201e-12 0.9999999999999981 6.197308331265587e-8
vn -4.7643294680803125e-12 0.9999999999999991 4.5302244325981506e-8
vn 0.9999016134612936 -2.220227587249143e-16 0.014027237700339692
vn 0.9983338751271655 -2.21674650885887e-16 -0.05770159247002769
vn 0.9995559949793951 -2.2194601600564636e-16 -0.0297961893662858
vn 0.9999999999999853 -2.2204460492502805e-16 -1.7145545653110902e-7
vn 0.9975618573655671 -2.2150322850701779e-16 -0.06978782651265356
vn -0.0001440026481556328 3.197501111787577e-20 -0.9999999896316187
vn 0.9991970850997935 -2.2186632200322655e-16 -0.04006476167502059
vn 0.9999764424281856 -2.220393740933048e-16 -0.006864006750414503
vn 0.9960699408372736 -2.2117195649091173e-16 -0.08857015840806896
vn 0.9995536971619084 -2.2194550578767035e-16 0.029873173416297246
vn 0.9988543805092842 -2.217902262978209e-16 -0.047853176879016884
vn 0.9999719353143792 -2.220383733130003e-16 -0.007491901201637067
vn 0.9981933918808555 -2.2164345733896152e-16 -0.06008287946988756
vn 0.9997465714865952 -2.219883324908956e-16 0.022512059008416588
vn 0.998647565227063 -2.2174430408018764e-16 -0.05199077289345904
vn 0.999781980326518 -2.219961948327671e-16 -0.020880417007000118
vn 0.9979381806896548 -2.215867890708389e-16 -0.06418245493763844
vn -0.11491355842250044 -0.9933574804360732 0.005982487139566952
vn -0.11472256909837737 -0.9933685961432431 0.0075871164397636965
vn -0.10936387273354906 -0.9939939069827681 0.003956794390986399
vn -0.10935908743464733 -0.9939969633520084 0.0032598838088811434
vn 0.9987226224190388 -2.2176097012472668e-16 -0.05052844217307889
vn -0.10936387355019614 0.9939939064183928 0.003956913595226234
vn -0.11472248717432433 0.9933686053229855 0.007587153300404125
vn -0.095920160378583 0.990331039392022 0.1002185374552261
vn -0.11491354619673169 0.9933574812312953 0.005982589933190469
vn -0.11483563304746829 0.9933623324443908 0.006637308432406466
vn -0.1146707780336432 0.9933711573258425 0.008022247707188705
vn -0.0992992888269144 -0.9950576120197604 -3.096528699533063e-8
vn -0.11183394058277726 0.9932258211338156 0.0315537314241256
vn -0.10850685613599657 0.9923735340825666 0.058489580473444346
vn -0.10037785012222551 0.9919269037692443 0.07749390158974125
vn -0.09929869726816543 0.9950572555866348 -0.0009092993126672908
vn -0.10246851719410445 0.9919569062552013 0.0743081362749162
vn -0.10037768663123929 -0.9919269101921258 0.07749403114603941
vn -0.030873657467658796 0.9790964172837655 0.2010398541002864
vn -0.03087362029011592 -0.9790964681646382 0.20103961201144765
vn 4.890161448634738e-12 -0.9999999999999991 -4.62947223928895e-8
vn 4.9646475619486636e-12 -0.9999999999999989 -4.676057905715047e-8
vn 4.764329468076712e-12 -0.9999999999999991 -4.5302244325981506e-8
vn -2.220446049250313e-16 -1 0
vn 5.275267665105062e-12 -0.9999999999999988 -4.91852705992149e-8
vn 4.055859160011838e-12 -0.9999999999999993 -4.009681803128871e-8
vn 4.618479755217338e-12 -0.9999999999999991 -4.39154848409882e-8
vn 5.475181176535635e-12 -0.9999999999999988 -5.206115493166749e-8
vn 4.94697443026579e-12 -0.9999999999999988 -4.890603568277885e-8
vn -5.651519287898502e-12 0.9999999999999986 5.35021019080192e-8
vn -3.27671628863704e-12 0.9999999999999996 3.086315136457037e-8
vn -4.964647561959904e-12 0.9999999999999989 4.676057905715047e-8
vn -3.4667431515681236e-12 0.9999999999999994 3.296455164198341e-8
vn -5.572980543575158e-12 0.9999999999999987 5.5136566015653705e-8
vn -2.6375228095212914e-12 0.9999999999999999 2.459263529278165e-8
vn -6.083899762323419e-12 0.9999999999999982 6.014522704693299e-8
vn -4.618479755213257e-12 0.9999999999999991 4.39154848409882e-8
vn -2.737479567108709e-12 0.9999999999999997 2.6030577476671177e-8
vn -4.946974429590269e-12 0.9999999999999988 4.890603567599178e-8
vn -4.496143479094453e-12 0.9999999999999991 4.2752291828005485e-8
vn 2.220446049250313e-16 1 0
vn -4.9985767953999064e-8 0.9999999999999889 1.4030337458255203e-7
vn 0.004023069078965349 0.9994681231451974 0.032361794322975306
vn -0.0979075978230046 -0.9951953021008858 -0.0006426234166570267
vn -0.11183394058277771 -0.9932258211338156 0.03155373142412561
vn -0.11467078807232466 -0.9933711568472792 0.008022163471933446
vn -0.1148356445323078 -0.9933623317614727 0.006637211934198794
vn -0.09929928776582532 0.9950576121256478 6.18342952157748e-8
vn -0.1000007434079599 0.9949869308430654 0.000926698091231796
vn -0.09999095053716789 0.9949847787388746 0.0026645616199432918
vn -0.1085111749185327 0.9940918784840954 0.002581094682928588
vn -0.10850689505857733 -0.9923735481639127 0.058489269351852585
vn -0.09723636868962422 -0.9952582974379416 -0.0024515270721451802
vn -0.09929869722545827 -0.9950572555347671 -0.0009093607336422647
vn -0.10246844867914544 -0.9919569170547365 0.07430808658922652
vn -0.10000074390911419 -0.9949869308768224 0.0009266077623232502
vn -0.09723643422723492 0.9952582912919353 -0.0024514227358678415
vn -0.0999909511017726 -0.9949847789463787 0.002664462945723218
vn -0.10851110166969732 -0.9940918866264831 0.0025810381299995345
vn -0.09592009645221664 -0.9903310523427653 0.100218470664189
vn -0.10935916119680454 0.9939969550691766 0.003259934897621041
vn -0.09790766449431457 0.9951952955815419 -0.0006425617762761413
usemtl m_d654c2e0-da78-6b55-9082-faec71549700
f 2/1/1 3/2/1 4/3/1
f 5/4/2 6/5/2 7/6/2
f 8/7/3 9/8/3 10/9/3
f 11/10/4 12/11/4 2/12/4
f 13/13/5 14/14/5 8/15/5
f 15/16/6 16/17/6 11/18/6
f 17/19/7 18/20/7 19/21/7
f 20/22/8 21/23/8 13/24/8
f 22/25/9 23/26/9 15/27/9
f 24/28/10 19/29/10 25/30/10
f 26/31/11 27/32/11 20/33/11
f 28/34/12 29/35/12 22/36/12
f 30/37/13 25/38/13 31/39/13
f 32/40/14 33/41/14 26/42/14
f 34/43/15 28/44/15 35/45/15
f 36/46/16 31/47/16 37/48/16
f 38/49/17 39/50/17 32/51/17
f 40/52/18 35/53/18 41/54/18
f 42/55/19 37/56/19 43/57/19
f 18/58/20 44/59/20 38/60/20
f 45/61/21 41/62/21 46/63/21
f 47/64/22 43/65/22 48/66/22
f 49/67/23 46/68/23 50/69/23
f 51/70/24 48/71/24 52/72/24
f 53/73/25 50/74/25 54/75/25
f 55/76/26 52/77/26 56/78/26
f 57/79/27 54/80/27 58/81/27
f 59/82/28 55/83/28 56/84/28
f 60/85/29 58/86/29 61/87/29
f 62/88/30 63/89/30 59/90/30
f 64/91/31 61/92/31 65/93/31
f 4/94/32 66/95/32 62/96/32
f 10/97/33 64/98/33 65/99/33
f 67/100/34 68/101/34 69/102/34
f 70/103/35 71/104/35 72/105/35
f 73/106/36 74/107/36 5/108/36
f 75/109/37 69/110/37 76/111/37
f 77/112/38 70/113/38 72/114/38
f 78/115/39 73/116/39 79/117/39
f 80/118/40 75/119/40 76/120/40
f 81/121/41 82/122/41 77/123/41
f 83/124/42 79/125/42 84/126/42
f 85/127/43 86/128/43 80/129/43
f 87/130/44 88/131/44 81/132/44
f 89/133/45 84/134/45 90/135/45
f 91/136/46 92/137/46 85/138/46
f 93/139/47 90/140/47 94/141/47
f 95/142/48 96/143/48 91/144/48
f 97/145/49 94/146/49 98/147/49
f 99/148/50 100/149/50 95/150/50
f 101/151/51 97/152/51 98/153/51
f 102/154/52 103/155/52 99/156/52
f 104/157/53 101/158/53 105/159/53
f 106/160/54 107/161/54 102/162/54
f 108/163/55 105/164/55 109/165/55
f 110/166/56 106/167/56 111/168/56
f 112/169/57 109/170/57 113/171/57
f 114/172/58 110/173/58 111/174/58
f 115/175/59 113/176/59 116/177/59
f 117/178/60 118/179/60 114/180/60
f 119/181/61 116/182/61 120/183/61
f 7/184/62 121/185/62 117/186/62
f 122/187/63 87/188/63 68/189/63
f 123/190/64 120/191/64 71/192/64
f 124/193/65 125/194/65 126/195/65
f 127/196/66 128/197/66 129/198/66
f 130/199/67 131/200/67 132/201/67
f 133/202/68 134/203/68 135/204/68
f 126/205/69 136/206/69 137/207/69
f 138/208/70 139/209/70 131/210/70
f 135/211/71 140/212/71 141/213/71
f 137/214/72 142/215/72 143/216/72
f 141/217/73 129/218/73 144/219/73
f 143/220/74 145/221/74 146/222/74
f 144/223/75 128/224/75 147/225/75
f 146/226/76 148/227/76 149/228/76
f 147/229/77 150/230/77 151/231/77
f 148/232/78 152/233/78 149/234/78
f 151/235/79 153/236/79 154/237/79
f 155/238/80 156/239/80 152/240/80
f 154/241/81 157/242/81 158/243/81
f 159/244/82 160/245/82 156/246/82
f 157/247/83 161/248/83 158/249/83
f 162/250/84 163/251/84 160/252/84
f 164/253/85 165/254/85 161/255/85
f 166/256/86 167/257/86 163/258/86
f 168/259/87 169/260/87 165/261/87
f 170/262/88 171/263/88 167/264/88
f 139/265/89 172/266/89 173/267/89
f 174/268/90 175/269/90 169/270/90
f 176/271/91 177/272/91 171/273/91
f 173/274/92 178/275/92 179/276/92
f 180/277/93 181/278/93 175/279/93
f 182/280/94 183/281/94 177/282/94
f 179/283/95 184/284/95 124/285/95
f 185/286/96 132/287/96 181/288/96
f 183/289/97 186/290/97 133/291/97
f 145/292/98 187/293/98 148/294/98
f 188/295/99 150/296/99 128/297/99
f 148/298/100 189/299/100 155/300/100
f 190/301/101 153/302/101 150/303/101
f 155/304/102 191/305/102 159/306/102
f 192/307/103 157/308/103 153/309/103
f 159/310/104 193/311/104 162/312/104
f 194/313/105 164/314/105 157/315/105
f 162/316/106 195/317/106 166/318/106
f 196/319/107 168/320/107 164/321/107
f 166/322/108 197/323/108 170/324/108
f 168/325/109 198/326/109 174/327/109
f 197/328/110 176/329/110 170/330/110
f 199/331/111 200/332/111 172/333/111
f 198/334/112 180/335/112 174/336/112
f 201/337/113 182/338/113 176/339/113
f 172/340/114 202/341/114 178/342/114
f 203/343/115 185/344/115 180/345/115
f 204/346/116 205/347/116 182/348/116
f 178/349/117 206/350/117 184/351/117
f 207/352/118 130/353/118 185/354/118
f 205/355/119 208/356/119 186/357/119
f 184/358/120 209/359/120 125/360/120
f 210/361/121 138/362/121 130/363/121
f 186/364/122 211/365/122 134/366/122
f 125/367/123 212/368/123 136/369/123
f 213/370/124 199/371/124 138/372/124
f 134/373/125 214/374/125 140/375/125
f 212/376/126 142/377/126 136/378/126
f 214/379/127 129/380/127 140/381/127
f 142/382/128 215/383/128 145/384/128
f 37/385/129 124/386/129 126/387/129
f 131/388/130 32/389/130 132/390/130
f 135/391/131 35/392/131 133/393/131
f 43/394/132 126/395/132 137/396/132
f 139/397/133 38/398/133 131/399/133
f 141/400/134 41/401/134 135/402/134
f 48/403/135 137/404/135 143/405/135
f 144/406/136 46/407/136 141/408/136
f 52/409/137 143/410/137 146/411/137
f 147/412/138 50/413/138 144/414/138
f 56/415/139 146/416/139 149/417/139
f 151/418/140 54/419/140 147/420/140
f 59/421/141 149/422/141 152/423/141
f 154/424/142 58/425/142 151/426/142
f 62/427/143 152/428/143 156/429/143
f 158/430/144 61/431/144 154/432/144
f 4/433/145 156/434/145 160/435/145
f 161/436/146 65/437/146 158/438/146
f 2/439/147 160/440/147 163/441/147
f 165/442/148 10/443/148 161/444/148
f 11/445/149 163/446/149 167/447/149
f 169/448/150 8/449/150 165/450/150
f 15/451/151 167/452/151 171/453/151
f 19/454/152 139/455/152 173/456/152
f 175/457/153 13/458/153 169/459/153
f 22/460/154 171/461/154 177/462/154
f 25/463/155 173/464/155 179/465/155
f 181/466/156 20/467/156 175/468/156
f 28/469/157 177/470/157 183/471/157
f 31/472/158 179/473/158 124/474/158
f 132/475/159 26/476/159 181/477/159
f 133/478/160 28/479/160 183/480/160
f 216/481/161 217/482/161 218/483/161
f 219/484/162 220/485/162 221/486/162
f 222/487/163 223/488/163 224/489/163
f 225/490/164 226/491/164 227/492/164
f 228/493/165 229/494/165 230/495/165
f 231/496/166 232/497/166 233/498/166
f 234/499/167 235/500/167 236/501/167
f 237/502/168 238/503/168 239/504/168
f 240/505/169 241/506/169 242/507/169
f 243/508/170 244/509/170 245/510/170
f 246/511/171 247/512/171 248/513/171
f 249/514/172 250/515/172 251/516/172
f 252/517/173 253/518/173 254/519/173
f 255/520/174 256/521/174 257/522/174
f 226/523/175 258/524/175 259/525/175
f 260/526/176 261/527/176 262/528/176
f 263/529/177 264/530/177 265/531/177
f 266/532/178 267/533/178 268/534/178
f 269/535/179 270/536/179 271/537/179
f 272/538/180 273/539/180 274/540/180
f 275/541/181 276/542/181 277/543/181
f 278/544/182 224/545/182 279/546/182
f 280/547/183 281/548/183 282/549/183
f 283/550/184 284/551/184 285/552/184
f 286/553/185 287/554/185 288/555/185
f 289/556/186 290/557/186 291/558/186
f 292/559/187 293/560/187 294/561/187
f 295/562/188 296/563/188 297/564/188
f 298/565/189 299/566/189 300/567/189
f 301/568/190 302/569/190 303/570/190
f 304/571/191 305/572/191 306/573/191
f 307/574/192 308/575/192 309/576/192
f 310/577/193 225/578/193 311/579/193
f 312/580/194 313/581/194 314/582/194
f 315/583/195 316/584/195 317/585/195
f 318/586/196 276/587/196 319/588/196
f 280/589/197 320/590/197 321/591/197
f 322/592/198 323/593/198 324/594/198
f 286/595/199 325/596/199 326/597/199
f 292/598/200 327/599/200 328/600/200
f 298/601/201 329/602/201 330/603/201
f 331/604/202 332/605/202 333/606/202
f 334/607/203 305/608/203 335/609/203
f 336/610/204 225/611/204 337/612/204
f 220/613/205 338/614/205 221/615/205
f 232/616/206 339/617/206 233/618/206
f 340/619/207 341/620/207 241/621/207
f 342/622/208 343/623/208 344/624/208
f 345/625/209 346/626/209 252/627/209
f 347/628/210 348/629/210 349/630/210
f 350/631/211 351/632/211 352/633/211
f 353/634/212 270/635/212 354/636/212
f 355/637/213 261/638/213 356/639/213
f 357/640/214 253/641/214 358/642/214
f 359/643/215 360/644/215 361/645/215
f 362/646/216 227/647/216 219/648/216
f 363/649/217 364/650/217 231/651/217
f 365/652/218 240/653/218 242/654/218
f 249/655/219 366/656/219 367/657/219
f 226/658/220 368/659/220 369/660/220
f 266/661/221 370/662/221 371/663/221
f 372/664/222 373/665/222 374/666/222
f 375/667/223 376/668/223 377/669/223
f 319/670/224 280/671/224 321/672/224
f 324/673/225 286/674/225 326/675/225
f 378/676/226 292/677/226 328/678/226
f 379/679/227 298/680/227 330/681/227
f 380/682/228 331/683/228 333/684/228
f 305/685/229 361/686/229 335/687/229
f 225/688/230 381/689/230 337/690/230
f 220/691/231 382/692/231 383/693/231
f 232/694/232 384/695/232 385/696/232
f 340/697/233 367/698/233 386/699/233
f 343/700/234 369/701/234 344/702/234
f 373/703/235 371/704/235 374/705/235
f 376/706/236 387/707/236 377/708/236
f 358/709/237 347/710/237 349/711/237
f 356/712/238 350/713/238 352/714/238
f 270/715/239 317/716/239 354/717/239
f 110/718/240 195/719/240 193/720/240
f 388/721/241 389/722/241 378/723/241
f 107/724/242 191/725/242 189/726/242
f 100/727/243 187/728/243 215/729/243
f 96/730/244 212/731/244 92/732/244
f 86/733/245 206/734/245 75/735/245
f 67/736/246 200/737/246 122/738/246
f 88/739/247 390/740/247 213/741/247
f 70/742/248 210/743/248 207/744/248
f 119/745/249 203/746/249 198/747/249
f 115/748/250 196/749/250 112/750/250
f 108/751/251 192/752/251 104/753/251
f 391/754/252 188/755/252 97/756/252
f 93/757/253 214/758/253 89/759/253
f 392/760/254 393/761/254 379/762/254
f 121/763/255 201/764/255 197/765/255
f 394/766/256 395/767/256 380/768/256
f 74/769/257 396/770/257 204/771/257
f 83/772/258 208/773/258 78/774/258
f 2/775/259 12/776/259 3/777/259
f 5/778/260 74/779/260 6/780/260
f 8/781/261 14/782/261 9/783/261
f 11/784/262 16/785/262 12/786/262
f 13/787/263 21/788/263 14/789/263
f 15/790/264 23/791/264 16/792/264
f 17/793/265 397/794/265 18/795/265
f 20/796/266 27/797/266 21/798/266
f 22/799/267 29/800/267 23/801/267
f 24/802/268 17/803/268 19/804/268
f 26/805/269 33/806/269 27/807/269
f 28/808/270 398/809/270 29/810/270
f 30/811/271 24/812/271 25/813/271
f 32/814/272 39/815/272 33/816/272
f 34/817/273 398/818/273 28/819/273
f 36/820/274 30/821/274 31/822/274
f 38/823/275 44/824/275 39/825/275
f 40/826/276 34/827/276 35/828/276
f 42/829/277 36/830/277 37/831/277
f 18/832/278 397/833/278 44/834/278
f 45/835/279 40/836/279 41/837/279
f 47/838/280 42/839/280 43/840/280
f 49/841/281 45/842/281 46/843/281
f 51/844/282 47/845/282 48/846/282
f 53/847/283 49/848/283 50/849/283
f 55/850/284 51/851/284 52/852/284
f 57/853/285 53/854/285 54/855/285
f 59/856/286 63/857/286 55/858/286
f 60/859/287 57/860/287 58/861/287
f 62/862/288 66/863/288 63/864/288
f 64/865/289 60/866/289 61/867/289
f 4/868/290 3/869/290 66/870/290
f 10/871/291 9/872/291 64/873/291
f 67/874/292 122/875/292 68/876/292
f 70/877/293 123/878/293 71/879/293
f 73/880/294 399/881/294 74/882/294
f 75/883/295 67/884/295 69/885/295
f 77/886/296 82/887/296 70/888/296
f 78/889/297 399/890/297 73/891/297
f 80/892/298 86/893/298 75/894/298
f 81/895/299 88/896/299 82/897/299
f 83/898/300 78/899/300 79/900/300
f 85/901/301 92/902/301 86/903/301
f 87/904/302 400/905/302 88/906/302
f 89/907/303 83/908/303 84/909/303
f 91/910/304 96/911/304 92/912/304
f 93/913/305 89/914/305 90/915/305
f 95/916/306 100/917/306 96/918/306
f 97/919/307 93/920/307 94/921/307
f 99/922/308 103/923/308 100/924/308
f 101/925/309 391/926/309 97/927/309
f 102/928/310 107/929/310 103/930/310
f 104/931/311 391/932/311 101/933/311
f 106/934/312 401/935/312 107/936/312
f 108/937/313 104/938/313 105/939/313
f 110/940/314 401/941/314 106/942/314
f 112/943/315 108/944/315 109/945/315
f 114/946/316 118/947/316 110/948/316
f 115/949/317 112/950/317 113/951/317
f 117/952/318 121/953/318 118/954/318
f 119/955/319 115/956/319 116/957/319
f 7/958/320 6/959/320 121/960/320
f 122/961/321 400/962/321 87/963/321
f 123/964/322 119/965/322 120/966/322
f 124/967/323 184/968/323 125/969/323
f 127/970/324 188/971/324 128/972/324
f 130/973/325 138/974/325 131/975/325
f 133/976/326 186/977/326 134/978/326
f 126/979/327 125/980/327 136/981/327
f 138/982/328 199/983/328 139/984/328
f 135/985/329 134/986/329 140/987/329
f 137/988/330 136/989/330 142/990/330
f 141/991/331 140/992/331 129/993/331
f 143/994/332 142/995/332 145/996/332
f 144/997/333 129/998/333 128/999/333
f 146/1000/334 145/1001/334 148/1002/334
f 147/1003/335 128/1004/335 150/1005/335
f 148/1006/336 155/1007/336 152/1008/336
f 151/1009/337 150/1010/337 153/1011/337
f 155/1012/338 159/1013/338 156/1014/338
f 154/1015/339 153/1016/339 157/1017/339
f 159/1018/340 162/1019/340 160/1020/340
f 157/1021/341 164/1022/341 161/1023/341
f 162/1024/342 166/1025/342 163/1026/342
f 164/1027/343 168/1028/343 165/1029/343
f 166/1030/344 170/1031/344 167/1032/344
f 168/1033/345 174/1034/345 169/1035/345
f 170/1036/346 176/1037/346 171/1038/346
f 139/1039/347 199/1040/347 172/1041/347
f 174/1042/348 180/1043/348 175/1044/348
f 176/1045/349 182/1046/349 177/1047/349
f 173/1048/350 172/1049/350 178/1050/350
f 180/1051/351 185/1052/351 181/1053/351
f 182/1054/352 205/1055/352 183/1056/352
f 179/1057/353 178/1058/353 184/1059/353
f 185/1060/354 130/1061/354 132/1062/354
f 183/1063/355 205/1064/355 186/1065/355
f 145/1066/356 215/1067/356 187/1068/356
f 188/1069/357 190/1070/357 150/1071/357
f 148/1072/358 187/1073/358 189/1074/358
f 190/1075/359 192/1076/359 153/1077/359
f 155/1078/360 189/1079/360 191/1080/360
f 192/1081/361 194/1082/361 157/1083/361
f 159/1084/362 191/1085/362 193/1086/362
f 194/1087/363 196/1088/363 164/1089/363
f 162/1090/364 193/1091/364 195/1092/364
f 196/1093/365 402/1094/365 168/1095/365
f 166/1096/366 195/1097/366 197/1098/366
f 168/1099/367 402/1100/367 198/1101/367
f 197/1102/368 201/1103/368 176/1104/368
f 199/1105/369 390/1106/369 200/1107/369
f 198/1108/370 203/1109/370 180/1110/370
f 201/1111/371 204/1112/371 182/1113/371
f 172/1114/372 200/1115/372 202/1116/372
f 203/1117/373 207/1118/373 185/1119/373
f 204/1120/374 396/1121/374 205/1122/374
f 178/1123/375 202/1124/375 206/1125/375
f 207/1126/376 210/1127/376 130/1128/376
f 205/1129/377 396/1130/377 208/1131/377
f 184/1132/378 206/1133/378 209/1134/378
f 210/1135/379 213/1136/379 138/1137/379
f 186/1138/380 208/1139/380 211/1140/380
f 125/1141/381 209/1142/381 212/1143/381
f 213/1144/382 390/1145/382 199/1146/382
f 134/1147/383 211/1148/383 214/1149/383
f 212/1150/384 403/1151/384 142/1152/384
f 214/1153/385 127/1154/385 129/1155/385
f 142/1156/386 403/1157/386 215/1158/386
f 37/1159/387 31/1160/387 124/1161/387
f 131/1162/388 38/1163/388 32/1164/388
f 135/1165/389 41/1166/389 35/1167/389
f 43/1168/390 37/1169/390 126/1170/390
f 139/1171/391 18/1172/391 38/1173/391
f 141/1174/392 46/1175/392 41/1176/392
f 48/1177/393 43/1178/393 137/1179/393
f 144/1180/394 50/1181/394 46/1182/394
f 52/1183/395 48/1184/395 143/1185/395
f 147/1186/396 54/1187/396 50/1188/396
f 56/1189/397 52/1190/397 146/1191/397
f 151/1192/398 58/1193/398 54/1194/398
f 59/1195/399 56/1196/399 149/1197/399
f 154/1198/400 61/1199/400 58/1200/400
f 62/1201/401 59/1202/401 152/1203/401
f 158/1204/402 65/1205/402 61/1206/402
f 4/1207/403 62/1208/403 156/1209/403
f 161/1210/404 10/1211/404 65/1212/404
f 2/1213/405 4/1214/405 160/1215/405
f 165/1216/406 8/1217/406 10/1218/406
f 11/1219/407 2/1220/407 163/1221/407
f 169/1222/408 13/1223/408 8/1224/408
f 15/1225/409 11/1226/409 167/1227/409
f 19/1228/410 18/1229/410 139/1230/410
f 175/1231/411 20/1232/411 13/1233/411
f 22/1234/412 15/1235/412 171/1236/412
f 25/1237/413 19/1238/413 173/1239/413
f 181/1240/414 26/1241/414 20/1242/414
f 28/1243/415 22/1244/415 177/1245/415
f 31/1246/416 25/1247/416 179/1248/416
f 132/1249/417 32/1250/417 26/1251/417
f 133/1252/418 35/1253/418 28/1254/418
f 216/1255/419 404/1256/419 217/1257/419
f 219/1258/420 227/1259/420 220/1260/420
f 405/1261/421 228/1262/421 237/1263/421
f 237/1264/422 223/1265/422 222/1266/422
f 228/1267/423 406/1268/423 237/1269/423
f 244/1270/424 407/1271/424 408/1272/424
f 404/1273/425 235/1274/425 409/1275/425
f 408/1276/426 407/1277/426 405/1278/426
f 405/1279/427 237/1280/427 408/1281/427
f 246/1282/428 410/1283/428 255/1284/428
f 255/1285/429 264/1286/429 246/1287/429
f 411/1288/430 273/1289/430 412/1290/430
f 412/1291/431 224/1292/431 246/1293/431
f 222/1294/432 284/1295/432 413/1296/432
f 413/1297/433 414/1298/433 222/1299/433
f 289/1300/434 415/1301/434 295/1302/434
f 295/1303/435 409/1304/435 235/1305/435
f 301/1306/436 416/1307/436 307/1308/436
f 307/1309/437 313/1310/437 301/1311/437
f 417/1312/438 217/1313/438 404/1314/438
f 235/1315/439 408/1316/439 295/1317/439
f 237/1318/440 222/1319/440 408/1320/440
f 264/1321/441 411/1322/441 412/1323/441
f 224/1324/442 223/1325/442 246/1326/442
f 414/1327/443 289/1328/443 295/1329/443
f 409/1330/444 301/1331/444 404/1332/444
f 313/1333/445 417/1334/445 404/1335/445
f 408/1336/446 222/1337/446 295/1338/446
f 264/1339/447 412/1340/447 246/1341/447
f 414/1342/448 295/1343/448 222/1344/448
f 313/1345/449 404/1346/449 301/1347/449
f 347/1348/450 253/1349/450 261/1350/450
f 346/1351/451 376/1352/451 373/1353/451
f 373/1354/452 226/1355/452 225/1356/452
f 376/1357/453 266/1358/453 373/1359/453
f 261/1360/454 253/1361/454 346/1362/454
f 270/1363/455 350/1364/455 292/1365/455
f 276/1366/456 315/1367/456 270/1368/456
f 323/1369/457 280/1370/457 389/1371/457
f 389/1372/458 286/1373/458 323/1374/458
f 393/1375/459 292/1376/459 350/1377/459
f 395/1378/460 298/1379/460 393/1380/460
f 305/1381/461 331/1382/461 225/1383/461
f 225/1384/462 359/1385/462 305/1386/462
f 220/1387/463 227/1388/463 343/1389/463
f 232/1390/464 364/1391/464 220/1392/464
f 340/1393/465 240/1394/465 343/1395/465
f 343/1396/466 249/1397/466 340/1398/466
f 346/1399/467 373/1400/467 261/1401/467
f 350/1402/468 261/1403/468 393/1404/468
f 280/1405/469 276/1406/469 270/1407/469
f 292/1408/470 389/1409/470 270/1410/470
f 331/1411/471 395/1412/471 393/1413/471
f 227/1414/472 226/1415/472 343/1416/472
f 240/1417/473 232/1418/473 220/1419/473
f 373/1420/474 225/1421/474 393/1422/474
f 280/1423/475 270/1424/475 389/1425/475
f 331/1426/476 393/1427/476 225/1428/476
f 240/1429/477 220/1430/477 343/1431/477
f 261/1432/478 373/1433/478 393/1434/478
f 228/1435/479 405/1436/479 229/1437/479
f 231/1438/480 364/1439/480 232/1440/480
f 234/1441/481 408/1442/481 235/1443/481
f 237/1444/482 406/1445/482 238/1446/482
f 240/1447/483 340/1448/483 241/1449/483
f 243/1450/484 407/1451/484 244/1452/484
f 246/1453/485 223/1454/485 247/1455/485
f 249/1456/486 343/1457/486 250/1458/486
f 252/1459/487 346/1460/487 253/1461/487
f 255/1462/488 410/1463/488 256/1464/488
f 226/1465/489 373/1466/489 258/1467/489
f 260/1468/490 347/1469/490 261/1470/490
f 263/1471/491 411/1472/491 264/1473/491
f 266/1474/492 376/1475/492 267/1476/492
f 269/1477/493 350/1478/493 270/1479/493
f 272/1480/494 412/1481/494 273/1482/494
f 275/1483/495 315/1484/495 276/1485/495
f 278/1486/496 222/1487/496 224/1488/496
f 280/1489/497 323/1490/497 281/1491/497
f 283/1492/498 413/1493/498 284/1494/498
f 286/1495/499 389/1496/499 287/1497/499
f 289/1498/500 414/1499/500 290/1500/500
f 292/1501/501 393/1502/501 293/1503/501
f 295/1504/502 415/1505/502 296/1506/502
f 298/1507/503 395/1508/503 299/1509/503
f 301/1510/504 409/1511/504 302/1512/504
f 304/1513/505 331/1514/505 305/1515/505
f 307/1516/506 416/1517/506 308/1518/506
f 310/1519/507 359/1520/507 225/1521/507
f 312/1522/508 417/1523/508 313/1524/508
f 315/1525/509 275/1526/509 316/1527/509
f 318/1528/510 277/1529/510 276/1530/510
f 280/1531/511 282/1532/511 320/1533/511
f 322/1534/512 281/1535/512 323/1536/512
f 286/1537/513 288/1538/513 325/1539/513
f 292/1540/514 294/1541/514 327/1542/514
f 298/1543/515 300/1544/515 329/1545/515
f 331/1546/516 304/1547/516 332/1548/516
f 334/1549/517 306/1550/517 305/1551/517
f 336/1552/518 311/1553/518 225/1554/518
f 220/1555/519 383/1556/519 338/1557/519
f 232/1558/520 385/1559/520 339/1560/520
f 340/1561/521 386/1562/521 341/1563/521
f 342/1564/522 250/1565/522 343/1566/522
f 345/1567/523 387/1568/523 346/1569/523
f 347/1570/524 260/1571/524 348/1572/524
f 350/1573/525 269/1574/525 351/1575/525
f 353/1576/526 271/1577/526 270/1578/526
f 355/1579/527 262/1580/527 261/1581/527
f 357/1582/528 254/1583/528 253/1584/528
f 359/1585/529 310/1586/529 360/1587/529
f 362/1588/530 381/1589/530 227/1590/530
f 363/1591/531 382/1592/531 364/1593/531
f 365/1594/532 384/1595/532 240/1596/532
f 249/1597/533 251/1598/533 366/1599/533
f 226/1600/534 259/1601/534 368/1602/534
f 266/1603/535 268/1604/535 370/1605/535
f 372/1606/536 258/1607/536 373/1608/536
f 375/1609/537 267/1610/537 376/1611/537
f 319/1612/538 276/1613/538 280/1614/538
f 324/1615/539 323/1616/539 286/1617/539
f 378/1618/540 389/1619/540 292/1620/540
f 379/1621/541 393/1622/541 298/1623/541
f 380/1624/542 395/1625/542 331/1626/542
f 305/1627/543 359/1628/543 361/1629/543
f 225/1630/544 227/1631/544 381/1632/544
f 220/1633/545 364/1634/545 382/1635/545
f 232/1636/546 240/1637/546 384/1638/546
f 340/1639/547 249/1640/547 367/1641/547
f 343/1642/548 226/1643/548 369/1644/548
f 373/1645/549 266/1646/549 371/1647/549
f 376/1648/550 346/1649/550 387/1650/550
f 358/1651/551 253/1652/551 347/1653/551
f 356/1654/552 261/1655/552 350/1656/552
f 270/1657/553 315/1658/553 317/1659/553
f 110/1660/554 118/1661/554 195/1662/554
f 388/1663/555 287/1664/555 389/1665/555
f 107/1666/556 401/1667/556 191/1668/556
f 100/1669/557 103/1670/557 187/1671/557
f 96/1672/558 403/1673/558 212/1674/558
f 86/1675/559 209/1676/559 206/1677/559
f 67/1678/560 202/1679/560 200/1680/560
f 88/1681/561 400/1682/561 390/1683/561
f 70/1684/562 82/1685/562 210/1686/562
f 119/1687/563 123/1688/563 203/1689/563
f 115/1690/564 402/1691/564 196/1692/564
f 108/1693/565 194/1694/565 192/1695/565
f 391/1696/566 190/1697/566 188/1698/566
f 93/1699/567 127/1700/567 214/1701/567
f 392/1702/568 293/1703/568 393/1704/568
f 121/1705/569 6/1706/569 201/1707/569
f 394/1708/570 299/1709/570 395/1710/570
f 74/1711/571 399/1712/571 396/1713/571
f 83/1714/572 211/1715/572 208/1716/572
usemtl m_9432dd35-27ae-e605-fd9d-112d149c64ad
f 418/1717/573 419/1718/573 420/1719/573
f 421/1720/574 422/1721/574 423/1722/574
f 424/1723/575 425/1724/575 426/1725/575
f 427/1726/576 428/1727/576 429/1728/576
f 430/1729/577 431/1730/577 432/1731/577
f 425/1732/578 433/1733/578 426/1734/578
f 434/1735/579 435/1736/579 436/1737/579
f 436/1738/580 437/1739/580 427/1740/580
f 438/1741/581 419/1742/581 439/1743/581
f 440/1744/582 441/1745/582 442/1746/582
f 438/1747/583 442/1748/583 443/1749/583
f 444/1750/584 445/1751/584 446/1752/584
f 447/1753/585 428/1754/585 448/1755/585
f 449/1756/586 450/1757/586 451/1758/586
f 452/1759/587 453/1760/587 454/1761/587
f 454/1762/588 455/1763/588 456/1764/588
f 456/1765/589 457/1766/589 458/1767/589
f 459/1768/590 460/1769/590 461/1770/590
f 462/1771/591 463/1772/591 460/1773/591
f 464/1774/592 444/1775/592 463/1776/592
f 465/1777/593 466/1778/593 444/1779/593
f 458/1780/594 467/1781/594 468/1782/594
f 469/1783/595 470/1784/595 471/1785/595
f 472/1786/596 473/1787/596 470/1788/596
f 474/1789/597 475/1790/597 473/1791/597
f 476/1792/598 477/1793/598 478/1794/598
f 478/1795/599 479/1796/599 480/1797/599
f 480/1798/600 481/1799/600 482/1800/600
f 482/1801/601 483/1802/601 484/1803/601
f 485/1804/602 486/1805/602 475/1806/602
f 487/1807/603 488/1808/603 477/1809/603
f 477/1810/604 489/1811/604 479/1812/604
f 479/1813/605 490/1814/605 481/1815/605
f 481/1816/606 491/1817/606 483/1818/606
f 461/1819/607 492/1820/607 493/1821/607
f 460/1822/608 494/1823/608 492/1824/608
f 463/1825/609 446/1826/609 494/1827/609
f 471/1828/610 495/1829/610 496/1830/610
f 470/1831/611 497/1832/611 495/1833/611
f 473/1834/612 498/1835/612 497/1836/612
f 475/1837/613 499/1838/613 498/1839/613
f 500/1840/614 501/1841/614 453/1842/614
f 453/1843/615 502/1844/615 455/1845/615
f 455/1846/616 503/1847/616 457/1848/616
f 457/1849/617 504/1850/617 467/1851/617
f 505/1852/618 472/1853/618 469/1854/618
f 506/1855/619 474/1856/619 472/1857/619
f 507/1858/620 485/1859/620 474/1860/620
f 508/1861/621 509/1862/621 485/1863/621
f 493/1864/622 506/1865/622 505/1866/622
f 492/1867/623 507/1868/623 506/1869/623
f 494/1870/624 508/1871/624 507/1872/624
f 446/1873/625 510/1874/625 508/1875/625
f 511/1876/626 512/1877/626 488/1878/626
f 488/1879/627 513/1880/627 489/1881/627
f 489/1882/628 514/1883/628 490/1884/628
f 490/1885/629 515/1886/629 491/1887/629
f 516/1888/630 454/1889/630 512/1890/630
f 512/1891/631 456/1892/631 513/1893/631
f 513/1894/632 458/1895/632 514/1896/632
f 514/1897/633 468/1898/633 515/1899/633
f 517/1900/634 518/1901/634 519/1902/634
f 520/1903/635 521/1904/635 522/1905/635
f 523/1906/636 519/1907/636 520/1908/636
f 524/1909/637 525/1910/637 526/1911/637
f 527/1912/638 528/1913/638 529/1914/638
f 529/1915/639 524/1916/639 530/1917/639
f 531/1918/640 532/1919/640 533/1920/640
f 449/1921/641 493/1922/641 534/1923/641
f 535/1924/642 536/1925/642 537/1926/642
f 518/1927/643 538/1928/643 539/1929/643
f 540/1930/644 522/1931/644 541/1932/644
f 542/1933/645 451/1934/645 543/1935/645
f 533/1936/646 544/1937/646 531/1938/646
f 545/1939/647 546/1940/647 547/1941/647
f 548/1942/648 449/1943/648 451/1944/648
f 549/1945/649 461/1946/649 449/1947/649
f 530/1948/650 526/1949/650 535/1950/650
f 539/1951/651 500/1952/651 452/1953/651
f 541/1954/652 521/1955/652 550/1956/652
f 550/1957/653 487/1958/653 476/1959/653
f 551/1960/654 520/1961/654 522/1962/654
f 552/1963/655 471/1964/655 525/1965/655
f 543/1966/656 450/1967/656 527/1968/656
f 521/1969/657 511/1970/657 487/1971/657
f 536/1972/658 525/1973/658 553/1974/658
f 525/1975/659 496/1976/659 553/1977/659
f 532/1978/660 538/1979/660 533/1980/660
f 538/1981/661 554/1982/661 500/1983/661
f 528/1984/662 552/1985/662 524/1986/662
f 555/1987/663 469/1988/663 552/1989/663
f 528/1990/664 534/1991/664 555/1992/664
f 534/1993/665 505/1994/665 555/1995/665
f 519/1996/666 556/1997/666 520/1998/666
f 556/1999/667 516/2000/667 511/2001/667
f 519/2002/668 539/2003/668 557/2004/668
f 557/2005/669 452/2006/669 516/2007/669
f 558/2008/670 547/2009/670 546/2010/670
f 559/2011/671 546/2012/671 560/2013/671
f 561/2014/672 562/2015/672 563/2016/672
f 564/2017/673 565/2018/673 566/2019/673
f 566/2020/674 424/2021/674 426/2022/674
f 567/2023/675 568/2024/675 562/2025/675
f 569/2026/676 570/2027/676 571/2028/676
f 572/2029/677 434/2030/677 568/2031/677
f 570/2032/678 573/2033/678 574/2034/678
f 575/2035/679 447/2036/679 573/2037/679
f 576/2038/680 567/2039/680 561/2040/680
f 1/2041/681 426/2042/681 433/2043/681
f 577/2044/682 564/2045/682 578/2046/682
f 579/2047/683 580/2048/683 547/2049/683
f 581/2050/684 438/2051/684 439/2052/684
f 582/2053/685 429/2054/685 575/2055/685
f 583/2056/686 578/2057/686 580/2058/686
f 546/2059/687 584/2060/687 560/2061/687
f 584/2062/688 439/2063/688 418/2064/688
f 582/2065/689 570/2066/689 585/2067/689
f 567/2068/690 586/2069/690 572/2070/690
f 586/2071/691 423/2072/691 572/2073/691
f 547/2074/692 587/2075/692 545/2076/692
f 545/2077/693 440/2078/693 438/2079/693
f 578/2080/694 587/2081/694 580/2082/694
f 587/2083/695 433/2084/695 440/2085/695
f 588/2086/696 491/2087/696 515/2088/696
f 585/2089/697 589/2090/697 582/2091/697
f 589/2092/698 427/2093/698 582/2094/698
f 564/2095/699 1/2096/699 578/2097/699
f 562/2098/700 589/2099/700 590/2100/700
f 563/2101/701 515/2102/701 468/2103/701
f 568/2104/702 436/2105/702 589/2106/702
f 571/2107/703 574/2108/703 591/2109/703
f 592/2110/704 593/2111/704 564/2112/704
f 422/2113/705 434/2114/705 423/2115/705
f 466/2116/706 594/2117/706 592/2118/706
f 483/2119/707 591/2120/707 484/2121/707
f 590/2122/708 563/2123/708 562/2124/708
f 585/2125/709 588/2126/709 590/2127/709
f 445/2128/710 583/2129/710 510/2130/710
f 510/2131/711 579/2132/711 509/2133/711
f 466/2134/712 577/2135/712 445/2136/712
f 467/2137/713 576/2138/713 561/2139/713
f 483/2140/714 569/2141/714 571/2142/714
f 561/2143/715 468/2144/715 467/2145/715
f 486/2146/716 559/2147/716 499/2148/716
f 509/2149/717 558/2150/717 486/2151/717
f 418/2152/718 439/2153/718 419/2154/718
f 421/2155/719 595/2156/719 422/2157/719
f 424/2158/720 596/2159/720 425/2160/720
f 427/2161/721 437/2162/721 428/2163/721
f 597/2164/722 598/2165/722 599/2166/722
f 600/2167/723 601/2168/723 598/2169/723
f 432/2170/724 602/2171/724 430/2172/724
f 430/2173/725 603/2174/725 604/2175/725
f 602/2176/726 605/2177/726 430/2178/726
f 598/2179/727 601/2180/727 599/2181/727
f 431/2182/728 599/2183/728 432/2184/728
f 430/2185/729 604/2186/729 431/2187/729
f 601/2188/730 432/2189/730 599/2190/730
f 425/2191/731 441/2192/731 433/2193/731
f 434/2194/732 606/2195/732 435/2196/732
f 436/2197/733 435/2198/733 437/2199/733
f 438/2200/734 443/2201/734 419/2202/734
f 440/2203/735 433/2204/735 441/2205/735
f 438/2206/736 440/2207/736 442/2208/736
f 444/2209/737 466/2210/737 445/2211/737
f 447/2212/738 429/2213/738 428/2214/738
f 449/2215/739 534/2216/739 450/2217/739
f 452/2218/740 500/2219/740 453/2220/740
f 454/2221/741 453/2222/741 455/2223/741
f 456/2224/742 455/2225/742 457/2226/742
f 459/2227/743 462/2228/743 460/2229/743
f 462/2230/744 464/2231/744 463/2232/744
f 464/2233/745 465/2234/745 444/2235/745
f 465/2236/746 607/2237/746 466/2238/746
f 458/2239/747 457/2240/747 467/2241/747
f 469/2242/748 472/2243/748 470/2244/748
f 472/2245/749 474/2246/749 473/2247/749
f 474/2248/750 485/2249/750 475/2250/750
f 476/2251/751 487/2252/751 477/2253/751
f 478/2254/752 477/2255/752 479/2256/752
f 480/2257/753 479/2258/753 481/2259/753
f 482/2260/754 481/2261/754 483/2262/754
f 485/2263/755 509/2264/755 486/2265/755
f 487/2266/756 511/2267/756 488/2268/756
f 477/2269/757 488/2270/757 489/2271/757
f 479/2272/758 489/2273/758 490/2274/758
f 481/2275/759 490/2276/759 491/2277/759
f 461/2278/760 460/2279/760 492/2280/760
f 460/2281/761 463/2282/761 494/2283/761
f 463/2284/762 444/2285/762 446/2286/762
f 471/2287/763 470/2288/763 495/2289/763
f 470/2290/764 473/2291/764 497/2292/764
f 473/2293/765 475/2294/765 498/2295/765
f 475/2296/766 486/2297/766 499/2298/766
f 500/2299/767 554/2300/767 501/2301/767
f 453/2302/768 501/2303/768 502/2304/768
f 455/2305/769 502/2306/769 503/2307/769
f 457/2308/770 503/2309/770 504/2310/770
f 505/2311/771 506/2312/771 472/2313/771
f 506/2314/772 507/2315/772 474/2316/772
f 507/2317/773 508/2318/773 485/2319/773
f 508/2320/774 510/2321/774 509/2322/774
f 493/2323/775 492/2324/775 506/2325/775
f 492/2326/776 494/2327/776 507/2328/776
f 494/2329/777 446/2330/777 508/2331/777
f 446/2332/778 445/2333/778 510/2334/778
f 511/2335/779 516/2336/779 512/2337/779
f 488/2338/780 512/2339/780 513/2340/780
f 489/2341/781 513/2342/781 514/2343/781
f 490/2344/782 514/2345/782 515/2346/782
f 516/2347/783 452/2348/783 454/2349/783
f 512/2350/784 454/2351/784 456/2352/784
f 513/2353/785 456/2354/785 458/2355/785
f 514/2356/786 458/2357/786 468/2358/786
f 517/2359/787 544/2360/787 518/2361/787
f 520/2362/788 556/2363/788 521/2364/788
f 523/2365/789 517/2366/789 519/2367/789
f 524/2368/790 552/2369/790 525/2370/790
f 527/2371/791 450/2372/791 528/2373/791
f 529/2374/792 528/2375/792 524/2376/792
f 531/2377/793 608/2378/793 532/2379/793
f 449/2380/794 461/2381/794 493/2382/794
f 535/2383/795 526/2384/795 536/2385/795
f 518/2386/796 533/2387/796 538/2388/796
f 540/2389/797 551/2390/797 522/2391/797
f 542/2392/798 548/2393/798 451/2394/798
f 533/2395/799 518/2396/799 544/2397/799
f 545/2398/800 581/2399/800 546/2400/800
f 548/2401/801 549/2402/801 449/2403/801
f 549/2404/802 459/2405/802 461/2406/802
f 530/2407/803 524/2408/803 526/2409/803
f 539/2410/804 538/2411/804 500/2412/804
f 541/2413/805 522/2414/805 521/2415/805
f 550/2416/806 521/2417/806 487/2418/806
f 551/2419/807 523/2420/807 520/2421/807
f 552/2422/808 469/2423/808 471/2424/808
f 543/2425/809 451/2426/809 450/2427/809
f 521/2428/810 556/2429/810 511/2430/810
f 536/2431/811 526/2432/811 525/2433/811
f 525/2434/812 471/2435/812 496/2436/812
f 532/2437/813 609/2438/813 538/2439/813
f 538/2440/814 609/2441/814 554/2442/814
f 528/2443/815 555/2444/815 552/2445/815
f 555/2446/816 505/2447/816 469/2448/816
f 528/2449/817 450/2450/817 534/2451/817
f 534/2452/818 493/2453/818 505/2454/818
f 519/2455/819 557/2456/819 556/2457/819
f 556/2458/820 557/2459/820 516/2460/820
f 519/2461/821 518/2462/821 539/2463/821
f 557/2464/822 539/2465/822 452/2466/822
f 558/2467/823 579/2468/823 547/2469/823
f 559/2470/824 558/2471/824 546/2472/824
f 561/2473/825 567/2474/825 562/2475/825
f 564/2476/826 593/2477/826 565/2478/826
f 566/2479/827 565/2480/827 424/2481/827
f 567/2482/828 572/2483/828 568/2484/828
f 569/2485/829 585/2486/829 570/2487/829
f 572/2488/830 423/2489/830 434/2490/830
f 570/2491/831 575/2492/831 573/2493/831
f 575/2494/832 429/2495/832 447/2496/832
f 576/2497/833 610/2498/833 567/2499/833
f 1/2500/834 566/2501/834 426/2502/834
f 577/2503/835 592/2504/835 564/2505/835
f 579/2506/836 583/2507/836 580/2508/836
f 581/2509/837 545/2510/837 438/2511/837
f 582/2512/838 427/2513/838 429/2514/838
f 583/2515/839 577/2516/839 578/2517/839
f 546/2518/840 581/2519/840 584/2520/840
f 584/2521/841 581/2522/841 439/2523/841
f 582/2524/842 575/2525/842 570/2526/842
f 567/2527/843 610/2528/843 586/2529/843
f 586/2530/844 421/2531/844 423/2532/844
f 547/2533/845 580/2534/845 587/2535/845
f 545/2536/846 587/2537/846 440/2538/846
f 578/2539/847 1/2540/847 587/2541/847
f 587/2542/848 1/2543/848 433/2544/848
f 588/2545/849 569/2546/849 491/2547/849
f 585/2548/850 590/2549/850 589/2550/850
f 589/2551/851 436/2552/851 427/2553/851
f 564/2554/852 566/2555/852 1/2556/852
f 562/2557/853 568/2558/853 589/2559/853
f 563/2560/854 588/2561/854 515/2562/854
f 568/2563/855 434/2564/855 436/2565/855
f 571/2566/856 570/2567/856 574/2568/856
f 592/2569/857 594/2570/857 593/2571/857
f 422/2572/858 606/2573/858 434/2574/858
f 466/2575/859 607/2576/859 594/2577/859
f 483/2578/860 571/2579/860 591/2580/860
f 590/2581/861 588/2582/861 563/2583/861
f 585/2584/862 569/2585/862 588/2586/862
f 445/2587/863 577/2588/863 583/2589/863
f 510/2590/864 583/2591/864 579/2592/864
f 466/2593/865 592/2594/865 577/2595/865
f 467/2596/866 504/2597/866 576/2598/866
f 483/2599/867 491/2600/867 569/2601/867
f 561/2602/868 563/2603/868 468/2604/868
f 486/2605/869 558/2606/869 559/2607/869
f 509/2608/870 579/2609/870 558/2610/870
usemtl m_120aa5cc-f770-df20-23ca-6a323012e3f1
f 611/2611/871 612/2612/871 613/2613/871
f 614/2614/872 615/2615/872 616/2616/872
f 617/2617/873 618/2618/873 619/2619/873
f 620/2620/874 621/2621/874 622/2622/874
f 623/2623/875 624/2624/875 625/2625/875
f 626/2626/876 627/2627/876 628/2628/876
f 629/2629/877 623/2630/877 625/2631/877
f 630/2632/878 628/2633/878 631/2634/878
f 632/2635/879 633/2636/879 629/2637/879
f 634/2638/880 635/2639/880 632/2640/880
f 636/2641/881 637/2642/881 638/2643/881
f 639/2644/882 640/2645/882 634/2646/882
f 641/2647/883 642/2648/883 643/2649/883
f 644/2650/884 638/2651/884 645/2652/884
f 622/2653/885 646/2654/885 639/2655/885
f 617/2656/886 647/2657/886 641/2658/886
f 637/2659/887 630/2660/887 631/2661/887
f 611/2662/888 624/2663/888 612/2664/888
f 648/2665/889 649/2666/889 650/2667/889
f 651/2668/890 652/2669/890 649/2670/890
f 653/2671/891 654/2672/891 655/2673/891
f 656/2674/892 616/2675/892 615/2676/892
f 657/2677/893 658/2678/893 616/2679/893
f 659/2680/894 614/2681/894 658/2682/894
f 615/2683/895 655/2684/895 654/2685/895
f 660/2686/896 650/2687/896 653/2688/896
f 649/2689/897 652/2690/897 650/2691/897
f 654/2692/898 656/2693/898 615/2694/898
f 658/2695/899 614/2696/899 616/2697/899
f 655/2698/900 660/2699/900 653/2700/900
f 652/2701/901 653/2702/901 650/2703/901
f 617/2704/902 627/2705/902 618/2706/902
f 620/2707/903 661/2708/903 621/2709/903
f 623/2710/904 612/2711/904 624/2712/904
f 626/2713/905 618/2714/905 627/2715/905
f 629/2716/906 633/2717/906 623/2718/906
f 630/2719/907 626/2720/907 628/2721/907
f 632/2722/908 635/2723/908 633/2724/908
f 634/2725/909 640/2726/909 635/2727/909
f 636/2728/910 662/2729/910 637/2730/910
f 639/2731/911 646/2732/911 640/2733/911
f 641/2734/912 647/2735/912 642/2736/912
f 644/2737/913 636/2738/913 638/2739/913
f 622/2740/914 621/2741/914 646/2742/914
f 617/2743/915 619/2744/915 647/2745/915
f 637/2746/916 662/2747/916 630/2748/916
usemtl m_ce95c44c-1b7a-1701-a872-f0302d9fcdb4
f 663/2749/917 664/2750/917 665/2751/917
f 665/2752/918 666/2753/918 667/2754/918
f 668/2755/919 669/2756/919 670/2757/919
f 671/2758/920 672/2759/920 673/2760/920
f 674/2761/921 675/2762/921 672/2763/921
f 676/2764/922 677/2765/922 675/2766/922
f 678/2767/923 679/2768/923 677/2769/923
f 680/2770/924 681/2771/924 682/2772/924
f 683/2773/925 684/2774/925 685/2775/925
f 686/2776/926 687/2777/926 688/2778/926
f 689/2779/927 690/2780/927 691/2781/927
f 692/2782/928 693/2783/928 694/2784/928
f 695/2785/929 696/2786/929 687/2787/929
f 690/2788/930 697/2789/930 698/2790/930
f 699/2791/931 700/2792/931 701/2793/931
f 693/2794/932 702/2795/932 703/2796/932
f 704/2797/933 705/2798/933 696/2799/933
f 697/2800/934 706/2801/934 698/2802/934
f 707/2803/935 708/2804/935 709/2805/935
f 702/2806/936 710/2807/936 703/2808/936
f 711/2809/937 712/2810/937 705/2811/937
f 706/2812/938 713/2813/938 714/2814/938
f 715/2815/939 688/2816/939 708/2817/939
f 716/2818/940 691/2819/940 710/2820/940
f 717/2821/941 694/2822/941 712/2823/941
f 713/2824/942 718/2825/942 714/2826/942
f 719/2827/943 720/2828/943 721/2829/943
f 721/2830/944 722/2831/944 723/2832/944
f 722/2833/945 724/2834/945 723/2835/945
f 725/2836/946 726/2837/946 724/2838/946
f 727/2839/947 718/2840/947 728/2841/947
f 729/2842/948 730/2843/948 731/2844/948
f 730/2845/949 732/2846/949 731/2847/949
f 733/2848/950 734/2849/950 735/2850/950
f 736/2851/951 737/2852/951 732/2853/951
f 738/2854/952 739/2855/952 737/2856/952
f 740/2857/953 741/2858/953 739/2859/953
f 742/2860/954 743/2861/954 744/2862/954
f 745/2863/955 746/2864/955 741/2865/955
f 746/2866/956 747/2867/956 748/2868/956
f 749/2869/957 735/2870/957 734/2871/957
f 750/2872/958 751/2873/958 752/2874/958
f 748/2875/959 753/2876/959 733/2877/959
f 754/2878/960 755/2879/960 756/2880/960
f 757/2881/961 758/2882/961 749/2883/961
f 727/2884/962 759/2885/962 760/2886/962
f 761/2887/963 762/2888/963 755/2889/963
f 667/2890/964 763/2891/964 764/2892/964
f 763/2893/965 765/2894/965 764/2895/965
f 766/2896/966 670/2897/966 765/2898/966
f 767/2899/967 768/2900/967 669/2901/967
f 769/2902/968 770/2903/968 768/2904/968
f 771/2905/969 772/2906/969 770/2907/969
f 773/2908/970 774/2909/970 772/2910/970
f 775/2911/971 776/2912/971 774/2913/971
f 777/2914/972 673/2915/972 776/2916/972
f 778/2917/973 779/2918/973 681/2919/973
f 780/2920/974 781/2921/974 779/2922/974
f 685/2923/975 781/2924/975 782/2925/975
f 783/2926/976 784/2927/976 683/2928/976
f 785/2929/977 786/2930/977 783/2931/977
f 787/2932/978 788/2933/978 785/2934/978
f 789/2935/979 790/2936/979 787/2937/979
f 791/2938/980 792/2939/980 789/2940/980
f 793/2941/981 794/2942/981 791/2943/981
f 795/2944/982 796/2945/982 793/2946/982
f 797/2947/983 798/2948/983 795/2949/983
f 799/2950/984 800/2951/984 797/2952/984
f 801/2953/985 802/2954/985 799/2955/985
f 803/2956/986 804/2957/986 801/2958/986
f 805/2959/987 806/2960/987 807/2961/987
f 808/2962/988 809/2963/988 810/2964/988
f 810/2965/989 811/2966/989 812/2967/989
f 812/2968/990 813/2969/990 719/2970/990
f 814/2971/991 815/2972/991 751/2973/991
f 816/2974/992 817/2975/992 815/2976/992
f 817/2977/993 818/2978/993 819/2979/993
f 819/2980/994 820/2981/994 821/2982/994
f 822/2983/995 808/2984/995 823/2985/995
f 824/2986/996 825/2987/996 805/2988/996
f 744/2989/997 826/2990/997 824/2991/997
f 827/2992/998 823/2993/998 828/2994/998
f 829/2995/999 830/2996/999 742/2997/999
f 831/2998/1000 752/2999/1000 832/3000/1000
f 833/3001/1001 829/3002/1001 834/3003/1001
f 835/3004/1002 834/3005/1002 726/3006/1002
f 756/3007/1003 828/3008/1003 754/3009/1003
f 821/3010/1004 836/3011/1004 729/3012/1004
f 837/3013/1005 832/3014/1005 838/3015/1005
f 663/3016/1006 839/3017/1006 664/3018/1006
f 665/3019/1007 664/3020/1007 666/3021/1007
f 668/3022/1008 767/3023/1008 669/3024/1008
f 671/3025/1009 674/3026/1009 672/3027/1009
f 674/3028/1010 676/3029/1010 675/3030/1010
f 676/3031/1011 678/3032/1011 677/3033/1011
f 678/3034/1012 754/3035/1012 679/3036/1012
f 680/3037/1013 778/3038/1013 681/3039/1013
f 683/3040/1014 784/3041/1014 684/3042/1014
f 686/3043/1015 695/3044/1015 687/3045/1015
f 689/3046/1016 840/3047/1016 690/3048/1016
f 692/3049/1017 841/3050/1017 693/3051/1017
f 695/3052/1018 704/3053/1018 696/3054/1018
f 690/3055/1019 840/3056/1019 697/3057/1019
f 699/3058/1020 842/3059/1020 700/3060/1020
f 693/3061/1021 841/3062/1021 702/3063/1021
f 704/3064/1022 711/3065/1022 705/3066/1022
f 697/3067/1023 843/3068/1023 706/3069/1023
f 707/3070/1024 715/3071/1024 708/3072/1024
f 702/3073/1025 716/3074/1025 710/3075/1025
f 711/3076/1026 717/3077/1026 712/3078/1026
f 706/3079/1027 843/3080/1027 713/3081/1027
f 715/3082/1028 686/3083/1028 688/3084/1028
f 716/3085/1029 689/3086/1029 691/3087/1029
f 717/3088/1030 692/3089/1030 694/3090/1030
f 713/3091/1031 728/3092/1031 718/3093/1031
f 719/3094/1032 813/3095/1032 720/3096/1032
f 721/3097/1033 720/3098/1033 722/3099/1033
f 722/3100/1034 725/3101/1034 724/3102/1034
f 725/3103/1035 835/3104/1035 726/3105/1035
f 727/3106/1036 760/3107/1036 718/3108/1036
f 729/3109/1037 836/3110/1037 730/3111/1037
f 730/3112/1038 736/3113/1038 732/3114/1038
f 733/3115/1039 753/3116/1039 734/3117/1039
f 736/3118/1040 738/3119/1040 737/3120/1040
f 738/3121/1041 740/3122/1041 739/3123/1041
f 740/3124/1042 745/3125/1042 741/3126/1042
f 742/3127/1043 830/3128/1043 743/3129/1043
f 745/3130/1044 844/3131/1044 746/3132/1044
f 746/3133/1045 844/3134/1045 747/3135/1045
f 749/3136/1046 758/3137/1046 735/3138/1046
f 750/3139/1047 814/3140/1047 751/3141/1047
f 748/3142/1048 747/3143/1048 753/3144/1048
f 754/3145/1049 761/3146/1049 755/3147/1049
f 757/3148/1050 845/3149/1050 758/3150/1050
f 761/3151/1051 846/3152/1051 762/3153/1051
f 667/3154/1052 666/3155/1052 763/3156/1052
f 763/3157/1053 766/3158/1053 765/3159/1053
f 766/3160/1054 668/3161/1054 670/3162/1054
f 767/3163/1055 769/3164/1055 768/3165/1055
f 769/3166/1056 771/3167/1056 770/3168/1056
f 771/3169/1057 773/3170/1057 772/3171/1057
f 773/3172/1058 775/3173/1058 774/3174/1058
f 775/3175/1059 777/3176/1059 776/3177/1059
f 777/3178/1060 671/3179/1060 673/3180/1060
f 778/3181/1061 780/3182/1061 779/3183/1061
f 780/3184/1062 782/3185/1062 781/3186/1062
f 685/3187/1063 684/3188/1063 781/3189/1063
f 783/3190/1064 786/3191/1064 784/3192/1064
f 785/3193/1065 788/3194/1065 786/3195/1065
f 787/3196/1066 790/3197/1066 788/3198/1066
f 789/3199/1067 792/3200/1067 790/3201/1067
f 791/3202/1068 794/3203/1068 792/3204/1068
f 793/3205/1069 796/3206/1069 794/3207/1069
f 795/3208/1070 798/3209/1070 796/3210/1070
f 797/3211/1071 800/3212/1071 798/3213/1071
f 799/3214/1072 802/3215/1072 800/3216/1072
f 801/3217/1073 804/3218/1073 802/3219/1073
f 803/3220/1074 735/3221/1074 804/3222/1074
f 805/3223/1075 825/3224/1075 806/3225/1075
f 808/3226/1076 847/3227/1076 809/3228/1076
f 810/3229/1077 809/3230/1077 811/3231/1077
f 812/3232/1078 811/3233/1078 813/3234/1078
f 814/3235/1079 816/3236/1079 815/3237/1079
f 816/3238/1080 848/3239/1080 817/3240/1080
f 817/3241/1081 848/3242/1081 818/3243/1081
f 819/3244/1082 818/3245/1082 820/3246/1082
f 822/3247/1083 847/3248/1083 808/3249/1083
f 824/3250/1084 826/3251/1084 825/3252/1084
f 744/3253/1085 743/3254/1085 826/3255/1085
f 827/3256/1086 822/3257/1086 823/3258/1086
f 829/3259/1087 849/3260/1087 830/3261/1087
f 831/3262/1088 750/3263/1088 752/3264/1088
f 833/3265/1089 849/3266/1089 829/3267/1089
f 835/3268/1090 833/3269/1090 834/3270/1090
f 756/3271/1091 827/3272/1091 828/3273/1091
f 821/3274/1092 820/3275/1092 836/3276/1092
f 837/3277/1093 831/3278/1093 832/3279/1093