# Made in Blockbench 4.12.6
mtllib sheath.mtl

o obj3
v 0.0218975 0.047600625 -0.03505375
v 0.0218975 0.02826625 -0.3274275
v 0.0218975 0.05080375 -0.3274275
v -0.020563125 0.063763125 -0.959745
v -0.01479875 0.079760625 -0.957925625
v -0.01480125 0.079728125 -0.960216875
v -0.014999375 -0.007148125 -0.3274275
v -0.020838125 0.00817875 -0.6073575
v -0.015 -0.007675625 -0.6073575
v 0 0.089020625 -0.3274275
v -0.005488125 0.08899125 -0.607356875
v -0.005488125 0.08951875 -0.3274275
v -0.005488125 0.086315625 -0.03505375
v -0.014999375 0.086218125 -0.3274275
v -0.014999375 0.083015625 -0.03505375
v -0.01479875 -0.014243125 -0.955164375
v -0.005415625 -0.0176375 -0.957194375
v -0.005415 -0.0175875 -0.95492375
v -0.014999375 -0.01035125 -0.03505375
v -0.005488125 -0.010339375 -0.3274275
v -0.005488125 -0.013541875 -0.03505375
v -0.00523 0.075616875 0.23566125
v 0 -0.018889375 -0.9571925
v -0.00572375 -0.019408125 -0.9571775
v -0.020838125 0.070364375 -0.3274275
v -0.020838125 0.06716125 -0.03505375
v -0.0218975 0.05080375 -0.3274275
v -0.020838125 0.069836875 -0.6073575
v -0.0218975 0.05027625 -0.6073575
v 0.015 -0.007148125 -0.3274275
v 0.020838125 0.00817875 -0.6073575
v 0.020838125 0.008705625 -0.3274275
v 0.00548875 0.086315625 -0.03505375
v 0 0.085818125 -0.03505375
v 0.0218975 0.05027625 -0.6073575
v 0.014294375 -0.0229625 0.459811875
v 0.01985875 -0.023843125 0.7418075
v 0.014295 -0.038951875 0.7418075
v -0.0218975 0.047600625 -0.03505375
v -0.0218975 0.02826625 -0.3274275
v -0.0218975 0.02506375 -0.03505375
v 0.015 -0.01035125 -0.03505375
v 0.00548875 -0.010339375 -0.3274275
v -0.015 0.08569125 -0.607356875
v -0.014294375 -0.016278125 0.23566125
v -0.019858125 -0.00785375 0.459811875
v -0.019858125 -0.001169375 0.23566125
v -0.0218975 0.027739375 -0.6073575
v 0.020838125 0.06716125 -0.03505375
v 0.020838125 0.070364375 -0.3274275
v 0.0218975 0.02506375 -0.03505375
v 0.015 0.086218125 -0.3274275
v 0.00548875 0.08951875 -0.3274275
v -0.020838125 0.005503125 -0.03505375
v 0.015 -0.007675625 -0.6073575
v 0.020838125 0.069836875 -0.6073575
v -0.020838125 0.008705625 -0.3274275
v 0.020838125 0.005503125 -0.03505375
v 0.015 0.083015625 -0.03505375
v -0.019858125 0.05759 0.23566125
v -0.014294375 0.066014375 0.459811875
v -0.014294375 0.07269875 0.23566125
v 0.01985875 -0.044545 0.997120625
v 0.005230625 -0.041760625 0.7418075
v 0 -0.0619625 0.9960725
v 0 -0.04128625 0.7418075
v -0.014294375 -0.05963625 0.996413125
v -0.00523 -0.041760625 0.7418075
v -0.00523 -0.06243625 0.996050625
v -0.014294375 0.050025 0.7418075
v -0.00523 0.032148125 1.00094125
v -0.00523 0.0529425 0.7418075
v -0.019858125 -0.023843125 0.7418075
v -0.020868125 -0.025925 0.9979925
v -0.020868125 -0.0052025 0.7418075
v 0.01985875 -0.001169375 0.23566125
v 0.020868125 0.010786875 0.459811875
v 0.01985875 -0.00785375 0.459811875
v 0.0229025 0.020265 -0.996275
v 0.012776875 0.0021275 -0.995653125
v 0.01446625 0.0206 -0.99628125
v 0.014294375 -0.016278125 0.23566125
v 0.014294375 0.07269875 0.23566125
v 0.005230625 0.068931875 0.459811875
v 0.014294375 0.066014375 0.459811875
v -0.019858125 0.050905625 0.459811875
v 0.020868125 0.032264375 0.459811875
v 0.020868125 0.01747125 0.23566125
v 0.020868125 0.03894875 0.23566125
v 0.005230625 0.0529425 0.7418075
v -0.020868125 0.010786875 0.459811875
v -0.020868125 0.016275 0.7418075
v -0.020868125 0.032264375 0.459811875
v -0.020868125 0.01747125 0.23566125
v 0 0.0751425 0.23566125
v -0.00523 0.0689325 0.459811875
v 0 0.068458125 0.459811875
v 0.014295 0.050025 0.7418075
v 0.01985875 0.050905625 0.459811875
v 0.00548875 0.08899125 -0.607356875
v 0.01985875 0.05759 0.23566125
v 0 0.05246875 0.7418075
v 0.005230625 0.032148125 1.00094125
v 0.005230625 0.075616875 0.23566125
v -0.00574 0.08444 -0.99852625
v -0.006451875 0.07736125 -0.998181875
v -0.015688125 0.0808425 -0.99824875
v 0.005230625 -0.019086875 0.23566125
v 0.005230625 -0.02577125 0.459811875
v -0.020868125 0.03894875 0.23566125
v 0.020868125 -0.025925 0.9979925
v 0.020868125 -0.0052025 0.7418075
v -0.014294375 -0.0229625 0.459811875
v -0.014294375 -0.038951875 0.7418075
v -0.019858125 -0.044545 0.997120625
v 0.014295 0.029239375 1.000578125
v 0.01985875 0.03491625 0.7418075
v 0 -0.025296875 0.459811875
v 0 -0.0186125 0.23566125
v -0.019858125 0.03491625 0.7418075
v 0.015 0.08569125 -0.607356875
v 0.00548875 -0.013541875 -0.03505375
v 0.020868125 0.016275 0.7418075
v 0.01985875 0.0141475 0.999870625
v 0.020868125 -0.004471875 0.998998125
v -0.019858125 0.0141475 0.999870625
v -0.00523 -0.019086875 0.23566125
v 0 -0.013044375 -0.03505375
v 0.0218975 0.027739375 -0.6073575
v -0.00523 -0.02577125 0.459811875
v 0.014295 -0.05963625 0.996413125
v 0 0.08849375 -0.607356875
v 0 -0.01036875 -0.6073575
v 0.00548875 -0.010866875 -0.6073575
v -0.020868125 -0.004471875 0.998998125
v 0 -0.013044375 -0.03505375
v 0 -0.009841875 -0.3274275
v 0 -0.01036875 -0.6073575
v 0 -0.025296875 0.459811875
v 0 -0.04128625 0.7418075
v 0 0.031674375 1.00091875
v 0 -0.0619625 0.9960725
v 0 -0.0186125 0.23566125
v 0.020868125 -0.025925 0.9979925
v 0.020868125 -0.004471875 0.998998125
v -0.020868125 -0.004471875 0.998998125
v -0.021794375 -0.000181875 -0.99560875
v -0.006443125 -0.01328625 -0.995135625
v -0.015688125 -0.01675375 -0.99506875
v -0.00574 -0.020240625 -0.99479125
v -0.0031025 -0.012608125 -0.994939375
v 0 0.083919375 -0.998509375
v 0.003118125 0.07680375 -0.99837875
v 0 0.077206875 -0.9984025
v 0.006451875 0.07736125 -0.998181875
v 0.00574 0.08444 -0.99852625
v 0.015688125 0.0808425 -0.99824875
v -0.022901875 0.020265 -0.996275
v -0.01446625 0.04348 -0.99703625
v -0.01446625 0.0206 -0.99628125
v -0.012776875 0.0021275 -0.995653125
v -0.003118125 0.07680375 -0.99837875
v 0 -0.019720625 -0.99480875
v 0 -0.0130075 -0.994915625
v 0.021794375 0.06427 -0.99770875
v 0.021794375 -0.000181875 -0.99560875
v 0.006443125 -0.01328625 -0.995135625
v -0.014294375 0.029239375 1.000578125
v -0.012780625 0.06195 -0.997664375
v -0.022901875 0.043823125 -0.9970425
v -0.021794375 0.06427 -0.99770875
v 0.00574 -0.020240625 -0.99479125
v 0.015688125 -0.01675375 -0.99506875
v 0.01446625 0.04348 -0.99703625
v 0.0229025 0.043823125 -0.9970425
v 0.012780625 0.06195 -0.997664375
v 0 -0.019720625 -0.99480875
v 0.0031025 -0.012608125 -0.994939375
v 0.006443125 -0.01328625 -0.995135625
v 0.005183125 0.0021275 -0.953496875
v 0.012776875 0.0021275 -0.995653125
v -0.012776875 0.0021275 -0.995653125
v -0.00586875 0.0206 -0.954125
v -0.005183125 0.0021275 -0.953496875
v 0.01446625 0.04348 -0.99703625
v 0.005185 0.06195 -0.9555075
v 0.012780625 0.06195 -0.997664375
v 0 0.077206875 -0.9984025
v 0.001265 0.07680375 -0.956221875
v 0 0.077206875 -0.956245625
v 0.00586875 0.0206 -0.954125
v 0.01446625 0.0206 -0.99628125
v -0.001265 0.07680375 -0.956221875
v -0.003118125 0.07680375 -0.99837875
v -0.012780625 0.06195 -0.997664375
v -0.0026175 0.07736125 -0.956025625
v -0.005185 0.06195 -0.9555075
v -0.01446625 0.04348 -0.99703625
v -0.00586875 0.04348 -0.954879375
v 0 -0.0130075 -0.994915625
v -0.00125875 -0.012608125 -0.9527825
v 0 -0.0130075 -0.952759375
v 0.00125875 -0.012608125 -0.9527825
v 0.0031025 -0.012608125 -0.994939375
v -0.006443125 -0.01328625 -0.995135625
v -0.00261375 -0.01328625 -0.95297875
v 0.006451875 0.07736125 -0.998181875
v 0.003118125 0.07680375 -0.99837875
v 0.00261375 -0.01328625 -0.95297875
v -0.006451875 0.07736125 -0.998181875
v 0.00586875 0.04348 -0.954879375
v -0.0031025 -0.012608125 -0.994939375
v 0.0026175 0.07736125 -0.956025625
v -0.01446625 0.0206 -0.99628125
v 0 0.03205875 -0.91517625
v 0.022816875 0.0446625 -0.947393125
v 0.02139125 0.064631875 -0.9458175
v 0.02247875 0.044561875 -0.945250625
v -0.005634375 -0.0183025 -0.943335625
v 0 -0.01863 -0.945438125
v 0 -0.017791875 -0.94335
v -0.02139125 0.0013675 -0.944030625
v -0.022816875 0.02119125 -0.94672125
v -0.021713125 0.000819375 -0.946138125
v -0.015398125 -0.014899375 -0.94357125
v -0.015629375 -0.0156925 -0.945665625
v 0.015629375 0.08154625 -0.948448125
v 0.005634375 0.08441125 -0.9465125
v 0.015398125 0.080899375 -0.946276875
v -0.021713125 0.065034375 -0.947975625
v -0.015398125 0.080899375 -0.946276875
v -0.015629375 0.08154625 -0.948448125
v 0.02247875 0.0214375 -0.9445975
v -0.005634375 -0.0183025 -0.943335625
v -0.005488125 -0.010866875 -0.6073575
v 0.015398125 -0.014899375 -0.94357125
v 0.021713125 0.000819375 -0.946138125
v 0.02139125 0.0013675 -0.944030625
v 0.005634375 -0.0183025 -0.943335625
v 0.015629375 -0.0156925 -0.945665625
v 0.021713125 0.065034375 -0.947975625
v -0.02139125 0.064631875 -0.9458175
v -0.022816875 0.0446625 -0.947393125
v -0.02247875 0.044561875 -0.945250625
v -0.005634375 0.08441125 -0.9465125
v 0 0.084594375 -0.948675625
v 0 0.083900625 -0.946498125
v -0.015398125 0.080899375 -0.946276875
v -0.02139125 0.064631875 -0.9458175
v 0 0.083900625 -0.946498125
v 0 -0.01863 -0.945438125
v 0.00571875 -0.019148125 -0.945423125
v 0 -0.017791875 -0.94335
v 0.005634375 -0.0183025 -0.943335625
v 0.022816875 0.02119125 -0.94672125
v 0.02247875 0.0214375 -0.9445975
v 0.02139125 0.0013675 -0.944030625
v 0.015398125 0.080899375 -0.946276875
v -0.02247875 0.0214375 -0.9445975
v -0.02247875 0.044561875 -0.945250625
v -0.02247875 0.0214375 -0.9445975
v 0.02247875 0.044561875 -0.945250625
v -0.02139125 0.0013675 -0.944030625
v -0.015398125 -0.014899375 -0.94357125
v 0 -0.017791875 -0.94335
v 0.02139125 0.064631875 -0.9458175
v -0.015643125 0.08137875 -0.960305625
v 0.022836875 0.044463125 -0.959214375
v 0.020563125 0.063763125 -0.959745
v 0.021608125 0.044065625 -0.9591625
v -0.021728125 0.06488875 -0.95744875
v -0.015640625 0.0814125 -0.957934375
v 0 -0.018889375 -0.9571925
v 0.015643125 0.08137875 -0.960305625
v 0.005415625 0.083180625 -0.96045875
v 0.01480125 0.079728125 -0.960216875
v 0.005723125 -0.01935625 -0.95482625
v 0 -0.0188375 -0.954841875
v -0.00572375 0.0849525 -0.96055625
v 0.015643125 -0.015945 -0.957428125
v 0.005415625 -0.0176375 -0.957194375
v 0.00572375 -0.019408125 -0.9571775
v -0.00571875 0.085113125 -0.948690625
v -0.005723125 0.084984375 -0.958183125
v 0.022836875 0.020970625 -0.95852
v 0.0217325 0.000580625 -0.957916875
v -0.020559375 0.063798125 -0.957456875
v 0.021728125 0.00062875 -0.95556125
v -0.022836875 0.044463125 -0.959214375
v -0.0217325 0.0648525 -0.959816875
v -0.022833125 0.021015 -0.95616
v -0.022833125 0.044503125 -0.95685
v -0.005415 0.083211875 -0.95816625
v 0.015640625 -0.015894375 -0.955075625
v -0.0217325 0.000580625 -0.957916875
v 0 0.08443375 -0.960540625
v -0.005415625 0.083180625 -0.96045875
v 0 0.082679375 -0.96044375
v -0.015640625 -0.015894375 -0.955075625
v -0.021728125 0.00062875 -0.95556125
v -0.022836875 0.020970625 -0.95852
v -0.021604375 0.021413125 -0.956211875
v 0.022833125 0.044503125 -0.95685
v 0.020559375 0.063798125 -0.957456875
v 0.021728125 0.06488875 -0.95744875
v 0.0217325 0.0648525 -0.959816875
v -0.005723125 -0.01935625 -0.95482625
v 0 -0.0188375 -0.954841875
v 0.015640625 0.0814125 -0.957934375
v 0.00571875 0.085113125 -0.948690625
v 0.005415 0.083211875 -0.95816625
v 0.005723125 0.084984375 -0.958183125
v 0.00572375 0.0849525 -0.96055625
v 0.022833125 0.021015 -0.95616
v 0.005415 -0.0175875 -0.95492375
v 0.01479875 -0.014243125 -0.955164375
v -0.021604375 0.044104375 -0.956878125
v 0 0.084465625 -0.958168125
v 0.021608125 0.021370625 -0.95849125
v -0.021608125 0.021370625 -0.95849125
v -0.021608125 0.044065625 -0.9591625
v 0.020559375 0.001719375 -0.955633125
v 0.021604375 0.021413125 -0.956211875
v -0.015643125 -0.015945 -0.957428125
v -0.01480125 -0.014291875 -0.957436875
v 0 -0.01708625 -0.954938125
v -0.020559375 0.001719375 -0.955633125
v 0.021604375 0.044104375 -0.956878125
v 0.01479875 0.079760625 -0.957925625
v 0 -0.01713625 -0.957209375
v 0 0.082710625 -0.958151875
v 0.020563125 0.001673125 -0.95790875
v 0.01480125 -0.014291875 -0.957436875
v -0.020563125 0.001673125 -0.95790875
v -0.00571875 -0.019148125 -0.945423125
v 0 -0.01713625 -0.957209375
v 0 -0.01708625 -0.954938125
v 0.005230625 -0.06243625 0.996050625
v 0 -0.009841875 -0.3274275
v -0.019858125 -0.044545 0.997120625
v -0.014294375 -0.05963625 0.996413125
v 0 -0.0619625 0.9960725
v 0.005230625 -0.06243625 0.996050625
v 0.014295 -0.05963625 0.996413125
v -0.00523 -0.06243625 0.996050625
v -0.020868125 -0.025925 0.9979925
v -0.014294375 0.029239375 1.000578125
v -0.019858125 0.0141475 0.999870625
v 0 0.031674375 1.00091875
v -0.00523 0.032148125 1.00094125
v 0.014295 0.029239375 1.000578125
v 0.005230625 0.032148125 1.00094125
v 0.01985875 0.0141475 0.999870625
v 0.01985875 -0.044545 0.997120625
v 0 -0.0130075 -0.994915625
v -0.005634375 0.08441125 -0.9465125
v 0 -0.017791875 -0.94335
v 0.005634375 0.08441125 -0.9465125
v 0.015398125 -0.014899375 -0.94357125
vt 0.14814 0.5306500000000001
vt 0.12649 0.67651
vt 0.14814 0.67651
vt 0.45996 0.76825
vt 0.46306 0.74822
vt 0.45996 0.74822
vt 0.29874 0.67651
vt 0.28287 0.81791
vt 0.29874 0.81791
vt 0.19526 0.67651
vt 0.19982 0.81791
vt 0.19982 0.67651
vt 0.19982 0.5306500000000001
vt 0.20582 0.67651
vt 0.20582 0.5306500000000001
vt 0.46306 0.85658
vt 0.45996 0.86326
vt 0.46306 0.86326
vt 0.29874 0.5306500000000001
vt 0.3057 0.67651
vt 0.3057 0.5306500000000001
vt 0.20582 0.5306500000000001
vt 0.19982 0.39305999999999996
vt 0.19982 0.5306500000000001
vt 0.45778 0.86712
vt 0.45996 0.86326
vt 0.45778 0.86326
vt 0.20582 0.5306500000000001
vt 0.2235 0.67651
vt 0.2235 0.5306500000000001
vt 0.24238 0.67651
vt 0.2235 0.81791
vt 0.24238 0.81791
vt 0.09178 0.67651
vt 0.10765 0.81791
vt 0.10765 0.67651
vt 0.1907 0.5306500000000001
vt 0.19526 0.67651
vt 0.19526 0.5306500000000001
vt 0.12649 0.67651
vt 0.14814 0.81791
vt 0.14814 0.67651
vt 0.09178 0.27461
vt 0.10765 0.13282000000000005
vt 0.09178 0.13282000000000005
vt 0.24238 0.5306500000000001
vt 0.26403 0.67651
vt 0.26403 0.5306500000000001
vt 0.09178 0.5306500000000001
vt 0.08483 0.67651
vt 0.09178 0.67651
vt 0.20582 0.67651
vt 0.19982 0.81791
vt 0.20582 0.81791
vt 0.29874 0.39305999999999996
vt 0.28287 0.27461
vt 0.28287 0.39305999999999996
vt 0.26403 0.67651
vt 0.24238 0.81791
vt 0.26403 0.81791
vt 0.16703 0.5306500000000001
vt 0.14814 0.67651
vt 0.16703 0.67651
vt 0.12649 0.5306500000000001
vt 0.10765 0.67651
vt 0.12649 0.67651
vt 0.2235 0.5306500000000001
vt 0.24238 0.67651
vt 0.24238 0.5306500000000001
vt 0.1907 0.5306500000000001
vt 0.1847 0.67651
vt 0.1907 0.67651
vt 0.28287 0.5306500000000001
vt 0.29874 0.67651
vt 0.29874 0.5306500000000001
vt 0.08483 0.67651
vt 0.09178 0.81791
vt 0.09178 0.67651
vt 0.14814 0.67651
vt 0.16703 0.81791
vt 0.16703 0.67651
vt 0.29874 0.5306500000000001
vt 0.28287 0.39305999999999996
vt 0.28287 0.5306500000000001
vt 0.26403 0.81791
vt 0.28287 0.67651
vt 0.26403 0.67651
vt 0.09178 0.67651
vt 0.10765 0.5306500000000001
vt 0.09178 0.5306500000000001
vt 0.16703 0.67651
vt 0.1847 0.5306500000000001
vt 0.16703 0.5306500000000001
vt 0.2235 0.67651
vt 0.20582 0.81791
vt 0.2235 0.81791
vt 0.2235 0.39305999999999996
vt 0.20582 0.27461
vt 0.20582 0.39305999999999996
vt 0.10765 0.0006899999999999684
vt 0.09178 0.13282000000000005
vt 0.10765 0.13282000000000005
vt 0.08483 0.13282000000000005
vt 0.08066 0.0006899999999999684
vt 0.08066 0.13282000000000005
vt 0.29874 0.0006899999999999684
vt 0.3057 0.13282000000000005
vt 0.3057 0.0006899999999999684
vt 0.20582 0.13282000000000005
vt 0.19982 0.0006899999999999684
vt 0.19982 0.13282000000000005
vt 0.28287 0.13282000000000005
vt 0.26403 0.0006899999999999684
vt 0.26403 0.13282000000000005
vt 0.10765 0.39305999999999996
vt 0.12649 0.27461
vt 0.10765 0.27461
vt 0.40933 0.6589400000000001
vt 0.39837 0.6368400000000001
vt 0.39837 0.6589400000000001
vt 0.09178 0.5306500000000001
vt 0.10765 0.39305999999999996
vt 0.09178 0.39305999999999996
vt 0.1847 0.39305999999999996
vt 0.1907 0.27461
vt 0.1847 0.27461
vt 0.09178 0.39305999999999996
vt 0.10765 0.27461
vt 0.09178 0.27461
vt 0.29874 0.81791
vt 0.3057 0.67651
vt 0.29874 0.67651
vt 0.2235 0.27461
vt 0.20582 0.13282000000000005
vt 0.20582 0.27461
vt 0.24238 0.5306500000000001
vt 0.2235 0.39305999999999996
vt 0.2235 0.5306500000000001
vt 0.14814 0.27461
vt 0.12649 0.39305999999999996
vt 0.14814 0.39305999999999996
vt 0.1907 0.13282000000000005
vt 0.1847 0.27461
vt 0.1907 0.27461
vt 0.12649 0.5306500000000001
vt 0.14814 0.39305999999999996
vt 0.12649 0.39305999999999996
vt 0.26403 0.27461
vt 0.24238 0.13282000000000005
vt 0.24238 0.27461
vt 0.28287 0.39305999999999996
vt 0.26403 0.27461
vt 0.26403 0.39305999999999996
vt 0.28287 0.27461
vt 0.26403 0.13282000000000005
vt 0.26403 0.27461
vt 0.19526 0.39305999999999996
vt 0.19982 0.27461
vt 0.19526 0.27461
vt 0.20582 0.27461
vt 0.19982 0.13282000000000005
vt 0.19982 0.27461
vt 0.1847 0.13282000000000005
vt 0.16703 0.27461
vt 0.1847 0.27461
vt 0.1847 0.67651
vt 0.1907 0.81791
vt 0.1907 0.67651
vt 0.14814 0.5306500000000001
vt 0.16703 0.39305999999999996
vt 0.14814 0.39305999999999996
vt 0.19526 0.13282000000000005
vt 0.1907 0.0006899999999999684
vt 0.1907 0.13282000000000005
vt 0.1847 0.5306500000000001
vt 0.1907 0.39305999999999996
vt 0.1847 0.39305999999999996
vt 0.40933 0.74192
vt 0.39837 0.74822
vt 0.40933 0.74822
vt 0.20582 0.39305999999999996
vt 0.19982 0.27461
vt 0.19982 0.39305999999999996
vt 0.08483 0.39305999999999996
vt 0.09178 0.27461
vt 0.08483 0.27461
vt 0.16703 0.5306500000000001
vt 0.1847 0.39305999999999996
vt 0.16703 0.39305999999999996
vt 0.26403 0.39305999999999996
vt 0.24238 0.27461
vt 0.24238 0.39305999999999996
vt 0.12649 0.0006899999999999684
vt 0.10765 0.13282000000000005
vt 0.12649 0.13282000000000005
vt 0.08483 0.27461
vt 0.09178 0.13282000000000005
vt 0.08483 0.13282000000000005
vt 0.29874 0.27461
vt 0.28287 0.13282000000000005
vt 0.28287 0.27461
vt 0.16703 0.39305999999999996
vt 0.1847 0.27461
vt 0.16703 0.27461
vt 0.29874 0.13282000000000005
vt 0.28287 0.0006899999999999684
vt 0.28287 0.13282000000000005
vt 0.1847 0.0006899999999999684
vt 0.16703 0.13282000000000005
vt 0.1847 0.13282000000000005
vt 0.08483 0.39305999999999996
vt 0.08066 0.27461
vt 0.08066 0.39305999999999996
vt 0.24238 0.27461
vt 0.2235 0.13282000000000005
vt 0.2235 0.27461
vt 0.16703 0.67651
vt 0.1847 0.81791
vt 0.1847 0.67651
vt 0.08483 0.5306500000000001
vt 0.09178 0.39305999999999996
vt 0.08483 0.39305999999999996
vt 0.14814 0.27461
vt 0.16703 0.13282000000000005
vt 0.14814 0.13282000000000005
vt 0.26403 0.5306500000000001
vt 0.28287 0.67651
vt 0.28287 0.5306500000000001
vt 0.10765 0.27461
vt 0.12649 0.13282000000000005
vt 0.10765 0.13282000000000005
vt 0.16703 0.0006899999999999684
vt 0.14814 0.13282000000000005
vt 0.16703 0.13282000000000005
vt 0.14814 0.39305999999999996
vt 0.16703 0.27461
vt 0.14814 0.27461
vt 0.28287 0.5306500000000001
vt 0.26403 0.39305999999999996
vt 0.26403 0.5306500000000001
vt 0.10765 0.5306500000000001
vt 0.12649 0.39305999999999996
vt 0.10765 0.39305999999999996
vt 0.08483 0.27461
vt 0.08066 0.13282000000000005
vt 0.08066 0.27461
vt 0.14814 0.0006899999999999684
vt 0.12649 0.13282000000000005
vt 0.14814 0.13282000000000005
vt 0.24238 0.13282000000000005
vt 0.2235 0.0006899999999999684
vt 0.2235 0.13282000000000005
vt 0.12649 0.27461
vt 0.14814 0.13282000000000005
vt 0.12649 0.13282000000000005
vt 0.3057 0.5306500000000001
vt 0.29874 0.39305999999999996
vt 0.29874 0.5306500000000001
vt 0.3057 0.39305999999999996
vt 0.29874 0.27461
vt 0.29874 0.39305999999999996
vt 0.26403 0.5306500000000001
vt 0.24238 0.39305999999999996
vt 0.24238 0.5306500000000001
vt 0.1907 0.0006899999999999684
vt 0.1847 0.13282000000000005
vt 0.1907 0.13282000000000005
vt 0.08483 0.5306500000000001
vt 0.08066 0.39305999999999996
vt 0.08066 0.5306500000000001
vt 0.24238 0.39305999999999996
vt 0.2235 0.27461
vt 0.2235 0.39305999999999996
vt 0.10765 0.67651
vt 0.12649 0.81791
vt 0.12649 0.67651
vt 0.3057 0.27461
vt 0.29874 0.13282000000000005
vt 0.29874 0.27461
vt 0.2235 0.5306500000000001
vt 0.20582 0.39305999999999996
vt 0.20582 0.5306500000000001
vt 0.09178 0.0006899999999999684
vt 0.08483 0.13282000000000005
vt 0.09178 0.13282000000000005
vt 0.19526 0.67651
vt 0.1907 0.81791
vt 0.19526 0.81791
vt 0.08483 0.67651
vt 0.08066 0.81791
vt 0.08483 0.81791
vt 0.26403 0.13282000000000005
vt 0.24238 0.0006899999999999684
vt 0.24238 0.13282000000000005
vt 0.30986 0.5306500000000001
vt 0.3057 0.67651
vt 0.30986 0.67651
vt 0.19982 0.5306500000000001
vt 0.19526 0.67651
vt 0.19982 0.67651
vt 0.08066 0.5306500000000001
vt 0.08483 0.67651
vt 0.08483 0.5306500000000001
vt 0.3057 0.67651
vt 0.30986 0.81791
vt 0.30986 0.67651
vt 0.19526 0.27461
vt 0.1907 0.13282000000000005
vt 0.1907 0.27461
vt 0.19526 0.5306500000000001
vt 0.1907 0.39305999999999996
vt 0.1907 0.5306500000000001
vt 0.19526 0.39305999999999996
vt 0.1907 0.27461
vt 0.1907 0.39305999999999996
vt 0.3057 0.39305999999999996
vt 0.30986 0.27461
vt 0.3057 0.27461
vt 0.3057 0.27461
vt 0.30986 0.13282000000000005
vt 0.3057 0.13282000000000005
vt 0.19526 0.13282000000000005
vt 0.19982 0.0006899999999999684
vt 0.19526 0.0006899999999999684
vt 0.3057 0.13282000000000005
vt 0.30986 0.0006899999999999684
vt 0.3057 0.0006899999999999684
vt 0.3057 0.5306500000000001
vt 0.30986 0.39305999999999996
vt 0.3057 0.39305999999999996
vt 0.19526 0.5306500000000001
vt 0.19982 0.39305999999999996
vt 0.19526 0.39305999999999996
vt 0.19526 0.27461
vt 0.19982 0.13282000000000005
vt 0.19526 0.13282000000000005
vt 0.44344 0.94227
vt 0.41014 0.94227
vt 0.41014 0.99193
vt 0.40933 0.83893
vt 0.39837 0.85658
vt 0.40933 0.85658
vt 0.40933 0.86326
vt 0.39837 0.85658
vt 0.39837 0.86326
vt 0.40933 0.7378899999999999
vt 0.39837 0.73385
vt 0.39837 0.7378899999999999
vt 0.39837 0.7275499999999999
vt 0.40933 0.73385
vt 0.40933 0.7275499999999999
vt 0.40933 0.81683
vt 0.39837 0.79064
vt 0.39837 0.81683
vt 0.40933 0.81683
vt 0.39837 0.83893
vt 0.40933 0.83893
vt 0.40933 0.7378899999999999
vt 0.39837 0.74192
vt 0.40933 0.74192
vt 0.40933 0.86712
vt 0.39837 0.86326
vt 0.39837 0.86712
vt 0.40933 0.7075199999999999
vt 0.39837 0.7275499999999999
vt 0.40933 0.7275499999999999
vt 0.40933 0.6368400000000001
vt 0.39837 0.61919
vt 0.39837 0.6368400000000001
vt 0.2235 0.13282000000000005
vt 0.20582 0.0006899999999999684
vt 0.20582 0.13282000000000005
vt 0.39837 0.76825
vt 0.40933 0.79064
vt 0.40933 0.76825
vt 0.40933 0.61251
vt 0.39837 0.61919
vt 0.40933 0.61919
vt 0.40933 0.6589400000000001
vt 0.39837 0.68513
vt 0.40933 0.68513
vt 0.40933 0.68513
vt 0.39837 0.7075199999999999
vt 0.40933 0.7075199999999999
vt 0.40933 0.76825
vt 0.39837 0.74822
vt 0.39837 0.76825
vt 0.40933 0.60865
vt 0.39837 0.61251
vt 0.40933 0.61251
vt 0.40988 0.96341
vt 0.42632 0.9642
vt 0.41351 0.95474
vt 0.41351 0.97556
vt 0.43158 0.96624
vt 0.42632 0.9661
vt 0.44403 0.94846
vt 0.44239 0.96433
vt 0.45415 0.95535
vt 0.45626 0.96515
vt 0.44482 0.96497
vt 0.44487 0.96515
vt 0.41351 0.95474
vt 0.43158 0.96407
vt 0.42526 0.94781
vt 0.45626 0.96515
vt 0.44482 0.96534
vt 0.45625 0.96567
vt 0.45415 0.97495
vt 0.44485 0.96555
vt 0.44239 0.96598
vt 0.44403 0.98184
vt 0.44239 0.96598
vt 0.43796 0.96613
vt 0.40997 0.96515
vt 0.42348 0.96536
vt 0.42342 0.96515
vt 0.40997 0.96515
vt 0.42348 0.96494
vt 0.40997 0.9645
vt 0.40988 0.9669
vt 0.42632 0.9661
vt 0.42338 0.9656
vt 0.4562 0.96406
vt 0.44482 0.96497
vt 0.45625 0.96463
vt 0.40997 0.9645
vt 0.42338 0.96471
vt 0.40988 0.96341
vt 0.4562 0.96624
vt 0.44482 0.96534
vt 0.44485 0.96555
vt 0.42526 0.94781
vt 0.43796 0.96418
vt 0.44403 0.94846
vt 0.40997 0.9658100000000001
vt 0.42338 0.9656
vt 0.42348 0.96536
vt 0.45415 0.95535
vt 0.44485 0.96476
vt 0.4562 0.96406
vt 0.42526 0.9825
vt 0.43796 0.96613
vt 0.43158 0.96624
vt 0.42632 0.9642
vt 0.42338 0.96471
vt 0.43486 0.96515
vt 0.44487 0.96515
vt 0.44482 0.96497
vt 0.43486 0.96515
vt 0.43796 0.96613
vt 0.44239 0.96598
vt 0.43486 0.96515
vt 0.44482 0.96497
vt 0.44485 0.96476
vt 0.43486 0.96515
vt 0.42338 0.96471
vt 0.42348 0.96494
vt 0.43486 0.96515
vt 0.43158 0.96624
vt 0.43796 0.96613
vt 0.43486 0.96515
vt 0.43796 0.96418
vt 0.43158 0.96407
vt 0.43486 0.96515
vt 0.42632 0.9661
vt 0.43158 0.96624
vt 0.43486 0.96515
vt 0.43158 0.96407
vt 0.42632 0.9642
vt 0.43486 0.96515
vt 0.44239 0.96433
vt 0.43796 0.96418
vt 0.43486 0.96515
vt 0.44482 0.96534
vt 0.44487 0.96515
vt 0.43486 0.96515
vt 0.44485 0.96555
vt 0.44482 0.96534
vt 0.43486 0.96515
vt 0.44239 0.96598
vt 0.44485 0.96555
vt 0.43486 0.96515
vt 0.42342 0.96515
vt 0.42348 0.96536
vt 0.43486 0.96515
vt 0.42338 0.9656
vt 0.42632 0.9661
vt 0.43486 0.96515
vt 0.42348 0.96494
vt 0.42342 0.96515
vt 0.43486 0.96515
vt 0.44485 0.96476
vt 0.44239 0.96433
vt 0.43486 0.96515
vt 0.42348 0.96536
vt 0.42338 0.9656
vt 0.43486 0.96515
vt 0.4789 0.68513
vt 0.48232 0.7075199999999999
vt 0.48232 0.68513
vt 0.48232 0.86326
vt 0.4789 0.86712
vt 0.48232 0.86712
vt 0.48232 0.83893
vt 0.4789 0.81683
vt 0.4789 0.83893
vt 0.48232 0.85658
vt 0.4789 0.83893
vt 0.4789 0.85658
vt 0.4789 0.7275499999999999
vt 0.48232 0.73385
vt 0.48232 0.7275499999999999
vt 0.4789 0.76825
vt 0.48232 0.74822
vt 0.4789 0.74822
vt 0.48232 0.6589400000000001
vt 0.4789 0.68513
vt 0.48232 0.68513
vt 0.29874 0.81791
vt 0.3057 0.97073
vt 0.3057 0.81791
vt 0.48232 0.61919
vt 0.4789 0.6368400000000001
vt 0.48232 0.6368400000000001
vt 0.48232 0.61251
vt 0.4789 0.61919
vt 0.48232 0.61919
vt 0.4789 0.7075199999999999
vt 0.48232 0.7275499999999999
vt 0.48232 0.7075199999999999
vt 0.48232 0.76825
vt 0.4789 0.79064
vt 0.48232 0.79064
vt 0.48232 0.74192
vt 0.4789 0.74822
vt 0.48232 0.74822
vt 0.48232 0.73385
vt 0.4789 0.7378899999999999
vt 0.48232 0.7378899999999999
vt 0.4789 0.7378899999999999
vt 0.48232 0.74192
vt 0.48232 0.7378899999999999
vt 0.4789 0.85658
vt 0.48232 0.86326
vt 0.48232 0.85658
vt 0.2235 0.81791
vt 0.20582 0.97073
vt 0.2235 0.97073
vt 0.19526 0.97073
vt 0.19982 0.81791
vt 0.19526 0.81791
vt 0.48232 0.61251
vt 0.4789 0.60865
vt 0.4789 0.61251
vt 0.08483 0.81791
vt 0.08066 0.97073
vt 0.08483 0.97073
vt 0.1907 0.81791
vt 0.19526 0.97073
vt 0.19526 0.81791
vt 0.19982 0.81791
vt 0.20582 0.97073
vt 0.20582 0.81791
vt 0.2235 0.97073
vt 0.24238 0.81791
vt 0.2235 0.81791
vt 0.4789 0.6589400000000001
vt 0.48232 0.6368400000000001
vt 0.4789 0.6368400000000001
vt 0.12649 0.97073
vt 0.10765 0.81791
vt 0.10765 0.97073
vt 0.16703 0.81791
vt 0.1847 0.97073
vt 0.1847 0.81791
vt 0.48232 0.81683
vt 0.4789 0.79064
vt 0.4789 0.81683
vt 0.26403 0.81791
vt 0.24238 0.97073
vt 0.26403 0.97073
vt 0.08483 0.97073
vt 0.09178 0.81791
vt 0.08483 0.81791
vt 0.09178 0.81791
vt 0.10765 0.97073
vt 0.10765 0.81791
vt 0.12649 0.81791
vt 0.14814 0.97073
vt 0.14814 0.81791
vt 0.1847 0.97073
vt 0.1907 0.81791
vt 0.1847 0.81791
vt 0.29874 0.81791
vt 0.28287 0.97073
vt 0.29874 0.97073
vt 0.28287 0.81791
vt 0.26403 0.97073
vt 0.28287 0.97073
vt 0.3057 0.81791
vt 0.30986 0.97073
vt 0.30986 0.81791
vt 0.14814 0.81791
vt 0.16703 0.97073
vt 0.16703 0.81791
vt 0.40933 0.76825
vt 0.45778 0.74822
vt 0.40933 0.74822
vt 0.45778 0.68513
vt 0.45996 0.7075199999999999
vt 0.45996 0.68513
vt 0.4654 0.76825
vt 0.4789 0.74822
vt 0.4654 0.74822
vt 0.40933 0.61251
vt 0.45778 0.60865
vt 0.40933 0.60865
vt 0.45778 0.7275499999999999
vt 0.45996 0.73385
vt 0.45996 0.7275499999999999
vt 0.4654 0.61251
vt 0.4789 0.60865
vt 0.4654 0.60865
vt 0.40933 0.74822
vt 0.45778 0.74192
vt 0.40933 0.74192
vt 0.45778 0.61919
vt 0.45996 0.61251
vt 0.45778 0.61251
vt 0.4654 0.74822
vt 0.4789 0.74192
vt 0.4654 0.74192
vt 0.40933 0.6368400000000001
vt 0.45778 0.6589400000000001
vt 0.45778 0.6368400000000001
vt 0.4654 0.76825
vt 0.46306 0.74822
vt 0.46306 0.76825
vt 0.4654 0.6368400000000001
vt 0.4789 0.6589400000000001
vt 0.4789 0.6368400000000001
vt 0.40933 0.81683
vt 0.45778 0.79064
vt 0.40933 0.79064
vt 0.45778 0.79064
vt 0.45996 0.76825
vt 0.45778 0.76825
vt 0.4654 0.81683
vt 0.4789 0.79064
vt 0.4654 0.79064
vt 0.40933 0.61919
vt 0.45778 0.6368400000000001
vt 0.45778 0.61919
vt 0.4654 0.74822
vt 0.46306 0.74192
vt 0.46306 0.74822
vt 0.4654 0.61919
vt 0.4789 0.6368400000000001
vt 0.4789 0.61919
vt 0.40933 0.85658
vt 0.45778 0.83893
vt 0.40933 0.83893
vt 0.45778 0.7378899999999999
vt 0.45996 0.74192
vt 0.45996 0.7378899999999999
vt 0.4654 0.85658
vt 0.4789 0.83893
vt 0.4654 0.83893
vt 0.40933 0.83893
vt 0.45778 0.81683
vt 0.40933 0.81683
vt 0.4654 0.79064
vt 0.46306 0.81683
vt 0.4654 0.81683
vt 0.4654 0.83893
vt 0.4789 0.81683
vt 0.4654 0.81683
vt 0.4654 0.68513
vt 0.4789 0.7075199999999999
vt 0.4789 0.68513
vt 0.4654 0.68513
vt 0.46306 0.7075199999999999
vt 0.4654 0.7075199999999999
vt 0.40933 0.68513
vt 0.45778 0.7075199999999999
vt 0.45778 0.68513
vt 0.4789 0.86712
vt 0.4654 0.86326
vt 0.4654 0.86712
vt 0.4654 0.83893
vt 0.46306 0.85658
vt 0.4654 0.85658
vt 0.45778 0.86712
vt 0.40933 0.86326
vt 0.40933 0.86712
vt 0.4654 0.7275499999999999
vt 0.4789 0.73385
vt 0.4789 0.7275499999999999
vt 0.4654 0.7275499999999999
vt 0.46306 0.73385
vt 0.4654 0.73385
vt 0.40933 0.7275499999999999
vt 0.45778 0.73385
vt 0.45778 0.7275499999999999
vt 0.4654 0.6589400000000001
vt 0.4789 0.68513
vt 0.4789 0.6589400000000001
vt 0.4654 0.61919
vt 0.46306 0.61251
vt 0.46306 0.61919
vt 0.40933 0.6589400000000001
vt 0.45778 0.68513
vt 0.45778 0.6589400000000001
vt 0.4789 0.61919
vt 0.4654 0.61251
vt 0.4654 0.61919
vt 0.45778 0.76825
vt 0.45996 0.74822
vt 0.45778 0.74822
vt 0.45778 0.61919
vt 0.40933 0.61251
vt 0.40933 0.61919
vt 0.4654 0.7075199999999999
vt 0.4789 0.7275499999999999
vt 0.4789 0.7075199999999999
vt 0.4654 0.79064
vt 0.46306 0.76825
vt 0.46306 0.79064
vt 0.40933 0.7075199999999999
vt 0.45778 0.7275499999999999
vt 0.45778 0.7075199999999999
vt 0.4789 0.76825
vt 0.4654 0.79064
vt 0.4789 0.79064
vt 0.45778 0.74822
vt 0.45996 0.74192
vt 0.45778 0.74192
vt 0.45778 0.76825
vt 0.40933 0.79064
vt 0.45778 0.79064
vt 0.4789 0.73385
vt 0.4654 0.7378899999999999
vt 0.4789 0.7378899999999999
vt 0.4654 0.7378899999999999
vt 0.46306 0.74192
vt 0.4654 0.74192
vt 0.45778 0.73385
vt 0.40933 0.7378899999999999
vt 0.45778 0.7378899999999999
vt 0.45778 0.68513
vt 0.45996 0.6589400000000001
vt 0.45778 0.6589400000000001
vt 0.4789 0.74192
vt 0.4654 0.7378899999999999
vt 0.4654 0.74192
vt 0.4654 0.60865
vt 0.46306 0.61251
vt 0.4654 0.61251
vt 0.45778 0.79064
vt 0.45996 0.81683
vt 0.45996 0.79064
vt 0.45778 0.7075199999999999
vt 0.45996 0.7275499999999999
vt 0.45996 0.7075199999999999
vt 0.45778 0.7378899999999999
vt 0.45996 0.73385
vt 0.45778 0.73385
vt 0.4654 0.6589400000000001
vt 0.46306 0.6368400000000001
vt 0.46306 0.6589400000000001
vt 0.45778 0.85658
vt 0.45996 0.86326
vt 0.45996 0.85658
vt 0.4654 0.6368400000000001
vt 0.46306 0.61919
vt 0.46306 0.6368400000000001
vt 0.4654 0.86712
vt 0.46306 0.86326
vt 0.46306 0.86712
vt 0.4654 0.81683
vt 0.46306 0.83893
vt 0.4654 0.83893
vt 0.4654 0.68513
vt 0.46306 0.6589400000000001
vt 0.46306 0.68513
vt 0.4654 0.7075199999999999
vt 0.46306 0.7275499999999999
vt 0.4654 0.7275499999999999
vt 0.45778 0.60865
vt 0.45996 0.61251
vt 0.45996 0.60865
vt 0.4654 0.7378899999999999
vt 0.46306 0.73385
vt 0.46306 0.7378899999999999
vt 0.45778 0.6589400000000001
vt 0.45996 0.6368400000000001
vt 0.45778 0.6368400000000001
vt 0.4654 0.85658
vt 0.46306 0.86326
vt 0.4654 0.86326
vt 0.45778 0.6368400000000001
vt 0.45996 0.61919
vt 0.45778 0.61919
vt 0.45778 0.74192
vt 0.40933 0.7378899999999999
vt 0.40933 0.74192
vt 0.45778 0.81683
vt 0.45996 0.83893
vt 0.45996 0.81683
vt 0.46306 0.74192
vt 0.45996 0.7378899999999999
vt 0.45996 0.74192
vt 0.4789 0.85658
vt 0.4654 0.86326
vt 0.4789 0.86326
vt 0.46306 0.76825
vt 0.45996 0.79064
vt 0.46306 0.79064
vt 0.45778 0.83893
vt 0.45996 0.85658
vt 0.45996 0.83893
vt 0.46306 0.73385
vt 0.45996 0.7378899999999999
vt 0.46306 0.7378899999999999
vt 0.45996 0.7075199999999999
vt 0.46306 0.7275499999999999
vt 0.46306 0.7075199999999999
vt 0.46306 0.61919
vt 0.45996 0.61251
vt 0.45996 0.61919
vt 0.45996 0.6589400000000001
vt 0.46306 0.68513
vt 0.46306 0.6589400000000001
vt 0.45996 0.7275499999999999
vt 0.46306 0.73385
vt 0.46306 0.7275499999999999
vt 0.46306 0.86712
vt 0.45996 0.86326
vt 0.45996 0.86712
vt 0.45996 0.68513
vt 0.46306 0.7075199999999999
vt 0.46306 0.68513
vt 0.45996 0.83893
vt 0.46306 0.81683
vt 0.45996 0.81683
vt 0.45996 0.85658
vt 0.46306 0.83893
vt 0.45996 0.83893
vt 0.45996 0.61919
vt 0.46306 0.6368400000000001
vt 0.46306 0.61919
vt 0.45996 0.81683
vt 0.46306 0.79064
vt 0.45996 0.79064
vt 0.45996 0.6368400000000001
vt 0.46306 0.6589400000000001
vt 0.46306 0.6368400000000001
vt 0.45996 0.74822
vt 0.46306 0.74192
vt 0.45996 0.74192
vt 0.45996 0.61251
vt 0.46306 0.60865
vt 0.45996 0.60865
vt 0.45778 0.85658
vt 0.40933 0.86326
vt 0.45778 0.86326
vt 0.14814 0.5306500000000001
vt 0.12649 0.5306500000000001
vt 0.12649 0.67651
vt 0.45996 0.76825
vt 0.46306 0.76825
vt 0.46306 0.74822
vt 0.29874 0.67651
vt 0.28287 0.67651
vt 0.28287 0.81791
vt 0.19526 0.67651
vt 0.19526 0.81791
vt 0.19982 0.81791
vt 0.19982 0.5306500000000001
vt 0.19982 0.67651
vt 0.20582 0.67651
vt 0.46306 0.85658
vt 0.45996 0.85658
vt 0.45996 0.86326
vt 0.29874 0.5306500000000001
vt 0.29874 0.67651
vt 0.3057 0.67651
vt 0.20582 0.5306500000000001
vt 0.20582 0.39305999999999996
vt 0.19982 0.39305999999999996
vt 0.45778 0.86712
vt 0.45996 0.86712
vt 0.45996 0.86326
vt 0.20582 0.5306500000000001
vt 0.20582 0.67651
vt 0.2235 0.67651
vt 0.24238 0.67651
vt 0.2235 0.67651
vt 0.2235 0.81791
vt 0.09178 0.67651
vt 0.09178 0.81791
vt 0.10765 0.81791
vt 0.1907 0.5306500000000001
vt 0.1907 0.67651
vt 0.19526 0.67651
vt 0.12649 0.67651
vt 0.12649 0.81791
vt 0.14814 0.81791
vt 0.09178 0.27461
vt 0.10765 0.27461
vt 0.10765 0.13282000000000005
vt 0.24238 0.5306500000000001
vt 0.24238 0.67651
vt 0.26403 0.67651
vt 0.09178 0.5306500000000001
vt 0.08483 0.5306500000000001
vt 0.08483 0.67651
vt 0.20582 0.67651
vt 0.19982 0.67651
vt 0.19982 0.81791
vt 0.29874 0.39305999999999996
vt 0.29874 0.27461
vt 0.28287 0.27461
vt 0.26403 0.67651
vt 0.24238 0.67651
vt 0.24238 0.81791
vt 0.16703 0.5306500000000001
vt 0.14814 0.5306500000000001
vt 0.14814 0.67651
vt 0.12649 0.5306500000000001
vt 0.10765 0.5306500000000001
vt 0.10765 0.67651
vt 0.2235 0.5306500000000001
vt 0.2235 0.67651
vt 0.24238 0.67651
vt 0.1907 0.5306500000000001
vt 0.1847 0.5306500000000001
vt 0.1847 0.67651
vt 0.28287 0.5306500000000001
vt 0.28287 0.67651
vt 0.29874 0.67651
vt 0.08483 0.67651
vt 0.08483 0.81791
vt 0.09178 0.81791
vt 0.14814 0.67651
vt 0.14814 0.81791
vt 0.16703 0.81791
vt 0.29874 0.5306500000000001
vt 0.29874 0.39305999999999996
vt 0.28287 0.39305999999999996
vt 0.26403 0.81791
vt 0.28287 0.81791
vt 0.28287 0.67651
vt 0.09178 0.67651
vt 0.10765 0.67651
vt 0.10765 0.5306500000000001
vt 0.16703 0.67651
vt 0.1847 0.67651
vt 0.1847 0.5306500000000001
vt 0.2235 0.67651
vt 0.20582 0.67651
vt 0.20582 0.81791
vt 0.2235 0.39305999999999996
vt 0.2235 0.27461
vt 0.20582 0.27461
vt 0.10765 0.0006899999999999684
vt 0.09178 0.0006899999999999684
vt 0.09178 0.13282000000000005
vt 0.08483 0.13282000000000005
vt 0.08483 0.0006899999999999684
vt 0.08066 0.0006899999999999684
vt 0.29874 0.0006899999999999684
vt 0.29874 0.13282000000000005
vt 0.3057 0.13282000000000005
vt 0.20582 0.13282000000000005
vt 0.20582 0.0006899999999999684
vt 0.19982 0.0006899999999999684
vt 0.28287 0.13282000000000005
vt 0.28287 0.0006899999999999684
vt 0.26403 0.0006899999999999684
vt 0.10765 0.39305999999999996
vt 0.12649 0.39305999999999996
vt 0.12649 0.27461
vt 0.40933 0.6589400000000001
vt 0.40933 0.6368400000000001
vt 0.39837 0.6368400000000001
vt 0.09178 0.5306500000000001
vt 0.10765 0.5306500000000001
vt 0.10765 0.39305999999999996
vt 0.1847 0.39305999999999996
vt 0.1907 0.39305999999999996
vt 0.1907 0.27461
vt 0.09178 0.39305999999999996
vt 0.10765 0.39305999999999996
vt 0.10765 0.27461
vt 0.29874 0.81791
vt 0.3057 0.81791
vt 0.3057 0.67651
vt 0.2235 0.27461
vt 0.2235 0.13282000000000005
vt 0.20582 0.13282000000000005
vt 0.24238 0.5306500000000001
vt 0.24238 0.39305999999999996
vt 0.2235 0.39305999999999996
vt 0.14814 0.27461
vt 0.12649 0.27461
vt 0.12649 0.39305999999999996
vt 0.1907 0.13282000000000005
vt 0.1847 0.13282000000000005
vt 0.1847 0.27461
vt 0.12649 0.5306500000000001
vt 0.14814 0.5306500000000001
vt 0.14814 0.39305999999999996
vt 0.26403 0.27461
vt 0.26403 0.13282000000000005
vt 0.24238 0.13282000000000005
vt 0.28287 0.39305999999999996
vt 0.28287 0.27461
vt 0.26403 0.27461
vt 0.28287 0.27461
vt 0.28287 0.13282000000000005
vt 0.26403 0.13282000000000005
vt 0.19526 0.39305999999999996
vt 0.19982 0.39305999999999996
vt 0.19982 0.27461
vt 0.20582 0.27461
vt 0.20582 0.13282000000000005
vt 0.19982 0.13282000000000005
vt 0.1847 0.13282000000000005
vt 0.16703 0.13282000000000005
vt 0.16703 0.27461
vt 0.1847 0.67651
vt 0.1847 0.81791
vt 0.1907 0.81791
vt 0.14814 0.5306500000000001
vt 0.16703 0.5306500000000001
vt 0.16703 0.39305999999999996
vt 0.19526 0.13282000000000005
vt 0.19526 0.0006899999999999684
vt 0.1907 0.0006899999999999684
vt 0.1847 0.5306500000000001
vt 0.1907 0.5306500000000001
vt 0.1907 0.39305999999999996
vt 0.40933 0.74192
vt 0.39837 0.74192
vt 0.39837 0.74822
vt 0.20582 0.39305999999999996
vt 0.20582 0.27461
vt 0.19982 0.27461
vt 0.08483 0.39305999999999996
vt 0.09178 0.39305999999999996
vt 0.09178 0.27461
vt 0.16703 0.5306500000000001
vt 0.1847 0.5306500000000001
vt 0.1847 0.39305999999999996
vt 0.26403 0.39305999999999996
vt 0.26403 0.27461
vt 0.24238 0.27461
vt 0.12649 0.0006899999999999684
vt 0.10765 0.0006899999999999684
vt 0.10765 0.13282000000000005
vt 0.08483 0.27461
vt 0.09178 0.27461
vt 0.09178 0.13282000000000005
vt 0.29874 0.27461
vt 0.29874 0.13282000000000005
vt 0.28287 0.13282000000000005
vt 0.16703 0.39305999999999996
vt 0.1847 0.39305999999999996
vt 0.1847 0.27461
vt 0.29874 0.13282000000000005
vt 0.29874 0.0006899999999999684
vt 0.28287 0.0006899999999999684
vt 0.1847 0.0006899999999999684
vt 0.16703 0.0006899999999999684
vt 0.16703 0.13282000000000005
vt 0.08483 0.39305999999999996
vt 0.08483 0.27461
vt 0.08066 0.27461
vt 0.24238 0.27461
vt 0.24238 0.13282000000000005
vt 0.2235 0.13282000000000005
vt 0.16703 0.67651
vt 0.16703 0.81791
vt 0.1847 0.81791
vt 0.08483 0.5306500000000001
vt 0.09178 0.5306500000000001
vt 0.09178 0.39305999999999996
vt 0.14814 0.27461
vt 0.16703 0.27461
vt 0.16703 0.13282000000000005
vt 0.26403 0.5306500000000001
vt 0.26403 0.67651
vt 0.28287 0.67651
vt 0.10765 0.27461
vt 0.12649 0.27461
vt 0.12649 0.13282000000000005
vt 0.16703 0.0006899999999999684
vt 0.14814 0.0006899999999999684
vt 0.14814 0.13282000000000005
vt 0.14814 0.39305999999999996
vt 0.16703 0.39305999999999996
vt 0.16703 0.27461
vt 0.28287 0.5306500000000001
vt 0.28287 0.39305999999999996
vt 0.26403 0.39305999999999996
vt 0.10765 0.5306500000000001
vt 0.12649 0.5306500000000001
vt 0.12649 0.39305999999999996
vt 0.08483 0.27461
vt 0.08483 0.13282000000000005
vt 0.08066 0.13282000000000005
vt 0.14814 0.0006899999999999684
vt 0.12649 0.0006899999999999684
vt 0.12649 0.13282000000000005
vt 0.24238 0.13282000000000005
vt 0.24238 0.0006899999999999684
vt 0.2235 0.0006899999999999684
vt 0.12649 0.27461
vt 0.14814 0.27461
vt 0.14814 0.13282000000000005
vt 0.3057 0.5306500000000001
vt 0.3057 0.39305999999999996
vt 0.29874 0.39305999999999996
vt 0.3057 0.39305999999999996
vt 0.3057 0.27461
vt 0.29874 0.27461
vt 0.26403 0.5306500000000001
vt 0.26403 0.39305999999999996
vt 0.24238 0.39305999999999996
vt 0.1907 0.0006899999999999684
vt 0.1847 0.0006899999999999684
vt 0.1847 0.13282000000000005
vt 0.08483 0.5306500000000001
vt 0.08483 0.39305999999999996
vt 0.08066 0.39305999999999996
vt 0.24238 0.39305999999999996
vt 0.24238 0.27461
vt 0.2235 0.27461
vt 0.10765 0.67651
vt 0.10765 0.81791
vt 0.12649 0.81791
vt 0.3057 0.27461
vt 0.3057 0.13282000000000005
vt 0.29874 0.13282000000000005
vt 0.2235 0.5306500000000001
vt 0.2235 0.39305999999999996
vt 0.20582 0.39305999999999996
vt 0.09178 0.0006899999999999684
vt 0.08483 0.0006899999999999684
vt 0.08483 0.13282000000000005
vt 0.19526 0.67651
vt 0.1907 0.67651
vt 0.1907 0.81791
vt 0.08483 0.67651
vt 0.08066 0.67651
vt 0.08066 0.81791
vt 0.26403 0.13282000000000005
vt 0.26403 0.0006899999999999684
vt 0.24238 0.0006899999999999684
vt 0.30986 0.5306500000000001
vt 0.3057 0.5306500000000001
vt 0.3057 0.67651
vt 0.19982 0.5306500000000001
vt 0.19526 0.5306500000000001
vt 0.19526 0.67651
vt 0.08066 0.5306500000000001
vt 0.08066 0.67651
vt 0.08483 0.67651
vt 0.3057 0.67651
vt 0.3057 0.81791
vt 0.30986 0.81791
vt 0.19526 0.27461
vt 0.19526 0.13282000000000005
vt 0.1907 0.13282000000000005
vt 0.19526 0.5306500000000001
vt 0.19526 0.39305999999999996
vt 0.1907 0.39305999999999996
vt 0.19526 0.39305999999999996
vt 0.19526 0.27461
vt 0.1907 0.27461
vt 0.3057 0.39305999999999996
vt 0.30986 0.39305999999999996
vt 0.30986 0.27461
vt 0.3057 0.27461
vt 0.30986 0.27461
vt 0.30986 0.13282000000000005
vt 0.19526 0.13282000000000005
vt 0.19982 0.13282000000000005
vt 0.19982 0.0006899999999999684
vt 0.3057 0.13282000000000005
vt 0.30986 0.13282000000000005
vt 0.30986 0.0006899999999999684
vt 0.3057 0.5306500000000001
vt 0.30986 0.5306500000000001
vt 0.30986 0.39305999999999996
vt 0.19526 0.5306500000000001
vt 0.19982 0.5306500000000001
vt 0.19982 0.39305999999999996
vt 0.19526 0.27461
vt 0.19982 0.27461
vt 0.19982 0.13282000000000005
vt 0.47234 0.99073
vt 0.49576 0.98412
vt 0.49939 0.9671
vt 0.49939 0.9671
vt 0.50013 0.96088
vt 0.49576 0.95009
vt 0.49576 0.98412
vt 0.50013 0.97333
vt 0.49939 0.9671
vt 0.41014 0.99193
vt 0.44344 0.99193
vt 0.44344 0.94227
vt 0.35781 0.98411
vt 0.38124 0.99073
vt 0.35399 0.9671
vt 0.35399 0.9671
vt 0.35327 0.97333
vt 0.35781 0.98411
vt 0.35781 0.95009
vt 0.35326 0.96088
vt 0.35399 0.9671
vt 0.41014 0.94227
vt 0.38124 0.94347
vt 0.41014 0.99193
vt 0.47234 0.94347
vt 0.44344 0.94227
vt 0.44344 0.99193
vt 0.49939 0.9671
vt 0.49576 0.95009
vt 0.47234 0.94347
vt 0.44344 0.99193
vt 0.47234 0.99073
vt 0.47234 0.94347
vt 0.35399 0.9671
vt 0.38124 0.99073
vt 0.38124 0.94347
vt 0.38124 0.94347
vt 0.35781 0.95009
vt 0.35399 0.9671
vt 0.49939 0.9671
vt 0.47234 0.94347
vt 0.47234 0.99073
vt 0.38124 0.99073
vt 0.41014 0.99193
vt 0.38124 0.94347
vt 0.40933 0.83893
vt 0.39837 0.83893
vt 0.39837 0.85658
vt 0.40933 0.86326
vt 0.40933 0.85658
vt 0.39837 0.85658
vt 0.40933 0.7378899999999999
vt 0.40933 0.73385
vt 0.39837 0.73385
vt 0.39837 0.7275499999999999
vt 0.39837 0.73385
vt 0.40933 0.73385
vt 0.40933 0.81683
vt 0.40933 0.79064
vt 0.39837 0.79064
vt 0.40933 0.81683
vt 0.39837 0.81683
vt 0.39837 0.83893
vt 0.40933 0.7378899999999999
vt 0.39837 0.7378899999999999
vt 0.39837 0.74192
vt 0.40933 0.86712
vt 0.40933 0.86326
vt 0.39837 0.86326
vt 0.40933 0.7075199999999999
vt 0.39837 0.7075199999999999
vt 0.39837 0.7275499999999999
vt 0.40933 0.6368400000000001
vt 0.40933 0.61919
vt 0.39837 0.61919
vt 0.2235 0.13282000000000005
vt 0.2235 0.0006899999999999684
vt 0.20582 0.0006899999999999684
vt 0.39837 0.76825
vt 0.39837 0.79064
vt 0.40933 0.79064
vt 0.40933 0.61251
vt 0.39837 0.61251
vt 0.39837 0.61919
vt 0.40933 0.6589400000000001
vt 0.39837 0.6589400000000001
vt 0.39837 0.68513
vt 0.40933 0.68513
vt 0.39837 0.68513
vt 0.39837 0.7075199999999999
vt 0.40933 0.76825
vt 0.40933 0.74822
vt 0.39837 0.74822
vt 0.40933 0.60865
vt 0.39837 0.60865
vt 0.39837 0.61251
vt 0.40988 0.96341
vt 0.42338 0.96471
vt 0.42632 0.9642
vt 0.41351 0.97556
vt 0.42526 0.9825
vt 0.43158 0.96624
vt 0.44403 0.94846
vt 0.43796 0.96418
vt 0.44239 0.96433
vt 0.45626 0.96515
vt 0.45625 0.96463
vt 0.44482 0.96497
vt 0.41351 0.95474
vt 0.42632 0.9642
vt 0.43158 0.96407
vt 0.45626 0.96515
vt 0.44487 0.96515
vt 0.44482 0.96534
vt 0.45415 0.97495
vt 0.4562 0.96624
vt 0.44485 0.96555
vt 0.44403 0.98184
vt 0.45415 0.97495
vt 0.44239 0.96598
vt 0.40997 0.96515
vt 0.40997 0.9658100000000001
vt 0.42348 0.96536
vt 0.40997 0.96515
vt 0.42342 0.96515
vt 0.42348 0.96494
vt 0.40988 0.9669
vt 0.41351 0.97556
vt 0.42632 0.9661
vt 0.4562 0.96406
vt 0.44485 0.96476
vt 0.44482 0.96497
vt 0.40997 0.9645
vt 0.42348 0.96494
vt 0.42338 0.96471
vt 0.4562 0.96624
vt 0.45625 0.96567
vt 0.44482 0.96534
vt 0.42526 0.94781
vt 0.43158 0.96407
vt 0.43796 0.96418
vt 0.40997 0.9658100000000001
vt 0.40988 0.9669
vt 0.42338 0.9656
vt 0.45415 0.95535
vt 0.44239 0.96433
vt 0.44485 0.96476
vt 0.42526 0.9825
vt 0.44403 0.98184
vt 0.43796 0.96613
vt 0.4789 0.68513
vt 0.4789 0.7075199999999999
vt 0.48232 0.7075199999999999
vt 0.48232 0.86326
vt 0.4789 0.86326
vt 0.4789 0.86712
vt 0.48232 0.83893
vt 0.48232 0.81683
vt 0.4789 0.81683
vt 0.48232 0.85658
vt 0.48232 0.83893
vt 0.4789 0.83893
vt 0.4789 0.7275499999999999
vt 0.4789 0.73385
vt 0.48232 0.73385
vt 0.4789 0.76825
vt 0.48232 0.76825
vt 0.48232 0.74822
vt 0.48232 0.6589400000000001
vt 0.4789 0.6589400000000001
vt 0.4789 0.68513
vt 0.29874 0.81791
vt 0.29874 0.97073
vt 0.3057 0.97073
vt 0.48232 0.61919
vt 0.4789 0.61919
vt 0.4789 0.6368400000000001
vt 0.48232 0.61251
vt 0.4789 0.61251
vt 0.4789 0.61919
vt 0.4789 0.7075199999999999
vt 0.4789 0.7275499999999999
vt 0.48232 0.7275499999999999
vt 0.48232 0.76825
vt 0.4789 0.76825
vt 0.4789 0.79064
vt 0.48232 0.74192
vt 0.4789 0.74192
vt 0.4789 0.74822
vt 0.48232 0.73385
vt 0.4789 0.73385
vt 0.4789 0.7378899999999999
vt 0.4789 0.7378899999999999
vt 0.4789 0.74192
vt 0.48232 0.74192
vt 0.4789 0.85658
vt 0.4789 0.86326
vt 0.48232 0.86326
vt 0.2235 0.81791
vt 0.20582 0.81791
vt 0.20582 0.97073
vt 0.19526 0.97073
vt 0.19982 0.97073
vt 0.19982 0.81791
vt 0.48232 0.61251
vt 0.48232 0.60865
vt 0.4789 0.60865
vt 0.08483 0.81791
vt 0.08066 0.81791
vt 0.08066 0.97073
vt 0.1907 0.81791
vt 0.1907 0.97073
vt 0.19526 0.97073
vt 0.19982 0.81791
vt 0.19982 0.97073
vt 0.20582 0.97073
vt 0.2235 0.97073
vt 0.24238 0.97073
vt 0.24238 0.81791
vt 0.4789 0.6589400000000001
vt 0.48232 0.6589400000000001
vt 0.48232 0.6368400000000001
vt 0.12649 0.97073
vt 0.12649 0.81791
vt 0.10765 0.81791
vt 0.16703 0.81791
vt 0.16703 0.97073
vt 0.1847 0.97073
vt 0.48232 0.81683
vt 0.48232 0.79064
vt 0.4789 0.79064
vt 0.26403 0.81791
vt 0.24238 0.81791
vt 0.24238 0.97073
vt 0.08483 0.97073
vt 0.09178 0.97073
vt 0.09178 0.81791
vt 0.09178 0.81791
vt 0.09178 0.97073
vt 0.10765 0.97073
vt 0.12649 0.81791
vt 0.12649 0.97073
vt 0.14814 0.97073
vt 0.1847 0.97073
vt 0.1907 0.97073
vt 0.1907 0.81791
vt 0.29874 0.81791
vt 0.28287 0.81791
vt 0.28287 0.97073
vt 0.28287 0.81791
vt 0.26403 0.81791
vt 0.26403 0.97073
vt 0.3057 0.81791
vt 0.3057 0.97073
vt 0.30986 0.97073
vt 0.14814 0.81791
vt 0.14814 0.97073
vt 0.16703 0.97073
vt 0.40933 0.76825
vt 0.45778 0.76825
vt 0.45778 0.74822
vt 0.45778 0.68513
vt 0.45778 0.7075199999999999
vt 0.45996 0.7075199999999999
vt 0.4654 0.76825
vt 0.4789 0.76825
vt 0.4789 0.74822
vt 0.40933 0.61251
vt 0.45778 0.61251
vt 0.45778 0.60865
vt 0.45778 0.7275499999999999
vt 0.45778 0.73385
vt 0.45996 0.73385
vt 0.4654 0.61251
vt 0.4789 0.61251
vt 0.4789 0.60865
vt 0.40933 0.74822
vt 0.45778 0.74822
vt 0.45778 0.74192
vt 0.45778 0.61919
vt 0.45996 0.61919
vt 0.45996 0.61251
vt 0.4654 0.74822
vt 0.4789 0.74822
vt 0.4789 0.74192
vt 0.40933 0.6368400000000001
vt 0.40933 0.6589400000000001
vt 0.45778 0.6589400000000001
vt 0.4654 0.76825
vt 0.4654 0.74822
vt 0.46306 0.74822
vt 0.4654 0.6368400000000001
vt 0.4654 0.6589400000000001
vt 0.4789 0.6589400000000001
vt 0.40933 0.81683
vt 0.45778 0.81683
vt 0.45778 0.79064
vt 0.45778 0.79064
vt 0.45996 0.79064
vt 0.45996 0.76825
vt 0.4654 0.81683
vt 0.4789 0.81683
vt 0.4789 0.79064
vt 0.40933 0.61919
vt 0.40933 0.6368400000000001
vt 0.45778 0.6368400000000001
vt 0.4654 0.74822
vt 0.4654 0.74192
vt 0.46306 0.74192
vt 0.4654 0.61919
vt 0.4654 0.6368400000000001
vt 0.4789 0.6368400000000001
vt 0.40933 0.85658
vt 0.45778 0.85658
vt 0.45778 0.83893
vt 0.45778 0.7378899999999999
vt 0.45778 0.74192
vt 0.45996 0.74192
vt 0.4654 0.85658
vt 0.4789 0.85658
vt 0.4789 0.83893
vt 0.40933 0.83893
vt 0.45778 0.83893
vt 0.45778 0.81683
vt 0.4654 0.79064
vt 0.46306 0.79064
vt 0.46306 0.81683
vt 0.4654 0.83893
vt 0.4789 0.83893
vt 0.4789 0.81683
vt 0.4654 0.68513
vt 0.4654 0.7075199999999999
vt 0.4789 0.7075199999999999
vt 0.4654 0.68513
vt 0.46306 0.68513
vt 0.46306 0.7075199999999999
vt 0.40933 0.68513
vt 0.40933 0.7075199999999999
vt 0.45778 0.7075199999999999
vt 0.4789 0.86712
vt 0.4789 0.86326
vt 0.4654 0.86326
vt 0.4654 0.83893
vt 0.46306 0.83893
vt 0.46306 0.85658
vt 0.45778 0.86712
vt 0.45778 0.86326
vt 0.40933 0.86326
vt 0.4654 0.7275499999999999
vt 0.4654 0.73385
vt 0.4789 0.73385
vt 0.4654 0.7275499999999999
vt 0.46306 0.7275499999999999
vt 0.46306 0.73385
vt 0.40933 0.7275499999999999
vt 0.40933 0.73385
vt 0.45778 0.73385
vt 0.4654 0.6589400000000001
vt 0.4654 0.68513
vt 0.4789 0.68513
vt 0.4654 0.61919
vt 0.4654 0.61251
vt 0.46306 0.61251
vt 0.40933 0.6589400000000001
vt 0.40933 0.68513
vt 0.45778 0.68513
vt 0.4789 0.61919
vt 0.4789 0.61251
vt 0.4654 0.61251
vt 0.45778 0.76825
vt 0.45996 0.76825
vt 0.45996 0.74822
vt 0.45778 0.61919
vt 0.45778 0.61251
vt 0.40933 0.61251
vt 0.4654 0.7075199999999999
vt 0.4654 0.7275499999999999
vt 0.4789 0.7275499999999999
vt 0.4654 0.79064
vt 0.4654 0.76825
vt 0.46306 0.76825
vt 0.40933 0.7075199999999999
vt 0.40933 0.7275499999999999
vt 0.45778 0.7275499999999999
vt 0.4789 0.76825
vt 0.4654 0.76825
vt 0.4654 0.79064
vt 0.45778 0.74822
vt 0.45996 0.74822
vt 0.45996 0.74192
vt 0.45778 0.76825
vt 0.40933 0.76825
vt 0.40933 0.79064
vt 0.4789 0.73385
vt 0.4654 0.73385
vt 0.4654 0.7378899999999999
vt 0.4654 0.7378899999999999
vt 0.46306 0.7378899999999999
vt 0.46306 0.74192
vt 0.45778 0.73385
vt 0.40933 0.73385
vt 0.40933 0.7378899999999999
vt 0.45778 0.68513
vt 0.45996 0.68513
vt 0.45996 0.6589400000000001
vt 0.4789 0.74192
vt 0.4789 0.7378899999999999
vt 0.4654 0.7378899999999999
vt 0.4654 0.60865
vt 0.46306 0.60865
vt 0.46306 0.61251
vt 0.45778 0.79064
vt 0.45778 0.81683
vt 0.45996 0.81683
vt 0.45778 0.7075199999999999
vt 0.45778 0.7275499999999999
vt 0.45996 0.7275499999999999
vt 0.45778 0.7378899999999999
vt 0.45996 0.7378899999999999
vt 0.45996 0.73385
vt 0.4654 0.6589400000000001
vt 0.4654 0.6368400000000001
vt 0.46306 0.6368400000000001
vt 0.45778 0.85658
vt 0.45778 0.86326
vt 0.45996 0.86326
vt 0.4654 0.6368400000000001
vt 0.4654 0.61919
vt 0.46306 0.61919
vt 0.4654 0.86712
vt 0.4654 0.86326
vt 0.46306 0.86326
vt 0.4654 0.81683
vt 0.46306 0.81683
vt 0.46306 0.83893
vt 0.4654 0.68513
vt 0.4654 0.6589400000000001
vt 0.46306 0.6589400000000001
vt 0.4654 0.7075199999999999
vt 0.46306 0.7075199999999999
vt 0.46306 0.7275499999999999
vt 0.45778 0.60865
vt 0.45778 0.61251
vt 0.45996 0.61251
vt 0.4654 0.7378899999999999
vt 0.4654 0.73385
vt 0.46306 0.73385
vt 0.45778 0.6589400000000001
vt 0.45996 0.6589400000000001
vt 0.45996 0.6368400000000001
vt 0.4654 0.85658
vt 0.46306 0.85658
vt 0.46306 0.86326
vt 0.45778 0.6368400000000001
vt 0.45996 0.6368400000000001
vt 0.45996 0.61919
vt 0.45778 0.74192
vt 0.45778 0.7378899999999999
vt 0.40933 0.7378899999999999
vt 0.45778 0.81683
vt 0.45778 0.83893
vt 0.45996 0.83893
vt 0.46306 0.74192
vt 0.46306 0.7378899999999999
vt 0.45996 0.7378899999999999
vt 0.4789 0.85658
vt 0.4654 0.85658
vt 0.4654 0.86326
vt 0.46306 0.76825
vt 0.45996 0.76825
vt 0.45996 0.79064
vt 0.45778 0.83893
vt 0.45778 0.85658
vt 0.45996 0.85658
vt 0.46306 0.73385
vt 0.45996 0.73385
vt 0.45996 0.7378899999999999
vt 0.45996 0.7075199999999999
vt 0.45996 0.7275499999999999
vt 0.46306 0.7275499999999999
vt 0.46306 0.61919
vt 0.46306 0.61251
vt 0.45996 0.61251
vt 0.45996 0.6589400000000001
vt 0.45996 0.68513
vt 0.46306 0.68513
vt 0.45996 0.7275499999999999
vt 0.45996 0.73385
vt 0.46306 0.73385
vt 0.46306 0.86712
vt 0.46306 0.86326
vt 0.45996 0.86326
vt 0.45996 0.68513
vt 0.45996 0.7075199999999999
vt 0.46306 0.7075199999999999
vt 0.45996 0.83893
vt 0.46306 0.83893
vt 0.46306 0.81683
vt 0.45996 0.85658
vt 0.46306 0.85658
vt 0.46306 0.83893
vt 0.45996 0.61919
vt 0.45996 0.6368400000000001
vt 0.46306 0.6368400000000001
vt 0.45996 0.81683
vt 0.46306 0.81683
vt 0.46306 0.79064
vt 0.45996 0.6368400000000001
vt 0.45996 0.6589400000000001
vt 0.46306 0.6589400000000001
vt 0.45996 0.74822
vt 0.46306 0.74822
vt 0.46306 0.74192
vt 0.45996 0.61251
vt 0.46306 0.61251
vt 0.46306 0.60865
vt 0.45778 0.85658
vt 0.40933 0.85658
vt 0.40933 0.86326
vn 1 0 0
vn -0.9406443092311555 0.33937286086628937 -0.0037874554086535627
vn -0.9383997467200755 -0.34555099279032697 0.0006532513433308204
vn 0.0903924214234492 0.9959044573642739 -0.001876686222228927
vn -0.3277709843783513 0.9447005379298735 0.010347726062002592
vn -0.3361173185532955 -0.9415898246354827 0.020826673077179208
vn -0.31802296298967236 -0.9480261411903688 -0.010384152876796077
vn -0.327556463762414 0.9440822472606816 0.03762277840196848
vn 0.0017849709536075019 0.009219491279303833 0.9999559064575027
vn -0.9383812255046464 0.3455811648466279 0.0037860432704692384
vn -0.9985366391805122 0.05407929205390197 -0.0001019070001730193
vn 0.9383953310685215 -0.34556298933655516 0.0006504072446922366
vn -0.09026452259134718 0.995858087182402 0.010908077500807283
vn 1 0 0
vn 0.9382160101039222 -0.3454951154937171 -0.01959192575169798
vn -1 0 0
vn 0.3180789504324588 -0.9480073379712414 -0.010385973448160555
vn -0.3277687919789764 0.9447562964257661 -0.0017774612549481398
vn -0.9383463048763789 -0.34554309613673895 -0.010304408623616439
vn -1 0 0
vn 0.9985364691118451 0.05407928284323032 0.0005924700930135561
vn 0.9985364691802301 -0.05407928284693396 -0.0005923544891335354
vn -0.9985364691118451 0.05407928284323032 0.0005924700930135561
vn 0.3278263844150432 0.9446812948358541 0.010349534705222624
vn -0.9383812255046464 -0.3455811648466277 -0.0037860432704692366
vn 0.3180955995355686 -0.9480569592111797 0.0017865182223552227
vn 0.9985366391805122 0.05407929205390197 -0.00010190700017301957
vn -0.9383756476078763 -0.3455791106537146 -0.005120767158011909
vn -0.9985366391927913 -0.054079292054567005 0.00010178625728307064
vn 0.9383932226185521 -0.34554859039223773 -0.0037856863983176886
vn 0.9383932226185518 0.34554859039223784 0.0037856863983176917
vn -0.9383997396786515 0.34555101586685494 -0.0006511562207329191
vn -0.9383463048763789 0.34554309613673884 0.010304408623616446
vn 0.9380279765395863 -0.345425872720915 -0.02800860018001148
vn -0.09002641108391012 -0.992662759369215 -0.08072107202488633
vn -0.29708015077516314 -0.9517107525968778 -0.07739526734168649
vn -0.30549524152410146 0.9491425638012077 0.07616463081379307
vn -0.9985257777937989 -0.054102855219271745 -0.004376315620670057
vn 0.9985358500071688 -0.054069921131989176 -0.0016124141035370307
vn -0.0006068496418314342 -0.033928166722455654 -0.9994240897818932
vn 0.9383712367934627 -0.34559109461289816 -0.005120281531948487
vn 0.3062809805765181 0.9515181620224207 0.028375134864195115
vn 0.9383337074541462 -0.34557727299843904 -0.010305427808639574
vn -0.3180955991318863 -0.948056958008039 0.0017872284324606071
vn -0.9382160483245161 0.3454951295683315 0.019589847138024363
vn -0.9985213946175244 0.054078466430543044 0.005526658990261004
vn 1 0 0
vn 0.3059590283554612 0.9505179582713993 0.053895120107043344
vn 0.9999927708391564 0 0.003802403112064554
vn -1 0 0
vn -0.998534040243344 -0.054103302901366127 -0.0016134095781857362
vn -0.9985306414039707 -0.0541031187429612 -0.0030676896290527033
vn 0.09029204760626694 0.9954727989054587 0.029685902014253505
vn -0.3059992755719025 0.9505049247417672 0.053896487743811096
vn 0.9382034651079818 0.3455293062735322 0.019589705600332154
vn 0.327843423519042 0.9447303955903804 -0.0017802536217355759
vn 0.9985220065974718 0.054067358702303905 0.005524768186520022
vn -0.08991643185775004 0.9927580715270542 0.07966458874465558
vn 0.30625342453855253 0.9512287776093594 0.03704932666342303
vn -0.010678020036361006 -0.04751755943370031 -0.9988133266199285
vn -0.3063212961522734 0.9515051955657376 0.0283747481926929
vn 0.2958814115879041 -0.95480022938313 -0.028473009090574073
vn 0.9382691783438857 0.3455535076857621 0.015611607731296355
vn -1 0 0
vn 0.9985275977352678 -0.05406947427803712 -0.0043736154760295265
vn 0.2955496455724945 -0.9537953960253405 -0.054080953420191126
vn -0.9382160483245162 -0.34549512956833145 -0.01958984713802436
vn 0.9383337074541462 0.34557727299843916 0.010305427808639576
vn -0.9380279765395864 -0.345425872720915 -0.028008600180011476
vn 0.9380348392132838 0.3454283998790707 0.027746368755094997
vn -0.09028134667919656 -0.9954737685878754 -0.029685930931062893
vn -0.9985307397139886 0.05410131011123871 0.0030675870782033857
vn 0.9383953310676351 0.34556298933622875 -0.0006504086968598026
vn 0.29594640739288636 -0.9550099688499424 -0.019279090966014597
vn 0.9985325535434194 0.0540679297918803 0.0030656943876914613
vn -0.9985364691802302 -0.054079282846933974 -0.000592354489133535
vn 0.9985324553544994 -0.054069737314250334 -0.0030657968756396185
vn 0.9985277926860193 0.05406767200388656 0.0043513305627478505
vn 0.9985359479694624 0.054068113591184915 0.0016123602010303414
vn -0.9985340486306666 -0.05407915175349018 0.0022801471164169604
vn 0.9985345532461727 -0.054069850913413875 0.002279735876718002
vn -0.0901774910114092 -0.994328619597477 -0.05637921925908038
vn 1 0 0
vn -0.9985259729849831 0.054101051845494984 0.004354016950372602
vn 1 0 0
vn -0.31797697607789266 -0.9478890542513948 -0.019924445155537453
vn -0.2958627960822612 -0.9548059927861672 -0.028473180960481535
vn -0.9999927708391565 0 0.003802403112064554
vn 0.30549524152410173 0.9491425638012078 0.07616463081379306
vn -0.09025096032653812 -0.9957084592809777 -0.02047994815519603
vn -0.9985341383264574 0.054101494251175344 0.0016133556425961342
vn 0.9985366391927913 -0.05407929205456701 0.00010178625728307033
vn -0.2955496455724939 -0.9537953960253407 -0.05408095342019111
vn -0.9382735858592924 0.3455415239917023 0.015611959397752957
vn 0.29509562028842495 -0.9523301693464657 -0.07736810349958216
vn -0.09026973459455018 0.9959155894589735 -0.0018744836128620174
vn -0.09038221259142919 -0.9959053839120836 0.0018766837781360492
vn -1 0 0
vn 0.09027471834936447 -0.9958571630977007 -0.010908067378895632
vn 0.09038720073104592 0.9958469380418227 0.010910084176213496
vn -0.090264522591345 -0.9958580871824022 -0.01090807750080725
vn 0.09027993093232126 -0.995914665222002 0.0018744776881321824
vn -0.09005964436275554 0.9943392660578984 0.05637982292180778
vn -0.09020035915653513 0.9951501936088851 0.0392426727967264
vn -0.09028133923978074 0.9954736865582694 0.029688704167753394
vn 0.09029204760626694 -0.9954727989054587 -0.02968590201425347
vn 0.09018817983061231 -0.994327653257648 -0.05637916446684771
vn 0.09026700765472916 0.9927259086340202 0.07966892528345082
vn 0.09025428411126568 -0.9926418387781796 -0.08072387569138043
vn 0.09031291138219201 -0.9957028227222463 -0.02048089013259474
vn 0.09026227446989821 0.9951445490963214 0.03924344800600783
vn 0.09007031944212404 0.9943383022317795 0.05637976827210442
vn 0 -0.046824040009939054 0.998903153102015
vn 0.0043802644349709655 -0.030955401329491924 -0.9995111687279987
vn 0.0672013152483213 -0.0425678421042125 -0.9968309596152632
vn 0.005557527465098576 -0.015919524128277098 -0.9998578312140203
vn 0.010678020036361001 -0.047517559433700306 -0.9988133266199285
vn 0.0005692287134067207 -0.03298029541929138 -0.9994558399913066
vn 0.003375229042817441 -0.032384346346089575 -0.9994697904092176
vn 0.0012258959825933468 -0.01889139571289996 -0.9998207901154379
vn 0.00560494803377321 -0.015918038163934403 -0.9998575901689951
vn 0.004423987082491729 -0.030938135144685856 -0.9995115107551603
vn -0.0033253942142586457 -0.032189878412271576 -0.9994762395780719
vn -0.9380348392132838 0.3454283998790707 0.027746368755094997
vn -0.0034142620551477266 -0.032382230046815355 -0.999469726400862
vn -0.010911676917597478 -0.04835507925578851 -0.9987706051025994
vn 0.0005839149795159174 -0.032561712124847514 -0.999469556288132
vn 0.003414235574743058 -0.03238212722961232 -0.9994697298225321
vn -0.003362429447716809 -0.03218097577107478 -0.999476402356069
vn 0.001332111665398657 -0.018943314036508292 -0.9998196719068021
vn -0.9142563215915913 0.37015293942583655 -0.1646881290932221
vn 0.9837029823424126 0.03048580282210868 -0.17719779444715064
vn -0.9796636246572858 -0.09540966697290032 -0.17651112704718933
vn -0.3036310958290138 -0.9527896712526184 0
vn -0.9764877983859303 0.08253154280268542 -0.19914849747363758
vn 0.1281730802818173 -0.9917358101604778 -0.00563421125017551
vn 0.970245967377695 -0.16751932384472298 -0.17481429840241214
vn 0.9789236344311506 -0.043028660617307875 -0.19964231094031096
vn 0.3024221646697617 0.9531740839513294 0
vn -0.12771343711554836 0.9917953816173345 -0.005585604950124798
vn 0.9829324243754516 0.16084734164898432 -0.08928595519930606
vn 0.16451890698537286 -0.9863474179704612 0.007231895141830822
vn 0.19992785069068741 0.9796423036951847 0.01816070838359464
vn -0.3766172269293438 -0.9257353896658166 0.03425569588156447
vn -0.9798098155404457 -0.0065938109553102826 -0.19982303928146916
vn -0.4497337026139254 0.8929460874529291 0.019669306944464577
vn -0.9207967657718077 -0.38094471975208294 -0.0837522336250562
vn 0.9798092701261172 -0.006588446512626697 -0.19982589058346728
vn -0.9570050633028756 0.15120564520326563 -0.24754426204483776
vn -0.19663426589896837 -0.6597654955601409 -0.7252892225468786
vn 0.9865691061327154 -0.04189148955001659 -0.1578812906198066
vn 0.36109054828775394 -0.6359022329729419 -0.6820864798816024
vn 0.20900166503257683 0.6332721846539409 -0.7451742374486894
vn 0.9890359060744656 -0.004866346442349915 -0.14759503774776458
vn -0.9890359060744656 -0.004866346442349915 -0.14759503774776458
vn 0.986958328816627 0.031262438287636564 -0.15791110515667484
vn -0.986958328816627 0.031262438287636564 -0.15791110515667484
vn -0.9865691061327154 -0.04189148955001659 -0.15788129061980657
vn 0.1966342658989684 -0.6597654955601409 -0.7252892225468787
vn -0.361090548287754 -0.6359022329729419 -0.6820864798816025
vn 0.9545325347912502 -0.16731902790840164 -0.2467224815957765
vn 0.21235859738268204 0.6258572666718356 -0.7504708574433249
vn 0.9570050633028756 0.1512056452032656 -0.2475442620448377
vn -0.21235859738268204 0.6258572666718356 -0.7504708574433246
vn -0.9545325347912502 -0.1673190279084016 -0.24672248159577645
vn -0.2090016650325769 0.633272184653941 -0.7451742374486893
vn 0.985696475846854 0.057880884869263495 0.15827905947990614
vn 0.08474915822496465 -0.9246966580439641 0.37115181635347544
vn -0.9853946317461961 -0.04871823056709705 0.16316848266803782
vn -0.9160334610775857 -0.3310282155761369 0.22650169685611252
vn 0.31623726483312287 0.8994448698459411 0.30165032477801734
vn -0.917479437358351 0.3437695170533715 0.20013495738999598
vn 0.9877331418000078 0.004408581376277886 0.1560890931491842
vn -0.3180064021530083 -0.9478533949014167 0.021115633155517857
vn 0.9161095189156898 -0.33113443702303097 0.22603834623688118
vn 0.31411565682104087 -0.8758488119589085 0.366360768546599
vn 0.9173590331749845 0.34363857436848444 0.20091026469111395
vn -0.985696475846854 0.057880884869263495 0.1582790594799061
vn -0.31623726483312287 0.8994448698459412 0.3016503247780172
vn -0.08526400928542646 0.9493410156195566 0.30245939361012364
vn 0.08526400928542648 0.9493410156195566 0.30245939361012364
vn -0.314115656821041 -0.8758488119589084 0.3663607685465992
vn -0.9383741186443909 0.34560051413385023 -0.0037812813676402256
vn 0.09027187839285392 0.9958258343814741 -0.013486865828156848
vn -0.08475179561938208 -0.9246937605902402 0.3711584328353191
vn -0.09029066671930595 -0.9956725140568222 0.02199636913561786
vn -0.09026168295031355 0.995826758378966 -0.01348687834222283
vn -0.32774173342288376 0.9446783032126651 -0.01297149228900096
vn -0.9985363246807477 0.05407927502105214 0.0008001913907240548
vn 0.9853946317461961 -0.04871823056709706 0.16316848266803777
vn 0.9985356362855554 -0.05402879489209364 0.002733567322990874
vn 0.9383931828109657 0.3455487248754298 -0.003783277794481984
vn -0.9876325545265979 0.004486239490726895 0.15672208170675417
vn -0.9999985150740077 0.000048654206154662635 0.001722638252168647
vn 0.3180251893593264 -0.947847107651827 0.021114910585425965
vn 0.9383657888192778 -0.34553848832581197 0.00853225990506326
vn 0.9999985204274635 0 0.0017202159410566926
vn 0.3277609564489947 0.9446716354622741 -0.012971375434894752
vn -0.9383858704188417 -0.345483902969212 0.008534107301484092
vn -0.9985356362855554 -0.05402879489209363 0.0027335673229908746
vn 0.0903707082047043 -0.9956652305464341 0.021997358466334806
vn 0.9985363246807477 0.05407927502105214 0.000800191390724055
vn -0.9383654312123969 0.34562420473660305 -0.00377181730248752
vn 0.03206797714747528 0.031243910233608393 0.998997228682334
vn -0.9383759592244996 0.345595750575974 -0.003759831556016741
vn -0.09026755587686253 -0.9956744724048533 0.022002576152235605
vn -0.005037707655749265 0.05625109892418163 0.9984039439883023
vn -0.09030867807349001 -0.9956714593853431 0.02197015316469063
vn -0.34035540526583524 0.9402131803467967 -0.012544863829132558
vn 0.020676077509567143 0.013125735227260592 0.999700062465519
vn -0.33910460903955475 0.9406642584918581 -0.012602258690152846
vn 0.9985370616406931 -0.05400254215315361 0.002731660844168678
vn -0.02568622642466209 -0.02008031791422869 -0.9994683579806439
vn 0.9985360350403151 -0.054023990830782784 0.002682375939799576
vn -0.999998523789774 0.00005594950502326698 0.0017173490984054678
vn -0.03227356251385882 0.03126792774587041 0.9989898567338626
vn -0.9999985238680172 0.00005045344907267619 0.0017174737949278353
vn 0.9383726465127431 -0.34551953229385146 0.00854570536051742
vn -0.019947894278946082 -0.015461730608498248 -0.9996814574655402
vn 0.9383802616203991 -0.3454991409451185 0.008533944423116004
vn -0.9383840152121722 -0.3454890524045229 0.008529634394672725
vn 0.0023375421139929975 0.055134950910544156 0.9984761755219588
vn -0.9383895991813462 -0.34547504494822245 0.00848253890625204
vn -0.9985373903404876 -0.05399663477115942 0.0027282824998683696
vn -0.0326679148882041 -0.029348206508695726 -0.9990352797131743
vn -0.9985348466410283 -0.05404365484133048 0.002728262261814316
vn 0.998533918360893 0.054123636193775436 0.0008036715780826388
vn 0.03267554566527221 -0.027573156238037525 -0.9990855968186859
vn 0.99853470035535 0.05410901013882874 0.0008168280405642361
vn 0.09030867807349002 -0.9956714593853431 0.02197015316469063
vn -0.027700225524265352 -0.03956173231923468 -0.9988331025961276
vn 0.09026755587686254 -0.9956744724048533 0.022002576152235605
vn 0.33889021897697014 0.9407380033920651 -0.012861899379649506
vn 0.020371291128555753 -0.013058935394042298 -0.99970719448453
vn 0.3392125715828704 0.940621411937815 -0.01289149658681056
vn 0.9999985183747587 0.000049255918529574987 0.001720703966939246
vn -0.005480851333847043 -0.05645499662300902 -0.9983901009249604
vn 0.9999984897172393 0.000051347485713293324 0.0017372180855009173
vn 0.32995822066286634 -0.9437698370147667 0.020641399131754428
vn -0.027507244084237454 0.0396751840595757 0.9988339357934978
vn 0.3312182638556421 -0.943327856017245 0.020664407815424203
vn 0.9383638855269145 0.3456277911782593 -0.003827310291739307
vn -0.031848556371543546 -0.027671364344096706 -0.9991095861077427
vn 0.9383587465876427 0.34564225066881216 -0.003781171123610795
vn -0.9985339183608929 0.05412363619377544 0.0008036715780826445
vn 0.0051124302254780575 0.055828952548110065 0.998427258799844
vn -0.9985347399956926 0.05410852502273518 0.0008003384276954874
vn -0.09036636785559238 0.9958169968469778 -0.013506603986731126
vn 0.0017860673047928822 -0.009209548911836361 -0.9999559961180409
vn -0.09028951090593898 0.9958241831659349 -0.013490753954659433
vn 0.03298729566295381 0.02952832391973803 0.9990194774934751
vn 0.09029790878550147 0.9958226404794982 -0.013548297952348558
vn -0.0022991274449175344 -0.05543927151845002 -0.9984594138904676
vn -0.03261791971031623 0.029548339640845172 0.9990310140021883
vn 0.02536517812061843 0.038679669587547844 0.9989296726494352
vn -0.002289881532768382 0.05534019080500243 0.9984649316446882
vn 0.03211118888798893 -0.03106205355931775 -0.9990015116989954
vn -0.020264169295907387 0.015611060453572493 0.9996727755792202
vn 0.02547812734754898 -0.03852902759092313 -0.9989326198797194
vn 0.0024292116149100974 -0.05487775849895808 -0.9984901254159003
vn -0.032416267292726474 -0.031097703942688102 -0.998990549717213
vn 0.03238646420928937 -0.02933349411046075 -0.9990448753981436
vn 0.02742300511776517 -0.019270118113270195 -0.9994381628386079
vn -0.001878757185886996 0.009625205567069396 0.9999519116883712
vn -0.0017974816880982887 -0.009258847411259374 -0.9999555204128812
vn 0.03288685644844291 0.027770799173537825 0.9990731892039755
vn 0.005555868992723105 -0.05600416798123556 -0.9984150767533838
vn 0.027648662304524913 0.01937042276647007 0.9994300066511006
vn 0.09036151795150003 0.9958178012073082 -0.01347972077391249
vn -0.03243422778308628 0.027824551978090382 0.9990864903377152
vn 0.09219116193053123 0.9956484847464722 -0.013597223391295037
vn -0.32962498241659505 -0.9438773695213097 0.0210447682902966
vn -0.9985937259387831 0.05300964826073854 0.0007400722745463742
vn -0.025832953788940825 0.020217650479747648 0.999461807728348
vn -0.09220012657797882 0.9956479472016221 -0.013575783299720333
vn 0.9406498076763163 0.33935913377737176 -0.003649334238041805
vn 0.3361685686608306 -0.941577199769712 0.020568673227910117
vn 0.9999986469963945 0.00004827874890683356 0.0016442854200858852
vn 0.34544711113443594 0.9383490986907815 -0.01293299636862801
vn 0.09220039073536206 -0.9954992770898184 0.021915228994821186
vn 0.998593725938783 0.05300964826073854 0.000740072274546377
vn -0.9985963429721549 -0.052900198176023185 0.002629227182287635
vn -0.940661450451159 -0.33924138828946504 0.008444886414756526
vn 0.9406672764351094 -0.33922851504550855 0.008312016853490433
vn -0.9999986527724884 0.0000485288005750874 0.0016407614585498527
vn 0.9985956818126157 -0.05290804295835485 0.0027208924113689627
vn -0.34549359482836456 0.9383352126633648 -0.012696637687664741
vn -0.09220039073536206 -0.9954992770898184 0.021915228994821186
vn -0.33001703048125575 -0.943740688856569 0.021030258887199962
vn 1 0 0
vn -0.9406498076763163 0.33935913377737176 -0.003649334238041805
vn -0.9383833343251973 -0.34559556529472485 0.0006504685580847282
vn 0.09027993093161271 0.995914665214189 -0.0018744818732751279
vn -0.32782638441504314 0.944681294835854 0.010349534705222624
vn -0.3361685686608306 -0.941577199769712 0.020568673227910117
vn -0.3180789504324588 -0.9480073379712415 -0.010385973448160557
vn -0.30623429698835763 0.9512349559267852 0.037048805257573224
vn 0.001878757185886996 0.009625205567069396 0.9999519116883712
vn -0.9383768095252739 0.34559316228751497 0.0037854359436364266
vn -0.9985366391805122 0.05407929205390197 -0.00010190700017301957
vn 0.9383997480023755 -0.3455509932625138 0.0006511561781373061
vn -0.09037699247822074 0.995847864421271 0.010910094325240796
vn 1 0 0
vn 0.9382034268886894 -0.345529292197816 -0.01959178418613925
vn -1 0 0
vn 0.31802296298967236 -0.9480261411903687 -0.010384152876796074
vn -0.32784342351904194 0.9447303955903804 -0.0017802536217355757
vn -0.9383463048763789 -0.34554309613673895 -0.010304408623616436
vn -1 0 0
vn 0.9985364691118451 0.05407928284323032 0.0005924700930135561
vn 0.9985364691802302 -0.054079282846933974 -0.000592354489133535
vn -0.9985364691118451 0.05407928284323032 0.0005924700930135561
vn 0.32777098437835134 0.9447005379298736 0.010347726062002594
vn -0.9383768095252737 -0.345593162287515 -0.003785435943636413
vn 0.3180955995355686 -0.9480569592111797 0.0017865182223552227
vn 0.9985366391805122 0.05407929205390197 -0.0001019070001730193
vn -0.9383838182061297 -0.3455569103032583 -0.005121666774719919
vn -0.9985366391927913 -0.05407929205456701 0.00010178625728307033
vn 0.9383888074151869 -0.3455605870088015 -0.0037850791320892772
vn 0.9383888074151869 0.3455605870088015 0.003785079132089288
vn -0.9383833356011005 0.345595565764625 -0.0006483748771542504
vn -0.9383463048763789 0.345543096136739 0.010304408623616439
vn 0.9383236229559664 -0.3446228682367418 -0.027997451510289127
vn -0.09024358758620588 -0.99264280489434 -0.08072395425812806
vn -0.29509562028842495 -0.9523301693464657 -0.07736810349958216
vn -0.30743003718423456 0.9485156820109859 0.07618906231300245
vn -0.9985336024169902 -0.05395834238845685 -0.00437517209243761
vn 0.9985358500071688 -0.054069921131989176 -0.0016124141035370311
vn -0.0033752029940009812 -0.03238424469731157 -0.999469793790755
vn 0.9383876370381866 -0.34554653358984905 -0.005122087262818818
vn 0.30634041359727876 0.9514989672280457 0.02837721552603069
vn 0.9383337074541462 -0.34557727299843904 -0.010305427808639573
vn -0.31807681301819557 -0.9480632623039403 0.0017865300999011494
vn -0.9382160483245161 0.3454951295683315 0.019589847138024363
vn -0.9985201927350644 0.054100738666259786 0.005525828091331484
vn 1 0 0
vn 0.3059399179331431 0.9505241280600619 0.053894791870092475
vn 0.9999927708391565 0 0.003802403112064554
vn -1 0 0
vn -0.998534040243344 -0.054103302901366127 -0.0016134095781857364
vn -0.9985306414039707 -0.0541031187429612 -0.0030676896290527033
vn 0.09029204760626693 0.9954727989054587 0.029685902014253498
vn -0.30593990675268906 0.950524093323531 0.053895467969352136
vn 0.9382160483245161 0.3454951295683315 0.019589847138024363
vn 0.32778801567607246 0.9447496254845593 -0.001778180510449061
vn 0.9985214073365705 0.054078467119388074 0.0055243537732548795
vn -0.09025630964650257 0.9927268751044419 0.07966900284530264
vn 0.32755646376241404 0.9440822472606816 0.03762277840196848
vn -0.06587775029497929 -0.04187567823291961 -0.9969486193323132
vn -0.3063212961522734 0.9515051955657376 0.0283747481926929
vn 0.2958814115879041 -0.95480022938313 -0.02847300909057407
vn 0.9382855663223474 0.3455089476491919 0.015612915342756993
vn -1 0 0
vn 0.9985354127201337 -0.05392505008896904 -0.004372472611075423
vn 0.2955682346783795 -0.9537896171130087 -0.054081280832895845
vn -0.9382160483245162 -0.34549512956833145 -0.019589847138024356
vn 0.9383337074541462 0.345577272998439 0.010305427808639583
vn -0.9383236229559664 -0.3446228682367419 -0.02799745151028913
vn 0.9383311234663877 0.3446236611204987 0.027735084824290015
vn -0.09028134667919659 -0.9954737685878754 -0.029685930931062896
vn -0.9985307397139886 0.054101310111238726 0.0030675870782033853
vn 0.9383997396786515 0.34555101586685494 -0.0006511562207329191
vn 0.3179769807287958 -0.9478890681157324 -0.01992371133317946
vn 0.9985325535434194 0.05406792979188029 0.0030656943876914613
vn -0.9985364691802301 -0.05407928284693396 -0.0005923544891335354
vn 0.9985324553544994 -0.054069737314250334 -0.003065796875639619
vn 0.9985353639370586 0.05392775416181404 0.004350206678901635
vn 0.9985359479694624 0.054068113591184915 0.001612360201030341
vn -0.9985327417269472 -0.05410323254419942 0.002281211856532648
vn 0.9985340486306666 -0.05407915175349018 0.0022801471164169604
vn -0.09017749101141044 -0.9943286195974769 -0.0563792192590804
vn 1 0 0
vn -0.9985335535737494 0.05396104812748881 0.004352892413438454
vn 1 0 0
vn -0.2959277884718696 -0.9550157356937087 -0.01927922684011715
vn -0.2958627960822612 -0.9548059927861672 -0.028473180960481535
vn -0.9999927708391564 0 0.003802403112064554
vn 0.3074300371842347 0.9485156820109858 0.07618906231300243
vn -0.09030220804214523 -0.9957037932868453 -0.02048089980690555
vn -0.9985341383264574 0.054101494251175344 0.0016133556425961344
vn 0.9985366391927913 -0.054079292054567005 0.00010178625728307064
vn -0.2955496455724945 -0.9537953960253405 -0.054080953420191126
vn -0.9382817503464985 0.3455193241327264 0.015612610850691414
vn 0.29708015077516314 -0.9517107525968778 -0.07739526734168649
vn -0.09038221259071628 0.9959053839042525 -0.0018766879682044564
vn -0.09026973459525867 -0.9959155894667866 0.0018744794277151884
vn -1 0 0
vn 0.09027471834936446 -0.9958571630977007 -0.010908067378895632
vn 0.09027471834936664 0.9958571630977004 0.010908067378895665
vn -0.09026452259134503 -0.9958580871824022 -0.01090807750080725
vn 0.09039242142416218 -0.9959044573721051 0.0018766820321644182
vn -0.09005964436275447 0.9943392660578984 0.056379822921807765
vn -0.09025157701341151 0.9951455178198164 0.03924348620754362
vn -0.09016336653379052 0.995484451875038 0.02968624951637861
vn 0.09029204760626693 -0.9954727989054587 -0.02968590201425347
vn 0.09018817983061107 -0.9943276532576482 -0.0563791644668477
vn 0.08992709023865524 0.9927571122916411 0.0796645117701168
vn 0.0900370822884237 -0.9926617978781556 -0.08072099383862587
vn 0.09026115457780941 -0.995707535612745 -0.02047992915698693
vn 0.09021054782066236 0.9951492718759012 0.03924262665469625
vn 0.09018816862478625 0.9943275297130604 0.05638136123605403
vn 0.017217168354058027 -0.040488552966230766 0.9990316542495382
vn -0.005797950234797042 -0.1099081987261223 0.9939248319796895
vn 0.005798487085147416 -0.10990648492238328 0.9939250183587943
vn 0 -0.046824040009939054 0.998903153102015
vn -0.01688881298418911 -0.040607962804364926 0.9990324125637089
vn -0.005432300632830889 -0.10718937707986005 0.9942237814250201
vn 0.005431793509606403 -0.10719093675348339 0.9942236160427794
vn 0 -0.04680842614554543 0.9989038848867179
vn 0 -0.046773402525234764 0.9989055254708588
vn -0.01721636757948921 -0.040488848276791105 0.9990316560813212
vn 0 -0.046773402525234764 0.9989055254708589
vn 0 -0.05969437674038161 0.9982167006144395
vn 0.016888025127423777 -0.040608253325332425 0.9990324140733179
vn 0 -0.06006788544251314 0.9981942942826638
vn 0 -0.04680842614554543 0.9989038848867179
vn 0.0033253942142586457 -0.032189878412271576 -0.9994762395780719
vn 0.010911676917597478 -0.04835507925578851 -0.9987706051025994
vn -0.0012258959825933468 -0.01889139571289996 -0.9998207901154379
vn 0.06587775029497928 -0.04187567823291961 -0.9969486193323132
vn -0.0005839582420765164 -0.03256171212402492 -0.9994695562628827
vn 0.0006068944410124624 -0.033928162629213186 -0.9994240898936463
vn -0.005557527465098576 -0.015919524128277098 -0.9998578312140203
vn -0.001332111665398657 -0.018943314036508292 -0.9998196719068021
vn 0.003362429447716809 -0.03218097577107478 -0.999476402356069
vn -0.0043802644349709655 -0.030955401329491924 -0.9995111687279987
vn -0.9383311234663877 0.3446236611204988 0.027735084824290022
vn -0.0006396434544228973 -0.0339298867284106 -0.9994240109397255
vn -0.0672013152483213 -0.0425678421042125 -0.9968309596152632
vn -0.000569186542082896 -0.03298029542008304 -0.9994558400152977
vn 0.0006395962415810027 -0.033929891033246944 -0.9994240108237944
vn -0.004423987082491729 -0.030938135144685856 -0.9995115107551603
vn -0.00560494803377321 -0.015918038163934403 -0.9998575901689951
vn -0.9829324243754516 0.16084734164898432 -0.08928595519930606
vn 0.9764877983859303 0.08253154280268542 -0.19914849747363758
vn -0.9789236344311506 -0.043028660617307875 -0.19964231094031096
vn -0.1281730802818173 -0.9917358101604778 -0.00563421125017551
vn -0.9837029823424126 0.03048580282210868 -0.17719779444715064
vn 0.3036310958290138 -0.9527896712526184 0
vn 0.9207967657718077 -0.38094471975208294 -0.0837522336250562
vn 0.9796636246572858 -0.09540966697290032 -0.17651112704718933
vn 0.12771343711554836 0.9917953816173345 -0.005585604950124798
vn -0.3024221646697617 0.9531740839513294 0
vn 0.9142563215915913 0.37015293942583655 -0.1646881290932221
vn 0.3766172269293438 -0.9257353896658166 0.03425569588156447
vn 0.4497337026139254 0.8929460874529291 0.019669306944464577
vn -0.16451890698537286 -0.9863474179704612 0.007231895141830822
vn -0.9798092701261172 -0.006588446512626697 -0.19982589058346728
vn -0.19992785069068741 0.9796423036951847 0.01816070838359464
vn -0.970245967377695 -0.16751932384472298 -0.17481429840241214
vn 0.9798098155404457 -0.0065938109553102826 -0.19982303928146916
vn 0.9857668016650392 0.05792169177391528 0.15782550604109255
vn 0.08475179561938208 -0.9246937605902402 0.3711584328353191
vn -0.9854906836167904 -0.048807654154696636 0.16256052842073046
vn -0.9161095189156898 -0.33113443702303097 0.22603834623688118
vn 0.3162718411286775 0.8993016370949376 0.30204087145193054
vn -0.9173590331749845 0.34363857436848444 0.20091026469111395
vn 0.9876325545265979 0.004486239490726895 0.15672208170675417
vn -0.3295022160510538 -0.943928491936845 0.020671035950772715
vn 0.9160334610775857 -0.3310282155761369 0.22650169685611252
vn 0.31422412119885584 -0.8754081889465506 0.36731962155883696
vn 0.917479437358351 0.3437695170533715 0.20013495738999598
vn -0.9857668016650392 0.05792169177391526 0.15782550604109258
vn -0.3162718411286775 0.8993016370949376 0.30204087145193065
vn -0.08531708580670973 0.9492934722786942 0.30259361916357524
vn 0.08531708580670974 0.9492934722786942 0.30259361916357524
vn -0.31422412119885584 -0.8754081889465506 0.36731962155883696
vn -0.9383931828109657 0.3455487248754298 -0.003783277794481984
vn 0.09028276164712304 0.9958248503368615 -0.013486674939959257
vn -0.08474915822496465 -0.9246966580439641 0.37115181635347544
vn -0.09036050178385864 -0.9956661564188782 0.021997378921752374
vn -0.09028276142869002 0.9958248526094784 -0.013486508596413416
vn -0.3386987546809941 0.9408110494111178 -0.012558777149666396
vn -0.9985336527293437 0.05412855720136297 0.0008022856682609065
vn 0.9854906836167904 -0.04880765415469664 0.16256052842073046
vn 0.9985329190622563 -0.05407909057770796 0.0027315767054303408
vn 0.9383741186443909 0.34560051413385023 -0.0037812813676402256
vn -0.9877331418000078 0.004408581376277886 0.1560890931491842
vn -0.9999985204274635 0 0.0017202159410566926
vn 0.3295022160510537 -0.9439284919368451 0.02067103595077272
vn 0.9383858704188417 -0.345483902969212 0.008534107301484092
vn 0.9999985150740077 0.000048654206154662635 0.001722638252168647
vn 0.33869876536051885 0.9408110372366475 -0.012559401138749274
vn -0.9383657888192778 -0.34553848832581197 0.00853225990506326
vn -0.9985329190622563 -0.054079090577707975 0.0027315767054303408
vn 0.09029066662785981 -0.9956725177739013 0.02199620125559734
vn 0.9985336527293436 0.054128557201362955 0.0008022856682609062
vn -0.9383587465876427 0.34564225066881216 -0.003781171123610795
vn 0.03227356251385882 0.03126792774587041 0.9989898567338626
vn -0.9383638855269145 0.3456277911782593 -0.003827310291739307
vn -0.09029653498661416 -0.9956719445038604 0.021998061217132953
vn -0.0051124302254780575 0.055828952548110065 0.998427258799844
vn -0.0902669081956993 -0.9956746793886351 0.02199586572808555
vn -0.3392125715828704 0.940621411937815 -0.01289149658681056
vn 0.020264169295907387 0.015611060453572493 0.9996727755792202
vn -0.33889021897697014 0.9407380033920651 -0.012861899379649506
vn 0.9985357275259302 -0.054026510248164704 0.002745367856250833
vn -0.02742300511776517 -0.019270118113270195 -0.9994381628386079
vn 0.9985348466410283 -0.05404365484133048 0.002728262261814316
vn -0.9999985183474791 0.000050858463495925275 0.001720673200616632
vn -0.03206797714747528 0.031243910233608393 0.998997228682334
vn -0.9999985183747587 0.000049255918529574987 0.001720703966939246
vn 0.9383840152121722 -0.3454890524045229 0.008529634394672725
vn -0.020371291128555753 -0.013058935394042298 -0.99970719448453
vn 0.9383895991813462 -0.34547504494822245 0.00848253890625204
vn -0.9383726465127431 -0.34551953229385146 0.00854570536051742
vn 0.002289881532768382 0.05534019080500243 0.9984649316446882
vn -0.9383802616203991 -0.3454991409451185 0.008533944423116004
vn -0.9985370616406931 -0.05400254215315361 0.002731660844168678
vn -0.03238646420928937 -0.02933349411046075 -0.9990448753981436
vn -0.9985360350403151 -0.054023990830782784 0.002682375939799576
vn 0.998532677190887 0.05414731747252389 0.0007487272733050209
vn 0.031848556371543546 -0.027671364344096706 -0.9991095861077427
vn 0.9985329366493534 0.05414182530785855 0.0007982347723187121
vn 0.09026690819569927 -0.9956746793886351 0.021995865728085543
vn -0.02547812734754898 -0.03852902759092313 -0.9989326198797194
vn 0.09029653498661415 -0.9956719445038604 0.02199806121713295
vn 0.33910460903955475 0.9406642584918581 -0.012602258690152846
vn 0.019947894278946082 -0.015461730608498248 -0.9996814574655402
vn 0.34035540526583524 0.9402131803467967 -0.012544863829132558
vn 0.9999985238680172 0.00005045344907267619 0.0017174737949278353
vn -0.005555868992723105 -0.05600416798123556 -0.9984150767533838
vn 0.9999984952646962 0.00005648747942179446 0.0017338620210469134
vn 0.32962498241659505 -0.9438773695213097 0.0210447682902966
vn -0.02536517812061843 0.038679669587547844 0.9989296726494352
vn 0.33001703048125575 -0.943740688856569 0.021030258887199962
vn 0.9383759592244996 0.345595750575974 -0.003759831556016741
vn -0.03267554566527221 -0.027573156238037525 -0.9990855968186859
vn 0.9383654312123969 0.34562420473660305 -0.00377181730248752
vn -0.9985326771908869 0.0541473174725239 0.0007487272733050178
vn 0.005037707655749265 0.05625109892418163 0.9984039439883023
vn -0.9985345850906079 0.054111407745028574 0.0007987050638429774
vn -0.09029790878550147 0.9958226404794982 -0.013548297952348558
vn 0.0017974816880982887 -0.009258847411259374 -0.9999555204128812
vn -0.09036151795150003 0.9958178012073082 -0.01347972077391249
vn 0.03261791971031623 0.029548339640845172 0.9990310140021883
vn 0.09036636785559238 0.9958169968469778 -0.013506603986731126
vn -0.0024292116149100974 -0.05487775849895808 -0.9984901254159003
vn -0.03298729566295381 0.02952832391973803 0.9990194774934751
vn 0.027507244084237454 0.0396751840595757 0.9988339357934978
vn -0.0023375421139929975 0.055134950910544156 0.9984761755219588
vn 0.032416267292726474 -0.031097703942688102 -0.998990549717213
vn -0.020676077509567143 0.013125735227260592 0.999700062465519
vn 0.027700225524265352 -0.03956173231923468 -0.9988331025961276
vn 0.0022991274449175344 -0.05543927151845002 -0.9984594138904676
vn -0.03211118888798893 -0.03106205355931775 -0.9990015116989954
vn 0.0326679148882041 -0.029348206508695726 -0.9990352797131743
vn 0.02568622642466209 -0.02008031791422869 -0.9994683579806439
vn -0.0017849709536075019 0.009219491279303833 0.9999559064575027
vn -0.0017860673047928822 -0.009209548911836361 -0.9999559961180409
vn 0.03243422778308628 0.027824551978090382 0.9990864903377152
vn 0.005480851333847043 -0.05645499662300902 -0.9983901009249604
vn 0.025832953788940825 0.020217650479747648 0.999461807728348
vn 0.09028951090593898 0.9958241831659349 -0.013490753954659433
vn -0.03288685644844291 0.027770799173537825 0.9990731892039755
vn 0.09220012657797882 0.9956479472016221 -0.013575783299720333
vn -0.32995822066286634 -0.9437698370147667 0.020641399131754428
vn -0.998594051327716 0.05300225112244881 0.0008258503810735339
vn -0.027648662304524913 0.01937042276647007 0.9994300066511006
vn -0.09219116193053123 0.9956484847464722 -0.013597223391295037
vn 0.9406443092311555 0.33937286086628937 -0.0037874554086535627
vn 0.3361173185532955 -0.9415898246354827 0.020826673077179208
vn 0.9999986527724884 0.0000485288005750874 0.0016407614585498527
vn 0.34549359482836456 0.9383352126633648 -0.012696637687664741
vn 0.09220842224117015 -0.995498959111911 0.02189587346730279
vn 0.998594051327716 0.053002251122448815 0.0008258503810735702
vn -0.9985956818126157 -0.05290804295835485 0.0027208924113689627
vn -0.9406672764351094 -0.33922851504550855 0.008312016853490433
vn 0.940661450451159 -0.33924138828946504 0.008444886414756526
vn -0.9999986469963945 0.00004827874890683356 0.0016442854200858852
vn 0.9985963429721549 -0.052900198176023185 0.002629227182287635
vn -0.34544711113443594 0.9383490986907815 -0.01293299636862801
vn -0.09220842224117015 -0.995498959111911 0.02189587346730279
vn -0.3312182638556421 -0.943327856017245 0.020664407815424203
usemtl m_0e9af300-c4e0-5806-b305-ae691bbeb13c
f 1/1/1 2/2/1 3/3/1
f 4/4/2 5/5/2 6/6/2
f 7/7/3 8/8/3 9/9/3
f 10/10/4 11/11/4 12/12/4
f 13/13/5 14/14/5 15/15/5
f 16/16/6 17/17/6 18/18/6
f 19/19/7 20/20/7 21/21/7
f 15/22/8 22/23/8 13/24/8
f 23/25/9 17/26/9 24/27/9
f 15/28/10 25/29/10 26/30/10
f 27/31/11 28/32/11 29/33/11
f 30/34/12 31/35/12 32/36/12
f 33/37/13 10/38/13 34/39/13
f 2/40/14 35/41/14 3/42/14
f 36/43/15 37/44/15 38/45/15
f 39/46/16 40/47/16 41/48/16
f 42/49/17 43/50/17 30/51/17
f 14/52/18 11/53/18 44/54/18
f 45/55/19 46/56/19 47/57/19
f 40/58/20 29/59/20 48/60/20
f 49/61/21 3/62/21 50/63/21
f 51/64/22 32/65/22 2/66/22
f 26/67/23 27/68/23 39/69/23
f 33/70/24 52/71/24 53/72/24
f 54/73/25 7/74/25 19/75/25
f 43/76/26 55/77/26 30/78/26
f 3/79/27 56/80/27 50/81/27
f 19/82/28 47/83/28 54/84/28
f 48/85/29 57/86/29 40/87/29
f 30/88/30 58/89/30 42/90/30
f 50/91/31 59/92/31 49/93/31
f 25/94/32 44/95/32 28/96/32
f 60/97/33 61/98/33 62/99/33
f 63/100/34 38/101/34 37/102/34
f 64/103/35 65/104/35 66/105/35
f 67/106/36 68/107/36 69/108/36
f 70/109/37 71/110/37 72/111/37
f 73/112/38 74/113/38 75/114/38
f 76/115/39 77/116/39 78/117/39
f 79/118/40 80/119/40 81/120/40
f 42/121/41 76/122/41 82/123/41
f 83/124/42 84/125/42 85/126/42
f 82/127/43 78/128/43 36/129/43
f 9/130/44 20/131/44 7/132/44
f 86/133/45 70/134/45 61/135/45
f 39/136/46 60/137/46 26/138/46
f 87/139/47 88/140/47 89/141/47
f 90/142/48 85/143/48 84/144/48
f 51/145/49 89/146/49 88/147/49
f 91/148/50 92/149/50 93/150/50
f 47/151/51 91/152/51 94/153/51
f 46/154/52 75/155/52 91/156/52
f 95/157/53 96/158/53 97/159/53
f 61/160/54 72/161/54 96/162/54
f 98/163/55 99/164/55 85/165/55
f 52/166/56 100/167/56 53/168/56
f 1/169/57 101/170/57 89/171/57
f 102/172/58 103/173/58 90/174/58
f 59/175/59 104/176/59 83/177/59
f 105/178/60 106/179/60 107/180/60
f 62/181/61 96/182/61 22/183/61
f 108/184/62 36/185/62 109/186/62
f 49/187/63 83/188/63 101/189/63
f 94/190/64 93/191/64 110/192/64
f 111/193/65 37/194/65 112/195/65
f 109/196/66 38/197/66 64/198/66
f 113/199/67 73/200/67 46/201/67
f 101/202/68 85/203/68 99/204/68
f 114/205/69 115/206/69 73/207/69
f 116/208/70 117/209/70 98/210/70
f 108/211/71 118/212/71 119/213/71
f 93/214/72 120/215/72 86/216/72
f 50/217/73 121/218/73 52/219/73
f 122/220/74 82/221/74 108/222/74
f 87/223/75 117/224/75 123/225/75
f 41/226/76 57/227/76 54/228/76
f 78/229/77 112/230/77 37/231/77
f 124/232/78 123/233/78 117/234/78
f 89/235/79 99/236/79 87/237/79
f 54/238/80 94/239/80 41/240/80
f 58/241/81 88/242/81 76/243/81
f 109/244/82 66/245/82 118/246/82
f 125/247/83 112/248/83 123/249/83
f 92/250/84 126/251/84 120/252/84
f 77/253/85 123/254/85 112/255/85
f 21/256/86 45/257/86 19/258/86
f 127/259/87 113/260/87 45/261/87
f 41/262/88 110/263/88 39/264/88
f 103/265/89 98/266/89 90/267/89
f 122/268/90 119/269/90 128/270/90
f 110/271/91 86/272/91 60/273/91
f 32/274/92 129/275/92 2/276/92
f 130/277/93 114/278/93 113/279/93
f 26/280/94 62/281/94 15/282/94
f 131/283/95 64/284/95 38/285/95
f 10/286/96 100/287/96 132/288/96
f 43/289/97 133/290/97 134/291/97
f 75/292/98 135/293/98 92/294/98
f 136/295/99 20/296/99 137/297/99
f 13/298/100 10/299/100 12/300/100
f 128/301/101 43/302/101 122/303/101
f 20/304/102 138/305/102 137/306/102
f 97/307/103 90/308/103 84/309/103
f 34/310/104 104/311/104 33/312/104
f 95/313/105 84/314/105 104/315/105
f 127/316/106 139/317/106 130/318/106
f 130/319/107 140/320/107 68/321/107
f 102/322/108 71/323/108 141/324/108
f 68/325/109 142/326/109 69/327/109
f 21/328/110 143/329/110 127/330/110
f 34/331/111 22/332/111 95/333/111
f 97/334/112 72/335/112 102/336/112
f 144/337/113 145/338/113 146/339/113
f 147/340/114 148/341/114 149/342/114
f 150/343/115 148/344/115 151/345/115
f 152/346/116 153/347/116 154/348/116
f 155/349/117 156/350/117 157/351/117
f 158/352/118 159/353/118 160/354/118
f 158/355/119 161/356/119 147/357/119
f 152/358/120 162/359/120 105/360/120
f 163/361/121 151/362/121 164/363/121
f 165/364/122 155/365/122 157/366/122
f 166/367/123 167/368/123 80/369/123
f 120/370/124 168/371/124 70/372/124
f 169/373/125 170/374/125 171/375/125
f 172/376/126 167/377/126 173/378/126
f 79/379/127 174/380/127 175/381/127
f 175/382/128 176/383/128 165/384/128
f 171/385/129 106/386/129 169/387/129
f 177/388/130 178/389/130 172/390/130
f 179/391/131 180/392/131 181/393/131
f 182/394/132 183/395/132 184/396/132
f 185/397/133 186/398/133 187/399/133
f 188/400/134 189/401/134 190/402/134
f 181/403/135 191/404/135 192/405/135
f 188/406/136 193/407/136 194/408/136
f 195/409/137 196/410/137 197/411/137
f 198/412/138 197/413/138 199/414/138
f 200/415/139 201/416/139 202/417/139
f 200/418/140 203/419/140 204/420/140
f 205/421/141 184/422/141 206/423/141
f 207/424/142 189/425/142 208/426/142
f 204/427/143 209/428/143 179/429/143
f 210/430/144 193/431/144 196/432/144
f 192/433/145 211/434/145 185/435/145
f 212/436/146 206/437/146 201/438/146
f 187/439/147 213/440/147 207/441/147
f 214/442/148 199/443/148 183/444/148
f 180/445/149 209/446/149 215/447/149
f 190/448/150 189/449/150 215/450/150
f 199/451/151 197/452/151 215/453/151
f 189/454/152 213/455/152 215/456/152
f 209/457/153 203/458/153 215/459/153
f 183/460/154 199/461/154 215/462/154
f 211/463/155 191/464/155 215/465/155
f 184/466/156 183/467/156 215/468/156
f 191/469/157 180/470/157 215/471/157
f 186/472/158 211/473/158 215/474/158
f 193/475/159 190/476/159 215/477/159
f 196/478/160 193/479/160 215/480/160
f 197/481/161 196/482/161 215/483/161
f 202/484/162 201/485/162 215/486/162
f 206/487/163 184/488/163 215/489/163
f 203/490/164 202/491/164 215/492/164
f 213/493/165 186/494/165 215/495/165
f 201/496/166 206/497/166 215/498/166
f 216/499/167 217/500/167 218/501/167
f 219/502/168 220/503/168 221/504/168
f 222/505/169 223/506/169 224/507/169
f 225/508/170 224/509/170 226/510/170
f 227/511/171 228/512/171 229/513/171
f 230/514/172 231/515/172 232/516/172
f 233/517/173 216/518/173 218/519/173
f 9/520/174 234/521/174 235/522/174
f 236/523/175 237/524/175 238/525/175
f 239/526/176 240/527/176 236/528/176
f 241/529/177 229/530/177 217/531/177
f 242/532/178 243/533/178 244/534/178
f 245/535/179 232/536/179 231/537/179
f 228/538/180 246/539/180 247/540/180
f 246/541/181 245/542/181 247/543/181
f 226/544/182 219/545/182 225/546/182
f 28/547/183 248/548/183 249/549/183
f 250/550/184 11/551/184 132/552/184
f 239/553/185 251/554/185 252/555/185
f 134/556/186 253/557/186 254/558/186
f 100/559/187 250/560/187 132/561/187
f 11/562/188 248/563/188 44/564/188
f 249/565/189 29/566/189 28/567/189
f 255/568/190 238/569/190 237/570/190
f 256/571/191 31/572/191 257/573/191
f 56/574/192 258/575/192 121/576/192
f 259/577/193 243/578/193 223/579/193
f 48/580/194 260/581/194 261/582/194
f 254/583/195 55/584/195 134/585/195
f 55/586/196 257/587/196 31/588/196
f 129/589/197 262/590/197 35/591/197
f 258/592/198 100/593/198 121/594/198
f 9/595/199 263/596/199 264/597/199
f 8/598/200 261/599/200 263/600/200
f 235/601/201 265/602/201 138/603/201
f 35/604/202 266/605/202 56/606/202
f 171/607/203 267/608/203 107/609/203
f 268/610/204 269/611/204 270/612/204
f 271/613/205 232/614/205 272/615/205
f 172/616/206 273/617/206 177/618/206
f 274/619/207 275/620/207 276/621/207
f 277/622/208 251/623/208 278/624/208
f 107/625/209 279/626/209 105/627/209
f 280/628/210 281/629/210 282/630/210
f 272/631/211 283/632/211 284/633/211
f 166/634/212 285/635/212 286/636/212
f 271/637/213 5/638/213 287/639/213
f 288/640/214 255/641/214 237/642/214
f 158/643/215 289/644/215 170/645/215
f 289/646/216 4/647/216 290/648/216
f 291/649/217 243/650/217 292/651/217
f 173/652/218 286/653/218 280/654/218
f 272/655/219 293/656/219 5/657/219
f 294/658/220 237/659/220 240/660/220
f 149/661/221 295/662/221 147/663/221
f 296/664/222 297/665/222 298/666/222
f 299/667/223 224/668/223 300/669/223
f 147/670/224 301/671/224 158/672/224
f 292/673/225 302/674/225 291/675/225
f 300/676/226 223/677/226 291/678/226
f 303/679/227 241/680/227 216/681/227
f 303/682/228 304/683/228 305/684/228
f 175/685/229 306/686/229 268/687/229
f 220/688/230 307/689/230 308/690/230
f 300/691/231 16/692/231 299/693/231
f 23/694/232 150/695/232 163/696/232
f 309/697/233 310/698/233 227/699/233
f 309/700/234 311/701/234 312/702/234
f 157/703/235 313/704/235 274/705/235
f 314/706/236 216/707/236 255/708/236
f 294/709/237 315/710/237 316/711/237
f 79/712/238 268/713/238 285/714/238
f 240/715/239 277/716/239 294/717/239
f 290/718/240 6/719/240 267/720/240
f 280/721/241 172/722/241 173/723/241
f 305/724/242 227/725/242 241/726/242
f 292/727/243 287/728/243 317/729/243
f 165/730/244 274/731/244 306/732/244
f 230/733/245 292/734/245 243/735/245
f 267/736/246 297/737/246 279/738/246
f 290/739/247 170/740/247 289/741/247
f 310/742/248 318/743/248 246/744/248
f 318/745/249 293/746/249 284/747/249
f 313/748/250 152/749/250 296/750/250
f 268/751/251 319/752/251 285/753/251
f 283/754/252 318/755/252 284/756/252
f 278/757/253 315/758/253 277/759/253
f 289/760/254 320/761/254 321/762/254
f 306/763/255 276/764/255 269/765/255
f 296/766/256 275/767/256 313/768/256
f 314/769/257 322/770/257 323/771/257
f 324/772/258 17/773/258 325/774/258
f 288/775/259 316/776/259 322/777/259
f 308/778/260 18/779/260 326/780/260
f 291/781/261 327/782/261 300/783/261
f 303/784/262 323/785/262 328/786/262
f 305/787/263 329/788/263 309/789/263
f 273/790/264 281/791/264 330/792/264
f 318/793/265 311/794/265 331/795/265
f 285/796/266 332/797/266 286/798/266
f 299/799/267 18/800/267 307/801/267
f 286/802/268 333/803/268 280/804/268
f 279/805/269 152/806/269 105/807/269
f 301/808/270 334/809/270 320/810/270
f 293/811/271 298/812/271 297/813/271
f 226/814/272 307/815/272 335/816/272
f 287/817/273 321/818/273 317/819/273
f 295/820/274 325/821/274 334/822/274
f 311/823/275 298/824/275 331/825/275
f 269/826/276 329/827/276 304/828/276
f 316/829/277 281/830/277 333/831/277
f 319/832/278 328/833/278 323/834/278
f 276/835/279 311/836/279 329/837/279
f 326/838/280 17/839/280 336/840/280
f 270/841/281 304/842/281 328/843/281
f 334/844/282 302/845/282 320/846/282
f 325/847/283 327/848/283 334/849/283
f 333/850/284 322/851/284 316/852/284
f 320/853/285 317/854/285 321/855/285
f 332/856/286 323/857/286 322/858/286
f 6/859/287 293/860/287 297/861/287
f 281/862/288 337/863/288 330/864/288
f 324/865/289 150/866/289 24/867/289
f 1/868/290 51/869/290 2/870/290
f 4/871/291 287/872/291 5/873/291
f 7/874/292 57/875/292 8/876/292
f 10/877/293 132/878/293 11/879/293
f 13/880/294 12/881/294 14/882/294
f 16/883/295 325/884/295 17/885/295
f 19/886/296 7/887/296 20/888/296
f 15/889/297 62/890/297 22/891/297
f 23/892/298 336/893/298 17/894/298
f 15/895/299 14/896/299 25/897/299
f 27/898/300 25/899/300 28/900/300
f 30/901/301 55/902/301 31/903/301
f 33/904/302 53/905/302 10/906/302
f 2/907/303 129/908/303 35/909/303
f 36/910/304 78/911/304 37/912/304
f 39/913/305 27/914/305 40/915/305
f 42/916/306 122/917/306 43/918/306
f 14/919/307 12/920/307 11/921/307
f 45/922/308 113/923/308 46/924/308
f 40/925/309 27/926/309 29/927/309
f 49/928/310 1/929/310 3/930/310
f 51/931/311 58/932/311 32/933/311
f 26/934/312 25/935/312 27/936/312
f 33/937/313 59/938/313 52/939/313
f 54/940/314 57/941/314 7/942/314
f 43/943/315 134/944/315 55/945/315
f 3/946/316 35/947/316 56/948/316
f 19/949/317 45/950/317 47/951/317
f 48/952/318 8/953/318 57/954/318
f 30/955/319 32/956/319 58/957/319
f 50/958/320 52/959/320 59/960/320
f 25/961/321 14/962/321 44/963/321
f 60/964/322 86/965/322 61/966/322
f 63/967/323 131/968/323 38/969/323
f 64/970/324 338/971/324 65/972/324
f 67/973/325 114/974/325 68/975/325
f 70/976/326 168/977/326 71/978/326
f 73/979/327 115/980/327 74/981/327
f 76/982/328 88/983/328 77/984/328
f 79/985/329 166/986/329 80/987/329
f 42/988/330 58/989/330 76/990/330
f 83/991/331 104/992/331 84/993/331
f 82/994/332 76/995/332 78/996/332
f 9/997/333 235/998/333 20/999/333
f 86/1000/334 120/1001/334 70/1002/334
f 39/1003/335 110/1004/335 60/1005/335
f 87/1006/336 77/1007/336 88/1008/336
f 90/1009/337 98/1010/337 85/1011/337
f 51/1012/338 1/1013/338 89/1014/338
f 91/1015/339 75/1016/339 92/1017/339
f 47/1018/340 46/1019/340 91/1020/340
f 46/1021/341 73/1022/341 75/1023/341
f 95/1024/342 22/1025/342 96/1026/342
f 61/1027/343 70/1028/343 72/1029/343
f 98/1030/344 117/1031/344 99/1032/344
f 52/1033/345 121/1034/345 100/1035/345
f 1/1036/346 49/1037/346 101/1038/346
f 102/1039/347 141/1040/347 103/1041/347
f 59/1042/348 33/1043/348 104/1044/348
f 105/1045/349 162/1046/349 106/1047/349
f 62/1048/350 61/1049/350 96/1050/350
f 108/1051/351 82/1052/351 36/1053/351
f 49/1054/352 59/1055/352 83/1056/352
f 94/1057/353 91/1058/353 93/1059/353
f 111/1060/354 63/1061/354 37/1062/354
f 109/1063/355 36/1064/355 38/1065/355
f 113/1066/356 114/1067/356 73/1068/356
f 101/1069/357 83/1070/357 85/1071/357
f 114/1072/358 67/1073/358 115/1074/358
f 116/1075/359 124/1076/359 117/1077/359
f 108/1078/360 109/1079/360 118/1080/360
f 93/1081/361 92/1082/361 120/1083/361
f 50/1084/362 56/1085/362 121/1086/362
f 122/1087/363 42/1088/363 82/1089/363
f 87/1090/364 99/1091/364 117/1092/364
f 41/1093/365 40/1094/365 57/1095/365
f 78/1096/366 77/1097/366 112/1098/366
f 124/1099/367 125/1100/367 123/1101/367
f 89/1102/368 101/1103/368 99/1104/368
f 54/1105/369 47/1106/369 94/1107/369
f 58/1108/370 51/1109/370 88/1110/370
f 109/1111/371 64/1112/371 66/1113/371
f 125/1114/372 111/1115/372 112/1116/372
f 92/1117/373 135/1118/373 126/1119/373
f 77/1120/374 87/1121/374 123/1122/374
f 21/1123/375 127/1124/375 45/1125/375
f 127/1126/376 130/1127/376 113/1128/376
f 41/1129/377 94/1130/377 110/1131/377
f 103/1132/378 116/1133/378 98/1134/378
f 122/1135/379 108/1136/379 119/1137/379
f 110/1138/380 93/1139/380 86/1140/380
f 32/1141/381 31/1142/381 129/1143/381
f 130/1144/382 68/1145/382 114/1146/382
f 26/1147/383 60/1148/383 62/1149/383
f 131/1150/384 338/1151/384 64/1152/384
f 10/1153/385 53/1154/385 100/1155/385
f 43/1156/386 339/1157/386 133/1158/386
f 75/1159/387 74/1160/387 135/1161/387
f 136/1162/388 21/1163/388 20/1164/388
f 13/1165/389 34/1166/389 10/1167/389
f 128/1168/390 339/1169/390 43/1170/390
f 20/1171/391 235/1172/391 138/1173/391
f 97/1174/392 102/1175/392 90/1176/392
f 34/1177/393 95/1178/393 104/1179/393
f 95/1180/394 97/1181/394 84/1182/394
f 127/1183/395 143/1184/395 139/1185/395
f 130/1186/396 139/1187/396 140/1188/396
f 102/1189/397 72/1190/397 71/1191/397
f 68/1192/398 140/1193/398 142/1194/398
f 21/1195/399 136/1196/399 143/1197/399
f 34/1198/400 13/1199/400 22/1200/400
f 97/1201/401 96/1202/401 72/1203/401
f 340/1204/402 341/1205/402 342/1206/402
f 342/1207/403 343/1208/403 344/1209/403
f 341/1210/404 345/1211/404 342/1212/404
f 146/1213/405 346/1214/405 144/1215/405
f 347/1216/406 348/1217/406 349/1218/406
f 349/1219/407 350/1220/407 347/1221/407
f 351/1222/408 352/1223/408 349/1224/408
f 145/1225/409 353/1226/409 146/1227/409
f 354/1228/410 144/1229/410 346/1230/410
f 342/1231/411 344/1232/411 354/1233/411
f 346/1234/412 340/1235/412 354/1236/412
f 349/1237/413 348/1238/413 353/1239/413
f 353/1240/414 351/1241/414 349/1242/414
f 342/1243/415 354/1244/415 340/1245/415
f 348/1246/416 146/1247/416 353/1248/416
f 147/1249/417 161/1250/417 148/1251/417
f 150/1252/418 149/1253/418 148/1254/418
f 152/1255/419 156/1256/419 153/1257/419
f 155/1258/420 153/1259/420 156/1260/420
f 158/1261/421 170/1262/421 159/1263/421
f 158/1264/422 160/1265/422 161/1266/422
f 152/1267/423 154/1268/423 162/1269/423
f 163/1270/424 150/1271/424 151/1272/424
f 165/1273/425 176/1274/425 155/1275/425
f 166/1276/426 173/1277/426 167/1278/426
f 120/1279/427 126/1280/427 168/1281/427
f 169/1282/428 159/1283/428 170/1284/428
f 172/1285/429 178/1286/429 167/1287/429
f 79/1288/430 81/1289/430 174/1290/430
f 175/1291/431 174/1292/431 176/1293/431
f 171/1294/432 107/1295/432 106/1296/432
f 177/1297/433 355/1298/433 178/1299/433
f 179/1300/434 209/1301/434 180/1302/434
f 182/1303/435 214/1304/435 183/1305/435
f 185/1306/436 211/1307/436 186/1308/436
f 188/1309/437 208/1310/437 189/1311/437
f 181/1312/438 180/1313/438 191/1314/438
f 188/1315/439 190/1316/439 193/1317/439
f 195/1318/440 210/1319/440 196/1320/440
f 198/1321/441 195/1322/441 197/1323/441
f 200/1324/442 212/1325/442 201/1326/442
f 200/1327/443 202/1328/443 203/1329/443
f 205/1330/444 182/1331/444 184/1332/444
f 207/1333/445 213/1334/445 189/1335/445
f 204/1336/446 203/1337/446 209/1338/446
f 210/1339/447 194/1340/447 193/1341/447
f 192/1342/448 191/1343/448 211/1344/448
f 212/1345/449 205/1346/449 206/1347/449
f 187/1348/450 186/1349/450 213/1350/450
f 214/1351/451 198/1352/451 199/1353/451
f 216/1354/452 241/1355/452 217/1356/452
f 219/1357/453 335/1358/453 220/1359/453
f 222/1360/454 259/1361/454 223/1362/454
f 225/1363/455 222/1364/455 224/1365/455
f 227/1366/456 310/1367/456 228/1368/456
f 230/1369/457 242/1370/457 231/1371/457
f 233/1372/458 255/1373/458 216/1374/458
f 9/1375/459 264/1376/459 234/1377/459
f 236/1378/460 240/1379/460 237/1380/460
f 239/1381/461 252/1382/461 240/1383/461
f 241/1384/462 227/1385/462 229/1386/462
f 242/1387/463 230/1388/463 243/1389/463
f 245/1390/464 283/1391/464 232/1392/464
f 228/1393/465 310/1394/465 246/1395/465
f 246/1396/466 283/1397/466 245/1398/466
f 226/1399/467 335/1400/467 219/1401/467
f 28/1402/468 44/1403/468 248/1404/468
f 250/1405/469 356/1406/469 11/1407/469
f 239/1408/470 357/1409/470 251/1410/470
f 134/1411/471 133/1412/471 253/1413/471
f 100/1414/472 358/1415/472 250/1416/472
f 11/1417/473 356/1418/473 248/1419/473
f 249/1420/474 260/1421/474 29/1422/474
f 255/1423/475 233/1424/475 238/1425/475
f 256/1426/476 129/1427/476 31/1428/476
f 56/1429/477 266/1430/477 258/1431/477
f 259/1432/478 244/1433/478 243/1434/478
f 48/1435/479 29/1436/479 260/1437/479
f 254/1438/480 359/1439/480 55/1440/480
f 55/1441/481 359/1442/481 257/1443/481
f 129/1444/482 256/1445/482 262/1446/482
f 258/1447/483 358/1448/483 100/1449/483
f 9/1450/484 8/1451/484 263/1452/484
f 8/1453/485 48/1454/485 261/1455/485
f 235/1456/486 234/1457/486 265/1458/486
f 35/1459/487 262/1460/487 266/1461/487
f 171/1462/488 290/1463/488 267/1464/488
f 268/1465/489 306/1466/489 269/1467/489
f 271/1468/490 230/1469/490 232/1470/490
f 172/1471/491 282/1472/491 273/1473/491
f 274/1474/492 313/1475/492 275/1476/492
f 277/1477/493 252/1478/493 251/1479/493
f 107/1480/494 267/1481/494 279/1482/494
f 280/1483/495 333/1484/495 281/1485/495
f 272/1486/496 232/1487/496 283/1488/496
f 166/1489/497 79/1490/497 285/1491/497
f 271/1492/498 272/1493/498 5/1494/498
f 288/1495/499 314/1496/499 255/1497/499
f 158/1498/500 301/1499/500 289/1500/500
f 289/1501/501 321/1502/501 4/1503/501
f 291/1504/502 223/1505/502 243/1506/502
f 173/1507/503 166/1508/503 286/1509/503
f 272/1510/504 284/1511/504 293/1512/504
f 294/1513/505 288/1514/505 237/1515/505
f 149/1516/506 324/1517/506 295/1518/506
f 296/1519/507 279/1520/507 297/1521/507
f 299/1522/508 226/1523/508 224/1524/508
f 147/1525/509 295/1526/509 301/1527/509
f 292/1528/510 317/1529/510 302/1530/510
f 300/1531/511 224/1532/511 223/1533/511
f 303/1534/512 305/1535/512 241/1536/512
f 303/1537/513 328/1538/513 304/1539/513
f 175/1540/514 165/1541/514 306/1542/514
f 220/1543/515 335/1544/515 307/1545/515
f 300/1546/516 327/1547/516 16/1548/516
f 23/1549/517 24/1550/517 150/1551/517
f 309/1552/518 312/1553/518 310/1554/518
f 309/1555/519 329/1556/519 311/1557/519
f 157/1558/520 156/1559/520 313/1560/520
f 314/1561/521 303/1562/521 216/1563/521
f 294/1564/522 277/1565/522 315/1566/522
f 79/1567/523 175/1568/523 268/1569/523
f 240/1570/524 252/1571/524 277/1572/524
f 290/1573/525 4/1574/525 6/1575/525
f 280/1576/526 282/1577/526 172/1578/526
f 305/1579/527 309/1580/527 227/1581/527
f 292/1582/528 271/1583/528 287/1584/528
f 165/1585/529 157/1586/529 274/1587/529
f 230/1588/530 271/1589/530 292/1590/530
f 267/1591/531 6/1592/531 297/1593/531
f 290/1594/532 171/1595/532 170/1596/532
f 310/1597/533 312/1598/533 318/1599/533
f 318/1600/534 331/1601/534 293/1602/534
f 313/1603/535 156/1604/535 152/1605/535
f 268/1606/536 270/1607/536 319/1608/536
f 283/1609/537 246/1610/537 318/1611/537
f 278/1612/538 337/1613/538 315/1614/538
f 289/1615/539 301/1616/539 320/1617/539
f 306/1618/540 274/1619/540 276/1620/540
f 296/1621/541 298/1622/541 275/1623/541
f 314/1624/542 288/1625/542 322/1626/542
f 324/1627/543 24/1628/543 17/1629/543
f 288/1630/544 294/1631/544 316/1632/544
f 308/1633/545 307/1634/545 18/1635/545
f 291/1636/546 302/1637/546 327/1638/546
f 303/1639/547 314/1640/547 323/1641/547
f 305/1642/548 304/1643/548 329/1644/548
f 273/1645/549 282/1646/549 281/1647/549
f 318/1648/550 312/1649/550 311/1650/550
f 285/1651/551 319/1652/551 332/1653/551
f 299/1654/552 16/1655/552 18/1656/552
f 286/1657/553 332/1658/553 333/1659/553
f 279/1660/554 296/1661/554 152/1662/554
f 301/1663/555 295/1664/555 334/1665/555
f 293/1666/556 331/1667/556 298/1668/556
f 226/1669/557 299/1670/557 307/1671/557
f 287/1672/558 4/1673/558 321/1674/558
f 295/1675/559 324/1676/559 325/1677/559
f 311/1678/560 275/1679/560 298/1680/560
f 269/1681/561 276/1682/561 329/1683/561
f 316/1684/562 315/1685/562 281/1686/562
f 319/1687/563 270/1688/563 328/1689/563
f 276/1690/564 275/1691/564 311/1692/564
f 326/1693/565 18/1694/565 17/1695/565
f 270/1696/566 269/1697/566 304/1698/566
f 334/1699/567 327/1700/567 302/1701/567
f 325/1702/568 16/1703/568 327/1704/568
f 333/1705/569 332/1706/569 322/1707/569
f 320/1708/570 302/1709/570 317/1710/570
f 332/1711/571 319/1712/571 323/1713/571
f 6/1714/572 5/1715/572 293/1716/572
f 281/1717/573 315/1718/573 337/1719/573
f 324/1720/574 149/1721/574 150/1722/574